l1_block,l1_timestamp,l1_time_utc,poster_nonce
25903915,1788524411,2026-09-04T12:20:11Z,190761
25903927,1788524555,2026-09-04T12:22:35Z,190772
25903939,1788524699,2026-09-04T12:24:59Z,190788
25903951,1788524843,2026-09-04T12:27:23Z,190804
25903963,1788524987,2026-09-04T12:29:47Z,190818
25903975,1788525131,2026-09-04T12:32:11Z,190818
25903987,1788525275,2026-09-04T12:34:35Z,190818
25903999,1788525419,2026-09-04T12:36:59Z,190818
25904011,1788525563,2026-09-04T12:39:23Z,190819
25904023,1788525707,2026-09-04T12:41:47Z,190826
25904035,1788525851,2026-09-04T12:44:11Z,190840
25904047,1788525995,2026-09-04T12:46:35Z,190840
25904059,1788526139,2026-09-04T12:48:59Z,190853
