l1_timestamp,l1_time_utc,posting_delay_newest_s,messages_in_batch,batch_sequence,max_fee_per_blob_gas_wei,max_fee_per_gas_wei,blobs,nonce
1788526895,2026-09-04T13:01:35Z,607,208,190948,895620460,14355021450,3,
1788527015,2026-09-04T13:03:35Z,437,312,190958,895620230,14283330120,3,
1788527135,2026-09-04T13:05:35Z,378,283,190965,671559310,11522270170,3,
1788527267,2026-09-04T13:07:47Z,307,226,190973,609344950,9505850390,3,
1788527423,2026-09-04T13:10:23Z,248,189,190982,542653480,9149589070,3,
1788527555,2026-09-04T13:12:35Z,268,106,190992,542653340,8194215160,3,
1788527675,2026-09-04T13:14:35Z,226,139,191002,565438240,9318643530,3,
1788527795,2026-09-04T13:16:35Z,154,176,191012,507332070,7388820260,3,
1788527915,2026-09-04T13:18:35Z,46,136,191023,476086830,8115724710,3,
1788528035,2026-09-04T13:20:35Z,34,110,191031,496076660,7985041640,3,
1788528167,2026-09-04T13:22:47Z,80,125,191038,470775920,7719814610,3,
1788528287,2026-09-04T13:24:47Z,100,108,191047,499800140,8478391280,3,
1788528407,2026-09-04T13:26:47Z,132,108,191055,516905680,8134111260,3,
1788528539,2026-09-04T13:28:59Z,169,116,191063,448439110,6577216460,3,
1788528683,2026-09-04T13:31:23Z,223,87,191071,405376360,7516145750,3,
1788528815,2026-09-04T13:33:35Z,265,111,191079,423979630,7122105380,3,
1788529031,2026-09-04T13:37:11Z,383,98,191088,467268030,7723129790,3,
1788529151,2026-09-04T13:39:11Z,382,86,191101,582606690,10086983560,3,
1788529271,2026-09-04T13:41:11Z,366,107,191115,642090890,10511214870,3,
1788529391,2026-09-04T13:43:11Z,329,102,191131,578265860,9708687870,3,
1788529559,2026-09-04T13:45:59Z,339,101,191145,561224180,9096662750,3,
1788529691,2026-09-04T13:48:11Z,406,109,191151,530613170,9321933830,3,
1788529811,2026-09-04T13:50:11Z,322,97,191169,661587590,9261920120,3,
1788529931,2026-09-04T13:52:11Z,274,124,191184,550828940,8492274330,3,
1788530051,2026-09-04T13:54:11Z,257,133,191195,367821100,6559618800,3,
1788530183,2026-09-04T13:56:23Z,271,136,191204,435222760,6712419700,3,
1788530339,2026-09-04T13:58:59Z,308,131,191213,286309600,4759072850,3,
1788530459,2026-09-04T14:00:59Z,282,125,191224,275801690,5075844570,3,
1788530579,2026-09-04T14:02:59Z,294,133,191232,288458600,4283344220,3,
1788530699,2026-09-04T14:04:59Z,321,121,191239,289539170,5118842950,3,
1788530819,2026-09-04T14:06:59Z,301,100,191250,262715760,4334074000,3,
1788530939,2026-09-04T14:08:59Z,305,102,191261,260758410,4496635440,3,
1788531059,2026-09-04T14:10:59Z,296,99,191273,258815620,4326084050,3,
1788531179,2026-09-04T14:12:59Z,296,132,191283,241969370,3978379320,3,
1788531335,2026-09-04T14:15:35Z,346,125,191291,221200960,3814666200,3,
1788531467,2026-09-04T14:17:47Z,312,116,191305,237487530,4167719390,3,
1788531587,2026-09-04T14:19:47Z,256,132,191320,210705680,3604265480,3,
1788531707,2026-09-04T14:21:47Z,286,117,191328,188347320,3974752130,3,
1788531827,2026-09-04T14:23:47Z,289,95,191342,224534010,3818639060,3,
1788531959,2026-09-04T14:25:59Z,243,158,191355,193342130,3247089840,3,
1788532079,2026-09-04T14:27:59Z,238,137,191364,194793360,3228769360,3,
1788532199,2026-09-04T14:29:59Z,281,105,191372,180082880,3071552860,3,
1788532319,2026-09-04T14:31:59Z,267,114,191385,256886820,4186596740,3,
1788532439,2026-09-04T14:33:59Z,258,101,191396,266673990,4529471030,3,
1788532559,2026-09-04T14:35:59Z,282,125,191404,237487080,4273768730,3,
1788532679,2026-09-04T14:37:59Z,269,127,191415,206030770,4015366750,3,
1788532799,2026-09-04T14:39:59Z,279,120,191424,254972700,4327598730,3,
1788532919,2026-09-04T14:41:59Z,262,110,191436,243784970,4100686630,3,
1788533039,2026-09-04T14:43:59Z,280,95,191445,204495660,4109185270,3,
1788533159,2026-09-04T14:45:59Z,298,120,191454,237486880,4304804160,3,
1788533315,2026-09-04T14:48:35Z,328,98,191465,254972590,4042313130,3,
1788533483,2026-09-04T14:51:23Z,358,124,191477,241968580,4512223950,3,
1788533615,2026-09-04T14:53:35Z,313,109,191494,290622610,4736383130,3,
1788533735,2026-09-04T14:55:35Z,271,115,191510,244698000,4067276570,3,
1788533855,2026-09-04T14:57:35Z,239,183,191524,261734130,4152389000,3,
1788533975,2026-09-04T14:59:35Z,275,112,191531,174775390,2977677750,3,
1788534095,2026-09-04T15:01:35Z,254,152,191540,209918550,3592850580,3,
1788534215,2026-09-04T15:03:35Z,271,91,191547,189052240,3109411080,3,
1788534335,2026-09-04T15:05:35Z,299,128,191554,199958640,2939867650,3,
1788534467,2026-09-04T15:07:47Z,315,96,191565,177408980,2853702510,3,
1788534611,2026-09-04T15:10:11Z,306,103,191579,187643650,3266309050,3,
1788534743,2026-09-04T15:12:23Z,261,155,191593,202971660,3163044510,3,
1788534863,2026-09-04T15:14:23Z,296,83,191600,143355250,2803117360,3,
1788534995,2026-09-04T15:16:35Z,285,118,191612,186245490,3025537760,3,
1788535115,2026-09-04T15:18:35Z,262,133,191623,155065470,2557791730,3,
1788535235,2026-09-04T15:20:35Z,263,123,191634,171537880,2267587800,3,
1788535355,2026-09-04T15:22:35Z,259,92,191647,176746570,2790822710,3,
1788535475,2026-09-04T15:24:35Z,240,106,191657,170259740,2701608890,3,
1788535595,2026-09-04T15:26:35Z,280,137,191663,174774910,3191386400,3,
1788535715,2026-09-04T15:28:35Z,267,179,191672,206801660,3653504630,3,
1788535835,2026-09-04T15:30:35Z,295,99,191679,207576300,3472732170,3,
1788535955,2026-09-04T15:32:35Z,291,88,191688,223694610,3474018550,3,
1788536075,2026-09-04T15:34:35Z,278,144,191696,183480240,2952858880,3,
1788536207,2026-09-04T15:36:47Z,349,63,191703,163398740,2452354400,3,
1788536327,2026-09-04T15:38:47Z,268,103,191720,141755810,2501523940,3,
1788536447,2026-09-04T15:40:47Z,286,128,191729,100119590,1877982940,3,
1788536567,2026-09-04T15:42:47Z,240,129,191741,119802450,2117712290,3,
1788536699,2026-09-04T15:44:59Z,267,136,191749,118023920,1912718230,3,
1788536819,2026-09-04T15:46:59Z,266,104,191757,113267980,1835196410,3,
1788536939,2026-09-04T15:48:59Z,294,162,191764,93953430,1473340080,3,
1788537071,2026-09-04T15:51:11Z,287,129,191772,105106410,1714506380,3,
1788537191,2026-09-04T15:53:11Z,311,128,191780,112845180,1737719790,3,
1788537311,2026-09-04T15:55:11Z,314,118,191790,95013220,1577432130,3,
1788537431,2026-09-04T15:57:11Z,276,109,191804,83670380,1416599580,3,
1788537551,2026-09-04T15:59:11Z,263,85,191817,78224290,1362147640,3,
1788537671,2026-09-04T16:01:11Z,254,111,191826,66606150,1272728680,3,
1788537791,2026-09-04T16:03:11Z,281,128,191835,74234710,1409939620,3,
1788537911,2026-09-04T16:05:11Z,306,102,191844,87510090,1493928120,3,
1788538031,2026-09-04T16:07:11Z,290,102,191854,99745690,1601444130,3,
1788538151,2026-09-04T16:09:11Z,253,111,191866,93953250,1547611370,3,
1788538319,2026-09-04T16:11:59Z,350,138,191872,85568610,1561846570,3,
1788538439,2026-09-04T16:13:59Z,295,177,191885,86210900,1722505820,3,
1788538559,2026-09-04T16:15:59Z,283,128,191895,110341460,1970251800,3,
1788538679,2026-09-04T16:17:59Z,285,123,191905,114545360,1939324400,3,
1788538799,2026-09-04T16:19:59Z,285,118,191915,92905120,1616439490,3,
1788538919,2026-09-04T16:21:59Z,281,121,191925,97168660,1590692270,3,
1788539051,2026-09-04T16:24:11Z,270,123,191938,86210800,1337105370,3,
1788539171,2026-09-04T16:26:11Z,279,121,191946,81508580,1221083210,3,
1788539291,2026-09-04T16:28:11Z,265,165,191955,81204360,1257675370,3,
1788539471,2026-09-04T16:31:11Z,337,153,191963,71777920,1184209960,3,
1788539603,2026-09-04T16:33:23Z,315,143,191973,80599320,1443921710,3,
1788539747,2026-09-04T16:35:47Z,358,145,191979,81813850,1386480230,3,
1788539867,2026-09-04T16:37:47Z,332,124,191991,74512560,1280569580,3,
1788539999,2026-09-04T16:39:59Z,301,116,191999,70712290,1278274080,3,
1788540119,2026-09-04T16:41:59Z,357,150,192005,76488570,1220281500,3,
1788540239,2026-09-04T16:43:59Z,329,112,192017,73681360,1251147370,3,
1788540371,2026-09-04T16:46:11Z,322,111,192029,66357290,1154735760,3,
1788540491,2026-09-04T16:48:11Z,277,91,192043,78811110,1434633700,3,
1788540611,2026-09-04T16:50:11Z,290,123,192052,76488530,1564937110,3,
1788540743,2026-09-04T16:52:23Z,277,136,192063,76488510,1465776260,3,
1788540863,2026-09-04T16:54:23Z,299,93,192072,90843760,1487973980,3,
1788540983,2026-09-04T16:56:23Z,271,101,192085,91184070,1567947920,3,
1788541103,2026-09-04T16:58:23Z,244,128,192096,69662470,1214643460,3,
1788541223,2026-09-04T17:00:23Z,248,141,192104,70712200,1148191720,3,
1788541343,2026-09-04T17:02:23Z,262,147,192112,55248130,1207782610,3,
1788541463,2026-09-04T17:04:23Z,271,144,192120,75918580,1273009520,3,
1788541595,2026-09-04T17:06:35Z,298,149,192129,76202970,1292643540,3,
1788541715,2026-09-04T17:08:35Z,288,144,192138,68885340,1235328950,3,
1788541835,2026-09-04T17:10:35Z,296,136,192146,69402400,1317645220,3,
1788541955,2026-09-04T17:12:35Z,302,110,192155,79998570,1341976270,3,
1788542075,2026-09-04T17:14:35Z,293,126,192165,69923330,1244612200,3,
1788542195,2026-09-04T17:16:35Z,289,122,192175,68372060,1168104560,3,
1788542327,2026-09-04T17:18:47Z,267,147,192189,66855220,1091803740,3,
1788542447,2026-09-04T17:20:47Z,241,142,192201,57999930,985516470,3,
1788542603,2026-09-04T17:23:23Z,299,117,192209,65616900,1010229670,3,
1788542723,2026-09-04T17:25:23Z,267,89,192222,60888850,1202723640,3,
1788542867,2026-09-04T17:27:47Z,312,142,192230,79699900,1272543620,3,
1788542999,2026-09-04T17:29:59Z,278,121,192242,79402420,1347912390,3,
1788543119,2026-09-04T17:31:59Z,291,162,192251,90504420,1468111770,3,
1788543239,2026-09-04T17:33:59Z,265,116,192264,66605610,1219437590,3,
1788543359,2026-09-04T17:35:59Z,241,135,192281,63921650,1048022590,3,
1788543491,2026-09-04T17:38:11Z,228,139,192293,59984880,892490200,3,
1788543611,2026-09-04T17:40:11Z,242,122,192301,54427780,892433350,3,
1788543743,2026-09-04T17:42:23Z,276,100,192309,52234530,1020809960,3,
1788543863,2026-09-04T17:44:23Z,286,110,192318,63921600,1123334360,3,
1788543983,2026-09-04T17:46:23Z,267,112,192330,51267020,869320430,3,
1788544103,2026-09-04T17:48:23Z,251,110,192343,50885040,744793820,3,
1788544223,2026-09-04T17:50:23Z,252,136,192352,49570450,773933750,3,
1788544343,2026-09-04T17:52:23Z,269,109,192360,46343930,735684920,3,
1788544487,2026-09-04T17:54:47Z,312,116,192368,53419590,936698220,3,
1788544619,2026-09-04T17:56:59Z,288,117,192381,51075640,927405180,3,
1788544739,2026-09-04T17:58:59Z,271,131,192392,52823680,869316410,3,
1788544883,2026-09-04T18:01:23Z,283,131,192403,53220190,894076120,3,
1788545015,2026-09-04T18:03:35Z,290,136,192412,54836200,960909620,3,
1788545147,2026-09-04T18:05:47Z,311,125,192420,61806170,1093871190,3,
1788545267,2026-09-04T18:07:47Z,309,127,192429,66605420,1045533080,3,
1788545399,2026-09-04T18:09:59Z,307,135,192440,61806150,1106518980,3,
1788545519,2026-09-04T18:11:59Z,289,149,192450,55041600,875945120,3,
1788545651,2026-09-04T18:14:11Z,305,100,192458,51266900,821621740,3,
1788545783,2026-09-04T18:16:23Z,309,123,192468,46691710,765141620,3,
1788545903,2026-09-04T18:18:23Z,285,135,192480,45655840,764040130,3,
1788546035,2026-09-04T18:20:35Z,277,137,192491,49385330,829395580,3,
1788546167,2026-09-04T18:22:47Z,288,141,192500,55041560,942319760,3,
1788546287,2026-09-04T18:24:47Z,296,127,192508,51266870,861933170,3,
1788546407,2026-09-04T18:26:47Z,297,135,192517,46343800,771175720,3,
1788546527,2026-09-04T18:28:47Z,313,124,192525,36754490,668521850,3,
1788546647,2026-09-04T18:30:47Z,271,140,192539,39460650,693646480,3,
1788546779,2026-09-04T18:32:59Z,268,126,192550,45655800,821807680,3,
1788546899,2026-09-04T18:34:59Z,277,102,192560,41271560,659007130,3,
1788547031,2026-09-04T18:37:11Z,272,124,192571,39460630,716833180,3,
1788547151,2026-09-04T18:39:11Z,267,137,192580,38012380,694580860,3,
1788547283,2026-09-04T18:41:23Z,291,133,192588,40811160,707219030,3,
1788547415,2026-09-04T18:43:35Z,306,137,192597,42524740,706785810,3,
1788547547,2026-09-04T18:45:47Z,319,148,192605,51075440,915549030,3,
1788547679,2026-09-04T18:47:59Z,337,133,192613,55662340,855496920,3,
1788547799,2026-09-04T18:49:59Z,309,149,192624,37588320,704247990,3,
1788547919,2026-09-04T18:51:59Z,305,150,192633,42050340,765578910,3,
1788548051,2026-09-04T18:54:11Z,291,176,192642,41581280,728189130,3,
1788548183,2026-09-04T18:56:23Z,299,137,192651,36344410,667569490,3,
1788548315,2026-09-04T18:58:35Z,309,146,192659,34233820,677146040,3,
1788548423,2026-09-04T19:00:23Z,297,153,,,,3,192666
1788548555,2026-09-04T19:02:35Z,320,126,,,,3,192675
1788548687,2026-09-04T19:04:47Z,294,144,,,,3,192687
1788548807,2026-09-04T19:06:47Z,287,130,,,,3,192696
1788548939,2026-09-04T19:08:59Z,296,127,,,,3,192706
1788549071,2026-09-04T19:11:11Z,285,120,,,,3,192717
1788549191,2026-09-04T19:13:11Z,273,131,,,,3,192728
1788549311,2026-09-04T19:15:11Z,289,119,,,,3,192736
1788549443,2026-09-04T19:17:23Z,281,113,,,,3,192748
1788549563,2026-09-04T19:19:23Z,270,122,,,,3,192759
1788549695,2026-09-04T19:21:35Z,295,143,,,,3,192767
1788549815,2026-09-04T19:23:35Z,288,122,,,,3,192777
1788549935,2026-09-04T19:25:35Z,255,127,,,,3,192790
1788550055,2026-09-04T19:27:35Z,267,146,,,,3,192797
1788550175,2026-09-04T19:29:35Z,293,127,,,,3,192804
1788550307,2026-09-04T19:31:47Z,304,151,,,,3,192812
1788550427,2026-09-04T19:33:47Z,306,145,,,,3,192821
1788550547,2026-09-04T19:35:47Z,287,105,,,,3,192832
1788550667,2026-09-04T19:37:47Z,279,128,,,,3,192842
1788550787,2026-09-04T19:39:47Z,272,162,,,,3,192852
1788550907,2026-09-04T19:41:47Z,287,118,,,,3,192861
1788551039,2026-09-04T19:43:59Z,244,164,,,,3,192876
1788551159,2026-09-04T19:45:59Z,234,117,,,,3,192886
1788551279,2026-09-04T19:47:59Z,245,95,,,,3,192895
1788551411,2026-09-04T19:50:11Z,238,99,,,,3,192910
1788551531,2026-09-04T19:52:11Z,228,105,,,,3,192922
1788551651,2026-09-04T19:54:11Z,263,80,,,,3,192930
1788551771,2026-09-04T19:56:11Z,229,94,,,,3,192946
1788551891,2026-09-04T19:58:11Z,232,109,,,,3,192958
1788552023,2026-09-04T20:00:23Z,252,112,,,,3,192968
1788552143,2026-09-04T20:02:23Z,274,93,,,,3,192977
1788552263,2026-09-04T20:04:23Z,247,77,,,,3,192993
1788552383,2026-09-04T20:06:23Z,228,91,,,,3,193009
1788552503,2026-09-04T20:08:23Z,238,105,,,,3,193019
1788552623,2026-09-04T20:10:23Z,219,128,,,,3,193030
1788552743,2026-09-04T20:12:23Z,191,139,,,,3,193041
1788552863,2026-09-04T20:14:23Z,161,150,,,,3,193052
1788552995,2026-09-04T20:16:35Z,147,107,,,,3,193064
1788553115,2026-09-04T20:18:35Z,143,117,,,,3,193076
1788553235,2026-09-04T20:20:35Z,122,130,,,,3,193087
1788553355,2026-09-04T20:22:35Z,71,154,,,,3,193098
1788553487,2026-09-04T20:24:47Z,23,276,,,,3,193108
1788553607,2026-09-04T20:26:47Z,24,120,,,,3,193118
1788553727,2026-09-04T20:28:47Z,31,148,,,,3,193126
1788553847,2026-09-04T20:30:47Z,26,127,,,,3,193136
1788553967,2026-09-04T20:32:47Z,21,125,,,,3,193146
1788554087,2026-09-04T20:34:47Z,30,134,,,,3,193155
1788554207,2026-09-04T20:36:47Z,19,97,,,,3,193166
1788554327,2026-09-04T20:38:47Z,28,133,,,,3,193175
1788554447,2026-09-04T20:40:47Z,27,131,,,,3,193184
1788554567,2026-09-04T20:42:47Z,41,125,,,,3,193192
1788554699,2026-09-04T20:44:59Z,20,171,,,,3,193202
1788554819,2026-09-04T20:46:59Z,24,120,,,,3,193211
1788554939,2026-09-04T20:48:59Z,18,156,,,,3,193221
1788555059,2026-09-04T20:50:59Z,28,148,,,,3,193229
1788555179,2026-09-04T20:52:59Z,24,118,,,,3,193239
1788555311,2026-09-04T20:55:11Z,27,149,,,,3,193249
1788555443,2026-09-04T20:57:23Z,32,142,,,,3,193258
1788555563,2026-09-04T20:59:23Z,23,113,,,,3,193268
1788555683,2026-09-04T21:01:23Z,22,115,,,,3,193279
1788555803,2026-09-04T21:03:23Z,27,125,,,,3,193289
1788555935,2026-09-04T21:05:35Z,30,120,,,,3,193299
1788556055,2026-09-04T21:07:35Z,28,110,,,,3,193309
1788556175,2026-09-04T21:09:35Z,30,101,,,,3,193319
1788556295,2026-09-04T21:11:35Z,27,95,,,,3,193331
1788556415,2026-09-04T21:13:35Z,25,105,,,,3,193342
1788556535,2026-09-04T21:15:35Z,22,141,,,,3,193352
1788556667,2026-09-04T21:17:47Z,23,137,,,,3,193362
1788556787,2026-09-04T21:19:47Z,45,99,,,,3,193370
1788556907,2026-09-04T21:21:47Z,51,125,,,,3,193379
1788557027,2026-09-04T21:23:47Z,22,128,,,,3,193391
1788557171,2026-09-04T21:26:11Z,42,127,,,,3,193401
1788557291,2026-09-04T21:28:11Z,23,131,,,,3,193411
1788557411,2026-09-04T21:30:11Z,20,113,,,,3,193421
1788557531,2026-09-04T21:32:11Z,23,108,,,,3,193431
1788557651,2026-09-04T21:34:11Z,23,125,,,,3,193441
1788557783,2026-09-04T21:36:23Z,36,119,,,,3,193451
1788557903,2026-09-04T21:38:23Z,21,95,,,,3,193463
1788558023,2026-09-04T21:40:23Z,28,122,,,,3,193473
1788558143,2026-09-04T21:42:23Z,23,123,,,,3,193483
1788558263,2026-09-04T21:44:23Z,29,98,,,,3,193493
1788558383,2026-09-04T21:46:23Z,20,121,,,,3,193505
1788558503,2026-09-04T21:48:23Z,27,108,,,,3,193514
1788558623,2026-09-04T21:50:23Z,17,103,,,,3,193526
1788558743,2026-09-04T21:52:23Z,27,107,,,,3,193536
1788558875,2026-09-04T21:54:35Z,30,112,,,,3,193548
1788558995,2026-09-04T21:56:35Z,23,109,,,,3,193560
1788559115,2026-09-04T21:58:35Z,26,123,,,,3,193570
1788559235,2026-09-04T22:00:35Z,33,161,,,,3,193579
1788559355,2026-09-04T22:02:35Z,30,127,,,,3,193591
1788559475,2026-09-04T22:04:35Z,29,107,,,,3,193601
1788559595,2026-09-04T22:06:35Z,20,111,,,,3,193613
1788559715,2026-09-04T22:08:35Z,26,129,,,,3,193622
1788559835,2026-09-04T22:10:35Z,22,125,,,,3,193632
1788559955,2026-09-04T22:12:35Z,23,115,,,,3,193642
1788560075,2026-09-04T22:14:35Z,22,116,,,,3,193652
1788560207,2026-09-04T22:16:47Z,24,145,,,,3,193662
1788560327,2026-09-04T22:18:47Z,24,131,,,,3,193670
1788560447,2026-09-04T22:20:47Z,31,141,,,,3,193678
1788560567,2026-09-04T22:22:47Z,23,130,,,,3,193688
1788560687,2026-09-04T22:24:47Z,25,98,,,,3,193698
1788560807,2026-09-04T22:26:47Z,25,83,,,,3,193710
1788560927,2026-09-04T22:28:47Z,20,144,,,,3,193720
1788561047,2026-09-04T22:30:47Z,22,134,,,,3,193729
1788561167,2026-09-04T22:32:47Z,17,129,,,,3,193739
1788561287,2026-09-04T22:34:47Z,26,167,,,,3,193747
1788561407,2026-09-04T22:36:47Z,31,96,,,,3,193757
1788561527,2026-09-04T22:38:47Z,27,102,,,,3,193768
1788561647,2026-09-04T22:40:47Z,24,127,,,,3,193778
1788561767,2026-09-04T22:42:47Z,22,123,,,,3,193788
1788561887,2026-09-04T22:44:47Z,26,153,,,,3,193797
1788562007,2026-09-04T22:46:47Z,23,137,,,,3,193807
1788562127,2026-09-04T22:48:47Z,28,133,,,,3,193816
1788562247,2026-09-04T22:50:47Z,21,135,,,,3,193825
1788562367,2026-09-04T22:52:47Z,23,144,,,,3,193833
1788562487,2026-09-04T22:54:47Z,22,131,,,,3,193842
1788562607,2026-09-04T22:56:47Z,23,116,,,,3,193851
1788562727,2026-09-04T22:58:47Z,39,67,,,,3,193861
1788562859,2026-09-04T23:00:59Z,52,98,,,,3,193872
1788562979,2026-09-04T23:02:59Z,17,137,,,,3,193884
1788563099,2026-09-04T23:04:59Z,24,151,,,,3,193892
1788563219,2026-09-04T23:06:59Z,18,117,,,,3,193901
1788563339,2026-09-04T23:08:59Z,23,125,,,,3,193909
1788563459,2026-09-04T23:10:59Z,20,124,,,,3,193918
1788563579,2026-09-04T23:12:59Z,21,122,,,,3,193927
1788563699,2026-09-04T23:14:59Z,22,113,,,,3,193937
1788563819,2026-09-04T23:16:59Z,21,141,,,,3,193946
1788563939,2026-09-04T23:18:59Z,27,145,,,,3,193954
1788564059,2026-09-04T23:20:59Z,21,100,,,,3,193963
1788564179,2026-09-04T23:22:59Z,18,135,,,,3,193973
1788564299,2026-09-04T23:24:59Z,24,123,,,,3,193983
1788564419,2026-09-04T23:26:59Z,19,161,,,,3,193992
1788564551,2026-09-04T23:29:11Z,26,147,,,,3,194001
1788564671,2026-09-04T23:31:11Z,47,56,,,,3,194012
1788564791,2026-09-04T23:33:11Z,73,142,,,,3,194024
1788564911,2026-09-04T23:35:11Z,67,125,,,,3,194035
1788565031,2026-09-04T23:37:11Z,69,116,,,,3,194045
1788565151,2026-09-04T23:39:11Z,71,118,,,,3,194056
1788565271,2026-09-04T23:41:11Z,84,124,,,,3,194066
1788565391,2026-09-04T23:43:11Z,74,122,,,,3,194076
1788565511,2026-09-04T23:45:11Z,81,108,,,,3,194086
1788565631,2026-09-04T23:47:11Z,83,125,,,,3,194096
1788565751,2026-09-04T23:49:11Z,88,87,,,,3,194108
1788565871,2026-09-04T23:51:11Z,94,111,,,,3,194119
1788565991,2026-09-04T23:53:11Z,93,114,,,,3,194130
1788566111,2026-09-04T23:55:11Z,99,95,,,,3,194141
1788566231,2026-09-04T23:57:11Z,112,103,,,,3,194152
1788566351,2026-09-04T23:59:11Z,131,92,,,,3,194161
1788566471,2026-09-05T00:01:11Z,131,84,,,,3,194174
1788566591,2026-09-05T00:03:11Z,146,95,,,,3,194184
1788566723,2026-09-05T00:05:23Z,183,92,,,,3,194196
1788566855,2026-09-05T00:07:35Z,187,107,,,,3,194208
1788566975,2026-09-05T00:09:35Z,167,105,,,,3,194220
1788567095,2026-09-05T00:11:35Z,176,111,,,,3,194231
1788567215,2026-09-05T00:13:35Z,185,148,,,,3,194243
1788567335,2026-09-05T00:15:35Z,185,99,,,,3,194254
1788567455,2026-09-05T00:17:35Z,207,82,,,,3,194265
1788567575,2026-09-05T00:19:35Z,197,132,,,,3,194277
1788567695,2026-09-05T00:21:35Z,175,148,,,,3,194288
1788567815,2026-09-05T00:23:35Z,156,112,,,,3,194299
1788567935,2026-09-05T00:25:35Z,141,172,,,,3,194310
1788568055,2026-09-05T00:27:35Z,153,89,,,,3,194321
1788568175,2026-09-05T00:29:35Z,133,114,,,,3,194333
1788568295,2026-09-05T00:31:35Z,111,181,,,,3,194344
1788568415,2026-09-05T00:33:35Z,95,126,,,,3,194355
1788568535,2026-09-05T00:35:35Z,69,118,,,,3,194367
1788568655,2026-09-05T00:37:35Z,48,135,,,,3,194378
1788568775,2026-09-05T00:39:35Z,23,125,,,,3,194389
1788568895,2026-09-05T00:41:35Z,24,126,,,,3,194398
1788569015,2026-09-05T00:43:35Z,27,150,,,,3,194407
1788569135,2026-09-05T00:45:35Z,22,125,,,,3,194418
1788569255,2026-09-05T00:47:35Z,25,142,,,,3,194427
1788569375,2026-09-05T00:49:35Z,21,146,,,,3,194436
1788569495,2026-09-05T00:51:35Z,25,139,,,,3,194444
1788569627,2026-09-05T00:53:47Z,29,173,,,,3,194452
1788569759,2026-09-05T00:55:59Z,28,146,,,,3,194460
1788569891,2026-09-05T00:58:11Z,23,150,,,,3,194470
