l1_timestamp,l1_time_utc,posting_delay_newest_s,selector
1788220835,2026-09-01T00:00:35Z,49,0x3e5aa082
1788222035,2026-09-01T00:20:35Z,78,0x3e5aa082
1788223235,2026-09-01T00:40:35Z,87,0x3e5aa082
1788224447,2026-09-01T01:00:47Z,70,0x3e5aa082
1788225659,2026-09-01T01:20:59Z,29,0x3e5aa082
1788226859,2026-09-01T01:40:59Z,23,0x3e5aa082
1788228071,2026-09-01T02:01:11Z,36,0x3e5aa082
1788229271,2026-09-01T02:21:11Z,24,0x3e5aa082
1788230471,2026-09-01T02:41:11Z,26,0x3e5aa082
1788231707,2026-09-01T03:01:47Z,111,0x3e5aa082
1788232907,2026-09-01T03:21:47Z,31,0x3e5aa082
1788234107,2026-09-01T03:41:47Z,45,0x3e5aa082
1788235331,2026-09-01T04:02:11Z,34,0x3e5aa082
1788236531,2026-09-01T04:22:11Z,34,0x3e5aa082
1788237731,2026-09-01T04:42:11Z,38,0x3e5aa082
1788239003,2026-09-01T05:03:23Z,113,0x3e5aa082
1788240239,2026-09-01T05:23:59Z,85,0x3e5aa082
1788241439,2026-09-01T05:43:59Z,20,0x3e5aa082
1788242639,2026-09-01T06:03:59Z,25,0x3e5aa082
1788243839,2026-09-01T06:23:59Z,18,0x3e5aa082
1788245039,2026-09-01T06:43:59Z,30,0x3e5aa082
1788246239,2026-09-01T07:03:59Z,19,0x3e5aa082
1788247451,2026-09-01T07:24:11Z,22,0x3e5aa082
1788248663,2026-09-01T07:44:23Z,22,0x3e5aa082
1788249863,2026-09-01T08:04:23Z,32,0x3e5aa082
1788251123,2026-09-01T08:25:23Z,73,0x3e5aa082
1788252335,2026-09-01T08:45:35Z,26,0x3e5aa082
1788253535,2026-09-01T09:05:35Z,22,0x3e5aa082
1788254735,2026-09-01T09:25:35Z,33,0x3e5aa082
1788255935,2026-09-01T09:45:35Z,36,0x3e5aa082
1788257135,2026-09-01T10:05:35Z,16,0x3e5aa082
1788258335,2026-09-01T10:25:35Z,27,0x917cf8ac
1788259535,2026-09-01T10:45:35Z,26,0x3e5aa082
1788260759,2026-09-01T11:05:59Z,37,0x3e5aa082
1788261959,2026-09-01T11:25:59Z,16,0x3e5aa082
1788263159,2026-09-01T11:45:59Z,29,0x3e5aa082
1788264383,2026-09-01T12:06:23Z,41,0x3e5aa082
1788265595,2026-09-01T12:26:35Z,30,0x3e5aa082
1788266807,2026-09-01T12:46:47Z,33,0x3e5aa082
1788268055,2026-09-01T13:07:35Z,84,0x3e5aa082
1788269255,2026-09-01T13:27:35Z,30,0x3e5aa082
1788270479,2026-09-01T13:47:59Z,37,0x3e5aa082
1788271691,2026-09-01T14:08:11Z,33,0x3e5aa082
1788272891,2026-09-01T14:28:11Z,17,0x3e5aa082
1788274115,2026-09-01T14:48:35Z,42,0x3e5aa082
1788275327,2026-09-01T15:08:47Z,42,0x3e5aa082
1788276527,2026-09-01T15:28:47Z,26,0x3e5aa082
1788277727,2026-09-01T15:48:47Z,27,0x3e5aa082
1788278927,2026-09-01T16:08:47Z,102,0x3e5aa082
1788280127,2026-09-01T16:28:47Z,136,0x3e5aa082
1788281327,2026-09-01T16:48:47Z,166,0x3e5aa082
1788282527,2026-09-01T17:08:47Z,262,0x3e5aa082
1788283727,2026-09-01T17:28:47Z,145,0x3e5aa082
1788284927,2026-09-01T17:48:47Z,19,0x3e5aa082
1788286187,2026-09-01T18:09:47Z,98,0x3e5aa082
1788287411,2026-09-01T18:30:11Z,43,0x3e5aa082
1788288695,2026-09-01T18:51:35Z,240,0x3e5aa082
1788289895,2026-09-01T19:11:35Z,104,0x3e5aa082
1788291107,2026-09-01T19:31:47Z,23,0x3e5aa082
1788292319,2026-09-01T19:51:59Z,31,0x3e5aa082
1788293531,2026-09-01T20:12:11Z,233,0x3e5aa082
1788294731,2026-09-01T20:32:11Z,238,0x3e5aa082
1788295931,2026-09-01T20:52:11Z,276,0x3e5aa082
1788297155,2026-09-01T21:12:35Z,297,0x3e5aa082
1788298355,2026-09-01T21:32:35Z,215,0x3e5aa082
1788299555,2026-09-01T21:52:35Z,203,0x3e5aa082
1788300767,2026-09-01T22:12:47Z,226,0x3e5aa082
1788301967,2026-09-01T22:32:47Z,211,0x3e5aa082
1788303167,2026-09-01T22:52:47Z,48,0x3e5aa082
1788304367,2026-09-01T23:12:47Z,28,0x3e5aa082
1788305591,2026-09-01T23:33:11Z,42,0x3e5aa082
1788306791,2026-09-01T23:53:11Z,36,0x3e5aa082
1788308003,2026-09-02T00:13:23Z,25,0x3e5aa082
1788309203,2026-09-02T00:33:23Z,29,0x3e5aa082
1788310403,2026-09-02T00:53:23Z,28,0x3e5aa082
1788311603,2026-09-02T01:13:23Z,52,0x3e5aa082
1788312839,2026-09-02T01:33:59Z,84,0x3e5aa082
1788314075,2026-09-02T01:54:35Z,50,0x3e5aa082
1788315275,2026-09-02T02:14:35Z,28,0x3e5aa082
1788316475,2026-09-02T02:34:35Z,28,0x3e5aa082
1788317675,2026-09-02T02:54:35Z,26,0x3e5aa082
1788318875,2026-09-02T03:14:35Z,27,0x3e5aa082
1788320075,2026-09-02T03:34:35Z,20,0x3e5aa082
1788321275,2026-09-02T03:54:35Z,34,0x3e5aa082
1788322487,2026-09-02T04:14:47Z,63,0x917cf8ac
1788323699,2026-09-02T04:34:59Z,28,0x3e5aa082
1788324899,2026-09-02T04:54:59Z,18,0x3e5aa082
1788326099,2026-09-02T05:14:59Z,31,0x3e5aa082
1788327299,2026-09-02T05:34:59Z,20,0x3e5aa082
1788328511,2026-09-02T05:55:11Z,32,0x3e5aa082
1788329711,2026-09-02T06:15:11Z,23,0x3e5aa082
1788330947,2026-09-02T06:35:47Z,42,0x3e5aa082
1788332147,2026-09-02T06:55:47Z,27,0x3e5aa082
1788333359,2026-09-02T07:15:59Z,25,0x3e5aa082
1788334559,2026-09-02T07:35:59Z,19,0x3e5aa082
1788335771,2026-09-02T07:56:11Z,26,0x3e5aa082
1788336983,2026-09-02T08:16:23Z,24,0x3e5aa082
1788338183,2026-09-02T08:36:23Z,32,0x3e5aa082
1788339395,2026-09-02T08:56:35Z,27,0x3e5aa082
1788340595,2026-09-02T09:16:35Z,33,0x3e5aa082
1788341807,2026-09-02T09:36:47Z,94,0x3e5aa082
1788343031,2026-09-02T09:57:11Z,48,0x3e5aa082
1788344231,2026-09-02T10:17:11Z,69,0x3e5aa082
1788345455,2026-09-02T10:37:35Z,343,0x3e5aa082
1788346655,2026-09-02T10:57:35Z,22,0x3e5aa082
1788347855,2026-09-02T11:17:35Z,77,0x3e5aa082
1788349055,2026-09-02T11:37:35Z,29,0x3e5aa082
1788350255,2026-09-02T11:57:35Z,15,0x3e5aa082
1788351455,2026-09-02T12:17:35Z,25,0x3e5aa082
1788352667,2026-09-02T12:37:47Z,28,0x3e5aa082
1788353891,2026-09-02T12:58:11Z,42,0x3e5aa082
1788355091,2026-09-02T13:18:11Z,49,0x3e5aa082
1788356291,2026-09-02T13:38:11Z,187,0x3e5aa082
1788357491,2026-09-02T13:58:11Z,296,0x3e5aa082
1788358703,2026-09-02T14:18:23Z,307,0x3e5aa082
1788359903,2026-09-02T14:38:23Z,289,0x3e5aa082
1788361103,2026-09-02T14:58:23Z,252,0x3e5aa082
1788362303,2026-09-02T15:18:23Z,243,0x3e5aa082
1788363503,2026-09-02T15:38:23Z,294,0x3e5aa082
1788364703,2026-09-02T15:58:23Z,219,0x3e5aa082
1788365915,2026-09-02T16:18:35Z,293,0x3e5aa082
1788367115,2026-09-02T16:38:35Z,250,0x3e5aa082
1788368327,2026-09-02T16:58:47Z,281,0x3e5aa082
1788369539,2026-09-02T17:18:59Z,347,0x3e5aa082
1788370751,2026-09-02T17:39:11Z,277,0x3e5aa082
1788371951,2026-09-02T17:59:11Z,242,0x3e5aa082
1788373151,2026-09-02T18:19:11Z,274,0x3e5aa082
1788374351,2026-09-02T18:39:11Z,238,0x3e5aa082
1788375551,2026-09-02T18:59:11Z,293,0x3e5aa082
1788376751,2026-09-02T19:19:11Z,268,0x3e5aa082
1788377951,2026-09-02T19:39:11Z,259,0x3e5aa082
1788379151,2026-09-02T19:59:11Z,202,0x3e5aa082
1788380351,2026-09-02T20:19:11Z,285,0x3e5aa082
1788381563,2026-09-02T20:39:23Z,278,0x3e5aa082
1788382787,2026-09-02T20:59:47Z,332,0x3e5aa082
1788383999,2026-09-02T21:19:59Z,291,0x3e5aa082
1788385211,2026-09-02T21:40:11Z,338,0x3e5aa082
1788386435,2026-09-02T22:00:35Z,341,0x3e5aa082
1788387647,2026-09-02T22:20:47Z,301,0x3e5aa082
1788388859,2026-09-02T22:40:59Z,284,0x3e5aa082
1788390059,2026-09-02T23:00:59Z,257,0x3e5aa082
1788391259,2026-09-02T23:20:59Z,270,0x3e5aa082
1788392459,2026-09-02T23:40:59Z,273,0x3e5aa082
1788393659,2026-09-03T00:00:59Z,273,0x3e5aa082
1788394883,2026-09-03T00:21:23Z,311,0x3e5aa082
1788396095,2026-09-03T00:41:35Z,93,0x3e5aa082
1788397355,2026-09-03T01:02:35Z,92,0x3e5aa082
1788398567,2026-09-03T01:22:47Z,25,0x3e5aa082
1788399767,2026-09-03T01:42:47Z,24,0x3e5aa082
1788400967,2026-09-03T02:02:47Z,24,0x3e5aa082
1788402167,2026-09-03T02:22:47Z,21,0x3e5aa082
1788403367,2026-09-03T02:42:47Z,36,0x3e5aa082
1788404579,2026-09-03T03:02:59Z,26,0x3e5aa082
1788405779,2026-09-03T03:22:59Z,26,0x917cf8ac
1788406991,2026-09-03T03:43:11Z,28,0x3e5aa082
1788408191,2026-09-03T04:03:11Z,34,0x3e5aa082
1788409391,2026-09-03T04:23:11Z,35,0x3e5aa082
1788410591,2026-09-03T04:43:11Z,29,0x3e5aa082
1788411791,2026-09-03T05:03:11Z,34,0x3e5aa082
1788413111,2026-09-03T05:25:11Z,135,0x3e5aa082
1788414311,2026-09-03T05:45:11Z,30,0x3e5aa082
1788415511,2026-09-03T06:05:11Z,30,0x3e5aa082
1788416735,2026-09-03T06:25:35Z,50,0x3e5aa082
1788417935,2026-09-03T06:45:35Z,22,0x3e5aa082
1788419147,2026-09-03T07:05:47Z,103,0x3e5aa082
1788420347,2026-09-03T07:25:47Z,25,0x3e5aa082
1788421559,2026-09-03T07:45:59Z,41,0x3e5aa082
1788422771,2026-09-03T08:06:11Z,56,0x3e5aa082
1788423971,2026-09-03T08:26:11Z,18,0x3e5aa082
1788425171,2026-09-03T08:46:11Z,23,0x3e5aa082
1788426395,2026-09-03T09:06:35Z,48,0x3e5aa082
1788427595,2026-09-03T09:26:35Z,25,0x3e5aa082
1788428795,2026-09-03T09:46:35Z,36,0x3e5aa082
1788430019,2026-09-03T10:06:59Z,24,0x3e5aa082
1788431231,2026-09-03T10:27:11Z,25,0x3e5aa082
1788432443,2026-09-03T10:47:23Z,23,0x3e5aa082
1788433655,2026-09-03T11:07:35Z,70,0x3e5aa082
1788434855,2026-09-03T11:27:35Z,15,0x3e5aa082
1788436091,2026-09-03T11:48:11Z,53,0x3e5aa082
1788437291,2026-09-03T12:08:11Z,46,0x3e5aa082
1788438491,2026-09-03T12:28:11Z,60,0x3e5aa082
1788439691,2026-09-03T12:48:11Z,29,0x3e5aa082
1788440891,2026-09-03T13:08:11Z,23,0x3e5aa082
1788442091,2026-09-03T13:28:11Z,28,0x3e5aa082
1788443291,2026-09-03T13:48:11Z,248,0x3e5aa082
1788444491,2026-09-03T14:08:11Z,286,0x3e5aa082
1788445715,2026-09-03T14:28:35Z,292,0x3e5aa082
1788447119,2026-09-03T14:51:59Z,493,0x3e5aa082
1788448355,2026-09-03T15:12:35Z,336,0x3e5aa082
1788449591,2026-09-03T15:33:11Z,307,0x3e5aa082
1788450887,2026-09-03T15:54:47Z,470,0x3e5aa082
1788452099,2026-09-03T16:14:59Z,331,0x3e5aa082
1788453323,2026-09-03T16:35:23Z,291,0x3e5aa082
1788454523,2026-09-03T16:55:23Z,254,0x3e5aa082
1788455735,2026-09-03T17:15:35Z,255,0x3e5aa082
1788456935,2026-09-03T17:35:35Z,282,0x3e5aa082
1788458135,2026-09-03T17:55:35Z,246,0x3e5aa082
1788459335,2026-09-03T18:15:35Z,287,0x3e5aa082
1788460547,2026-09-03T18:35:47Z,237,0x3e5aa082
1788461747,2026-09-03T18:55:47Z,272,0x3e5aa082
1788462959,2026-09-03T19:15:59Z,352,0x3e5aa082
1788464171,2026-09-03T19:36:11Z,303,0x3e5aa082
1788465371,2026-09-03T19:56:11Z,273,0x3e5aa082
1788466571,2026-09-03T20:16:11Z,283,0x3e5aa082
1788467771,2026-09-03T20:36:11Z,288,0x3e5aa082
1788468971,2026-09-03T20:56:11Z,250,0x917cf8ac
1788470183,2026-09-03T21:16:23Z,234,0x3e5aa082
1788471383,2026-09-03T21:36:23Z,302,0x3e5aa082
1788472595,2026-09-03T21:56:35Z,252,0x3e5aa082
1788473795,2026-09-03T22:16:35Z,244,0x3e5aa082
1788474995,2026-09-03T22:36:35Z,255,0x3e5aa082
1788476195,2026-09-03T22:56:35Z,213,0x3e5aa082
1788477395,2026-09-03T23:16:35Z,272,0x3e5aa082
1788478595,2026-09-03T23:36:35Z,263,0x917cf8ac
1788479795,2026-09-03T23:56:35Z,259,0x3e5aa082
1788480995,2026-09-04T00:16:35Z,273,0x3e5aa082
1788482207,2026-09-04T00:36:47Z,279,0x3e5aa082
1788483407,2026-09-04T00:56:47Z,283,0x3e5aa082
1788484619,2026-09-04T01:16:59Z,278,0x3e5aa082
1788485843,2026-09-04T01:37:23Z,276,0x3e5aa082
1788487055,2026-09-04T01:57:35Z,254,0x3e5aa082
1788488255,2026-09-04T02:17:35Z,118,0x3e5aa082
1788489455,2026-09-04T02:37:35Z,68,0x3e5aa082
1788490655,2026-09-04T02:57:35Z,48,0x917cf8ac
1788491855,2026-09-04T03:17:35Z,101,0x917cf8ac
1788493055,2026-09-04T03:37:35Z,293,0x3e5aa082
1788494255,2026-09-04T03:57:35Z,281,0x3e5aa082
1788495455,2026-09-04T04:17:35Z,294,0x3e5aa082
1788496655,2026-09-04T04:37:35Z,290,0x917cf8ac
1788497855,2026-09-04T04:57:35Z,252,0x3e5aa082
1788499067,2026-09-04T05:17:47Z,231,0x3e5aa082
1788500267,2026-09-04T05:37:47Z,333,0x3e5aa082
1788501479,2026-09-04T05:57:59Z,253,0x3e5aa082
1788502691,2026-09-04T06:18:11Z,307,0x3e5aa082
1788503891,2026-09-04T06:38:11Z,267,0x3e5aa082
1788505091,2026-09-04T06:58:11Z,296,0x3e5aa082
1788506303,2026-09-04T07:18:23Z,243,0x3e5aa082
1788507503,2026-09-04T07:38:23Z,265,0x3e5aa082
1788508703,2026-09-04T07:58:23Z,265,0x3e5aa082
1788509903,2026-09-04T08:18:23Z,251,0x3e5aa082
1788511103,2026-09-04T08:38:23Z,274,0x3e5aa082
1788512303,2026-09-04T08:58:23Z,290,0x3e5aa082
1788513731,2026-09-04T09:22:11Z,677,0x3e5aa082
1788514931,2026-09-04T09:42:11Z,277,0x3e5aa082
1788516167,2026-09-04T10:02:47Z,200,0x3e5aa082
1788517379,2026-09-04T10:22:59Z,205,0x3e5aa082
1788518591,2026-09-04T10:43:11Z,32,0x3e5aa082
1788519791,2026-09-04T11:03:11Z,151,0x3e5aa082
1788520991,2026-09-04T11:23:11Z,274,0x3e5aa082
1788522215,2026-09-04T11:43:35Z,282,0x3e5aa082
1788523415,2026-09-04T12:03:35Z,274,0x3e5aa082
1788524615,2026-09-04T12:23:35Z,262,0x3e5aa082
1788526091,2026-09-04T12:48:11Z,1088,0x3e5aa082
1788527291,2026-09-04T13:08:11Z,276,0x3e5aa082
1788528503,2026-09-04T13:28:23Z,157,0x3e5aa082
1788529703,2026-09-04T13:48:23Z,406,0x3e5aa082
1788530903,2026-09-04T14:08:23Z,322,0x3e5aa082
1788532103,2026-09-04T14:28:23Z,256,0x3e5aa082
1788533315,2026-09-04T14:48:35Z,328,0x3e5aa082
1788534515,2026-09-04T15:08:35Z,299,0x3e5aa082
1788535715,2026-09-04T15:28:35Z,267,0x3e5aa082
1788536915,2026-09-04T15:48:35Z,300,0x3e5aa082
1788538115,2026-09-04T16:08:35Z,243,0x3e5aa082
1788539315,2026-09-04T16:28:35Z,277,0x3e5aa082
1788540539,2026-09-04T16:48:59Z,301,0x3e5aa082
1788541739,2026-09-04T17:08:59Z,285,0x3e5aa082
1788542951,2026-09-04T17:29:11Z,269,0x3e5aa082
1788544151,2026-09-04T17:49:11Z,245,0x3e5aa082
1788545351,2026-09-04T18:09:11Z,293,0x3e5aa082
1788546551,2026-09-04T18:29:11Z,279,0x3e5aa082
1788547775,2026-09-04T18:49:35Z,329,0x3e5aa082
1788548975,2026-09-04T19:09:35Z,319,0x3e5aa082
1788550175,2026-09-04T19:29:35Z,293,0x3e5aa082
1788551375,2026-09-04T19:49:35Z,246,0x3e5aa082
1788552575,2026-09-04T20:09:35Z,223,0x3e5aa082
1788553775,2026-09-04T20:29:35Z,19,0x3e5aa082
1788554975,2026-09-04T20:49:35Z,24,0x3e5aa082
1788556175,2026-09-04T21:09:35Z,30,0x3e5aa082
1788557375,2026-09-04T21:29:35Z,32,0x3e5aa082
1788558575,2026-09-04T21:49:35Z,22,0x3e5aa082
1788559775,2026-09-04T22:09:35Z,15,0x3e5aa082
1788560975,2026-09-04T22:29:35Z,18,0x3e5aa082
1788562187,2026-09-04T22:49:47Z,22,0x3e5aa082
1788563387,2026-09-04T23:09:47Z,30,0x3e5aa082
1788564599,2026-09-04T23:29:59Z,31,0x3e5aa082
1788565799,2026-09-04T23:49:59Z,98,0x3e5aa082
1788566999,2026-09-05T00:09:59Z,169,0x3e5aa082
1788568199,2026-09-05T00:29:59Z,132,0x3e5aa082
1788569411,2026-09-05T00:50:11Z,27,0x3e5aa082
1788570611,2026-09-05T01:10:11Z,48,0x3e5aa082
1788571811,2026-09-05T01:30:11Z,24,0x3e5aa082
1788573023,2026-09-05T01:50:23Z,28,0x3e5aa082
1788574235,2026-09-05T02:10:35Z,38,0x3e5aa082
1788575447,2026-09-05T02:30:47Z,29,0x3e5aa082
1788576647,2026-09-05T02:50:47Z,37,0x3e5aa082
1788577847,2026-09-05T03:10:47Z,24,0x3e5aa082
1788579047,2026-09-05T03:30:47Z,27,0x3e5aa082
1788580247,2026-09-05T03:50:47Z,27,0x3e5aa082
1788581447,2026-09-05T04:10:47Z,25,0x3e5aa082
1788582647,2026-09-05T04:30:47Z,24,0x3e5aa082
1788583847,2026-09-05T04:50:47Z,18,0x3e5aa082
1788585047,2026-09-05T05:10:47Z,30,0x3e5aa082
1788586259,2026-09-05T05:30:59Z,30,0x917cf8ac
1788587459,2026-09-05T05:50:59Z,18,0x3e5aa082
1788588659,2026-09-05T06:10:59Z,29,0x3e5aa082
1788589859,2026-09-05T06:30:59Z,16,0x3e5aa082
1788591059,2026-09-05T06:50:59Z,23,0x3e5aa082
1788592259,2026-09-05T07:10:59Z,16,0x3e5aa082
1788593471,2026-09-05T07:31:11Z,30,0x3e5aa082
1788594671,2026-09-05T07:51:11Z,24,0x3e5aa082
1788595871,2026-09-05T08:11:11Z,23,0x3e5aa082
1788597071,2026-09-05T08:31:11Z,17,0x3e5aa082
1788598283,2026-09-05T08:51:23Z,20,0x3e5aa082
1788599495,2026-09-05T09:11:35Z,22,0x3e5aa082
1788600707,2026-09-05T09:31:47Z,17,0x3e5aa082
1788601907,2026-09-05T09:51:47Z,16,0x3e5aa082
1788603107,2026-09-05T10:11:47Z,16,0x3e5aa082
1788604307,2026-09-05T10:31:47Z,14,0x917cf8ac
1788605507,2026-09-05T10:51:47Z,23,0x3e5aa082
1788606719,2026-09-05T11:11:59Z,13,0x3e5aa082
1788607919,2026-09-05T11:31:59Z,19,0x3e5aa082
1788609119,2026-09-05T11:51:59Z,19,0x3e5aa082
1788610319,2026-09-05T12:11:59Z,30,0x3e5aa082
1788611519,2026-09-05T12:31:59Z,25,0x3e5aa082
1788612719,2026-09-05T12:51:59Z,16,0x3e5aa082
1788613919,2026-09-05T13:11:59Z,21,0x3e5aa082
1788615119,2026-09-05T13:31:59Z,25,0x3e5aa082
1788616319,2026-09-05T13:51:59Z,28,0x3e5aa082
1788617531,2026-09-05T14:12:11Z,22,0x3e5aa082
1788618743,2026-09-05T14:32:23Z,27,0x3e5aa082
1788619955,2026-09-05T14:52:35Z,25,0x3e5aa082
1788621155,2026-09-05T15:12:35Z,29,0x3e5aa082
1788622355,2026-09-05T15:32:35Z,21,0x3e5aa082
1788623555,2026-09-05T15:52:35Z,21,0x3e5aa082
1788624755,2026-09-05T16:12:35Z,54,0x3e5aa082
1788625955,2026-09-05T16:32:35Z,50,0x3e5aa082
1788627155,2026-09-05T16:52:35Z,38,0x3e5aa082
1788628355,2026-09-05T17:12:35Z,28,0x3e5aa082
1788629555,2026-09-05T17:32:35Z,88,0x3e5aa082
1788630755,2026-09-05T17:52:35Z,72,0x3e5aa082
1788631955,2026-09-05T18:12:35Z,16,0x3e5aa082
1788633155,2026-09-05T18:32:35Z,20,0x3e5aa082
1788634367,2026-09-05T18:52:47Z,26,0x3e5aa082
1788635567,2026-09-05T19:12:47Z,24,0x3e5aa082
1788636767,2026-09-05T19:32:47Z,19,0x3e5aa082
1788637967,2026-09-05T19:52:47Z,23,0x3e5aa082
1788639179,2026-09-05T20:12:59Z,49,0x3e5aa082
1788640391,2026-09-05T20:33:11Z,77,0x3e5aa082
1788641591,2026-09-05T20:53:11Z,22,0x3e5aa082
1788642791,2026-09-05T21:13:11Z,50,0x3e5aa082
1788643991,2026-09-05T21:33:11Z,20,0x3e5aa082
1788645191,2026-09-05T21:53:11Z,21,0x3e5aa082
1788646415,2026-09-05T22:13:35Z,42,0x3e5aa082
1788647615,2026-09-05T22:33:35Z,59,0x3e5aa082
1788648815,2026-09-05T22:53:35Z,19,0x3e5aa082
1788650027,2026-09-05T23:13:47Z,24,0x3e5aa082
1788651227,2026-09-05T23:33:47Z,21,0x3e5aa082
1788652427,2026-09-05T23:53:47Z,41,0x3e5aa082
1788653627,2026-09-06T00:13:47Z,77,0x3e5aa082
1788654839,2026-09-06T00:33:59Z,44,0x3e5aa082
1788656051,2026-09-06T00:54:11Z,26,0x3e5aa082
1788657251,2026-09-06T01:14:11Z,27,0x3e5aa082
1788658451,2026-09-06T01:34:11Z,24,0x3e5aa082
1788659651,2026-09-06T01:54:11Z,20,0x3e5aa082
1788660863,2026-09-06T02:14:23Z,29,0x3e5aa082
1788662075,2026-09-06T02:34:35Z,22,0x3e5aa082
1788663275,2026-09-06T02:54:35Z,20,0x3e5aa082
1788664487,2026-09-06T03:14:47Z,24,0x3e5aa082
1788665699,2026-09-06T03:34:59Z,22,0x3e5aa082
1788666911,2026-09-06T03:55:11Z,24,0x3e5aa082
1788668111,2026-09-06T04:15:11Z,16,0x3e5aa082
1788669311,2026-09-06T04:35:11Z,28,0x3e5aa082
1788670511,2026-09-06T04:55:11Z,30,0x3e5aa082
1788671711,2026-09-06T05:15:11Z,21,0x3e5aa082
1788672911,2026-09-06T05:35:11Z,21,0x3e5aa082
1788674123,2026-09-06T05:55:23Z,27,0x3e5aa082
1788675335,2026-09-06T06:15:35Z,29,0x3e5aa082
1788676547,2026-09-06T06:35:47Z,16,0x3e5aa082
1788677759,2026-09-06T06:55:59Z,20,0x3e5aa082
1788678983,2026-09-06T07:16:23Z,25,0x3e5aa082
1788680195,2026-09-06T07:36:35Z,18,0x3e5aa082
1788681395,2026-09-06T07:56:35Z,25,0x3e5aa082
1788682595,2026-09-06T08:16:35Z,12,0x3e5aa082
1788683795,2026-09-06T08:36:35Z,25,0x917cf8ac
1788684995,2026-09-06T08:56:35Z,17,0x3e5aa082
1788686219,2026-09-06T09:16:59Z,16,0x3e5aa082
1788687419,2026-09-06T09:36:59Z,22,0x3e5aa082
1788688619,2026-09-06T09:56:59Z,22,0x3e5aa082
1788689843,2026-09-06T10:17:23Z,29,0x3e5aa082
1788691043,2026-09-06T10:37:23Z,16,0x3e5aa082
1788692255,2026-09-06T10:57:35Z,18,0x3e5aa082
1788693455,2026-09-06T11:17:35Z,14,0x3e5aa082
1788694667,2026-09-06T11:37:47Z,21,0x3e5aa082
1788695879,2026-09-06T11:57:59Z,16,0x3e5aa082
1788697079,2026-09-06T12:17:59Z,17,0x3e5aa082
1788698291,2026-09-06T12:38:11Z,46,0x3e5aa082
1788699491,2026-09-06T12:58:11Z,13,0x3e5aa082
1788700691,2026-09-06T13:18:11Z,19,0x3e5aa082
1788701903,2026-09-06T13:38:23Z,25,0x3e5aa082
1788703103,2026-09-06T13:58:23Z,28,0x3e5aa082
1788704303,2026-09-06T14:18:23Z,21,0x3e5aa082
1788705515,2026-09-06T14:38:35Z,27,0x3e5aa082
1788706715,2026-09-06T14:58:35Z,24,0x3e5aa082
1788707915,2026-09-06T15:18:35Z,37,0x3e5aa082
1788709127,2026-09-06T15:38:47Z,23,0x3e5aa082
1788710327,2026-09-06T15:58:47Z,24,0x3e5aa082
1788711527,2026-09-06T16:18:47Z,18,0x3e5aa082
1788712739,2026-09-06T16:38:59Z,19,0x3e5aa082
1788713939,2026-09-06T16:58:59Z,16,0x3e5aa082
1788715151,2026-09-06T17:19:11Z,28,0x3e5aa082
1788716351,2026-09-06T17:39:11Z,35,0x3e5aa082
1788717551,2026-09-06T17:59:11Z,19,0x3e5aa082
1788718751,2026-09-06T18:19:11Z,23,0x3e5aa082
1788719951,2026-09-06T18:39:11Z,18,0x3e5aa082
1788721163,2026-09-06T18:59:23Z,25,0x3e5aa082
1788722363,2026-09-06T19:19:23Z,16,0x3e5aa082
1788723563,2026-09-06T19:39:23Z,41,0x3e5aa082
1788724763,2026-09-06T19:59:23Z,62,0x3e5aa082
1788725963,2026-09-06T20:19:23Z,22,0x3e5aa082
1788727163,2026-09-06T20:39:23Z,24,0x3e5aa082
1788728375,2026-09-06T20:59:35Z,27,0x3e5aa082
1788729575,2026-09-06T21:19:35Z,18,0x3e5aa082
1788730787,2026-09-06T21:39:47Z,19,0x3e5aa082
1788731999,2026-09-06T21:59:59Z,24,0x3e5aa082
1788733199,2026-09-06T22:19:59Z,30,0x3e5aa082
1788734399,2026-09-06T22:39:59Z,23,0x3e5aa082
1788735599,2026-09-06T22:59:59Z,23,0x3e5aa082
1788736811,2026-09-06T23:20:11Z,25,0x3e5aa082
1788738023,2026-09-06T23:40:23Z,26,0x3e5aa082
1788739235,2026-09-07T00:00:35Z,29,0x3e5aa082
1788740435,2026-09-07T00:20:35Z,25,0x3e5aa082
1788741635,2026-09-07T00:40:35Z,24,0x3e5aa082
1788742835,2026-09-07T01:00:35Z,30,0x3e5aa082
1788744035,2026-09-07T01:20:35Z,25,0x3e5aa082
1788745235,2026-09-07T01:40:35Z,18,0x3e5aa082
1788746435,2026-09-07T02:00:35Z,27,0x3e5aa082
1788747647,2026-09-07T02:20:47Z,17,0x3e5aa082
1788748847,2026-09-07T02:40:47Z,30,0x3e5aa082
1788750047,2026-09-07T03:00:47Z,28,0x3e5aa082
1788751259,2026-09-07T03:20:59Z,24,0x3e5aa082
1788752459,2026-09-07T03:40:59Z,23,0x3e5aa082
1788753671,2026-09-07T04:01:11Z,24,0x917cf8ac
1788754871,2026-09-07T04:21:11Z,18,0x3e5aa082
1788756083,2026-09-07T04:41:23Z,23,0x3e5aa082
1788757283,2026-09-07T05:01:23Z,18,0x3e5aa082
1788758483,2026-09-07T05:21:23Z,15,0x3e5aa082
1788759695,2026-09-07T05:41:35Z,16,0x3e5aa082
1788760907,2026-09-07T06:01:47Z,12,0x3e5aa082
1788762119,2026-09-07T06:21:59Z,13,0x917cf8ac
1788763319,2026-09-07T06:41:59Z,25,0x3e5aa082
1788764519,2026-09-07T07:01:59Z,17,0x3e5aa082
1788765719,2026-09-07T07:21:59Z,17,0x3e5aa082
1788766931,2026-09-07T07:42:11Z,20,0x3e5aa082
1788768143,2026-09-07T08:02:23Z,22,0x3e5aa082
1788769367,2026-09-07T08:22:47Z,18,0x3e5aa082
1788770591,2026-09-07T08:43:11Z,20,0x3e5aa082
1788771815,2026-09-07T09:03:35Z,29,0x3e5aa082
1788773015,2026-09-07T09:23:35Z,13,0x3e5aa082
1788774215,2026-09-07T09:43:35Z,27,0x3e5aa082
1788775427,2026-09-07T10:03:47Z,16,0x3e5aa082
1788776627,2026-09-07T10:23:47Z,14,0x3e5aa082
1788777827,2026-09-07T10:43:47Z,18,0x3e5aa082
1788779039,2026-09-07T11:03:59Z,23,0x3e5aa082
1788780239,2026-09-07T11:23:59Z,21,0x3e5aa082
1788781439,2026-09-07T11:43:59Z,19,0x3e5aa082
1788782651,2026-09-07T12:04:11Z,19,0x3e5aa082
1788783851,2026-09-07T12:24:11Z,17,0x3e5aa082
1788785051,2026-09-07T12:44:11Z,20,0x3e5aa082
1788786251,2026-09-07T13:04:11Z,18,0x3e5aa082
1788787451,2026-09-07T13:24:11Z,20,0x917cf8ac
1788788651,2026-09-07T13:44:11Z,21,0x3e5aa082
1788789851,2026-09-07T14:04:11Z,22,0x3e5aa082
1788791063,2026-09-07T14:24:23Z,28,0x3e5aa082
1788792263,2026-09-07T14:44:23Z,21,0x3e5aa082
1788793463,2026-09-07T15:04:23Z,27,0x3e5aa082
1788794663,2026-09-07T15:24:23Z,42,0x3e5aa082
1788795863,2026-09-07T15:44:23Z,23,0x3e5aa082
1788797063,2026-09-07T16:04:23Z,18,0x3e5aa082
1788798263,2026-09-07T16:24:23Z,16,0x3e5aa082
1788799463,2026-09-07T16:44:23Z,21,0x3e5aa082
1788800675,2026-09-07T17:04:35Z,30,0x3e5aa082
1788801887,2026-09-07T17:24:47Z,27,0x3e5aa082
1788803087,2026-09-07T17:44:47Z,28,0x3e5aa082
1788804287,2026-09-07T18:04:47Z,22,0x3e5aa082
1788805499,2026-09-07T18:24:59Z,21,0x917cf8ac
1788806699,2026-09-07T18:44:59Z,23,0x3e5aa082
1788807899,2026-09-07T19:04:59Z,18,0x3e5aa082
1788809099,2026-09-07T19:24:59Z,14,0x3e5aa082
1788810311,2026-09-07T19:45:11Z,24,0x3e5aa082
1788811511,2026-09-07T20:05:11Z,18,0x3e5aa082
1788812711,2026-09-07T20:25:11Z,20,0x3e5aa082
1788813923,2026-09-07T20:45:23Z,25,0x3e5aa082
1788815123,2026-09-07T21:05:23Z,22,0x3e5aa082
1788816323,2026-09-07T21:25:23Z,17,0x3e5aa082
1788817523,2026-09-07T21:45:23Z,27,0x3e5aa082
1788818735,2026-09-07T22:05:35Z,28,0x3e5aa082
1788819935,2026-09-07T22:25:35Z,52,0x3e5aa082
1788821135,2026-09-07T22:45:35Z,24,0x3e5aa082
1788822335,2026-09-07T23:05:35Z,27,0x3e5aa082
1788823547,2026-09-07T23:25:47Z,22,0x3e5aa082
1788824747,2026-09-07T23:45:47Z,25,0x3e5aa082
1788825947,2026-09-08T00:05:47Z,29,0x3e5aa082
1788827159,2026-09-08T00:25:59Z,17,0x3e5aa082
1788828371,2026-09-08T00:46:11Z,19,0x3e5aa082
1788829583,2026-09-08T01:06:23Z,26,0x3e5aa082
1788830783,2026-09-08T01:26:23Z,21,0x3e5aa082
1788831995,2026-09-08T01:46:35Z,25,0x3e5aa082
1788833207,2026-09-08T02:06:47Z,19,0x3e5aa082
1788834407,2026-09-08T02:26:47Z,19,0x3e5aa082
1788835619,2026-09-08T02:46:59Z,26,0x3e5aa082
1788836831,2026-09-08T03:07:11Z,21,0x3e5aa082
1788838031,2026-09-08T03:27:11Z,12,0x3e5aa082
1788839255,2026-09-08T03:47:35Z,21,0x3e5aa082
1788840455,2026-09-08T04:07:35Z,25,0x917cf8ac
1788841667,2026-09-08T04:27:47Z,20,0x3e5aa082
1788842867,2026-09-08T04:47:47Z,14,0x3e5aa082
1788844091,2026-09-08T05:08:11Z,25,0x3e5aa082
1788845303,2026-09-08T05:28:23Z,16,0x3e5aa082
1788846527,2026-09-08T05:48:47Z,22,0x3e5aa082
1788847727,2026-09-08T06:08:47Z,22,0x3e5aa082
1788848939,2026-09-08T06:28:59Z,17,0x3e5aa082
1788850139,2026-09-08T06:48:59Z,19,0x3e5aa082
1788851351,2026-09-08T07:09:11Z,12,0x3e5aa082
1788852551,2026-09-08T07:29:11Z,10,0x3e5aa082
1788853751,2026-09-08T07:49:11Z,12,0x3e5aa082
1788854951,2026-09-08T08:09:11Z,14,0x3e5aa082
1788856163,2026-09-08T08:29:23Z,13,0x3e5aa082
1788857363,2026-09-08T08:49:23Z,20,0x3e5aa082
1788858575,2026-09-08T09:09:35Z,19,0x3e5aa082
1788859775,2026-09-08T09:29:35Z,17,0x3e5aa082
1788860987,2026-09-08T09:49:47Z,26,0x3e5aa082
1788862187,2026-09-08T10:09:47Z,24,0x3e5aa082
1788863399,2026-09-08T10:29:59Z,24,0x3e5aa082
1788864623,2026-09-08T10:50:23Z,25,0x3e5aa082
1788865835,2026-09-08T11:10:35Z,24,0x3e5aa082
1788867035,2026-09-08T11:30:35Z,21,0x3e5aa082
1788868235,2026-09-08T11:50:35Z,21,0x3e5aa082
1788869435,2026-09-08T12:10:35Z,15,0x3e5aa082
1788870635,2026-09-08T12:30:35Z,18,0x3e5aa082
1788871835,2026-09-08T12:50:35Z,16,0x3e5aa082
1788873035,2026-09-08T13:10:35Z,28,0x3e5aa082
1788874235,2026-09-08T13:30:35Z,25,0x3e5aa082
1788875447,2026-09-08T13:50:47Z,43,0x3e5aa082
1788876647,2026-09-08T14:10:47Z,22,0x3e5aa082
1788877847,2026-09-08T14:30:47Z,21,0x3e5aa082
1788879059,2026-09-08T14:50:59Z,28,0x3e5aa082
1788880259,2026-09-08T15:10:59Z,16,0x3e5aa082
1788881459,2026-09-08T15:30:59Z,25,0x3e5aa082
1788882671,2026-09-08T15:51:11Z,20,0x3e5aa082
1788883871,2026-09-08T16:11:11Z,32,0x3e5aa082
1788885071,2026-09-08T16:31:11Z,39,0x3e5aa082
1788886271,2026-09-08T16:51:11Z,21,0x3e5aa082
1788887471,2026-09-08T17:11:11Z,22,0x3e5aa082
1788888683,2026-09-08T17:31:23Z,21,0x3e5aa082
1788889883,2026-09-08T17:51:23Z,18,0x3e5aa082
1788891083,2026-09-08T18:11:23Z,16,0x3e5aa082
1788892283,2026-09-08T18:31:23Z,45,0x3e5aa082
1788893483,2026-09-08T18:51:23Z,23,0x3e5aa082
1788894683,2026-09-08T19:11:23Z,23,0x3e5aa082
1788895883,2026-09-08T19:31:23Z,27,0x3e5aa082
1788897083,2026-09-08T19:51:23Z,45,0x3e5aa082
1788898283,2026-09-08T20:11:23Z,13,0x3e5aa082
1788899495,2026-09-08T20:31:35Z,36,0x3e5aa082
1788900695,2026-09-08T20:51:35Z,17,0x3e5aa082
1788901907,2026-09-08T21:11:47Z,20,0x3e5aa082
1788903119,2026-09-08T21:31:59Z,24,0x3e5aa082
1788904319,2026-09-08T21:51:59Z,28,0x3e5aa082
1788905531,2026-09-08T22:12:11Z,15,0x3e5aa082
1788906731,2026-09-08T22:32:11Z,15,0x3e5aa082
1788907931,2026-09-08T22:52:11Z,8,0x3e5aa082
1788909143,2026-09-08T23:12:23Z,28,0x3e5aa082
1788910343,2026-09-08T23:32:23Z,18,0x917cf8ac
1788911543,2026-09-08T23:52:23Z,21,0x3e5aa082
1788912755,2026-09-09T00:12:35Z,24,0x3e5aa082
1788913967,2026-09-09T00:32:47Z,17,0x3e5aa082
1788915191,2026-09-09T00:53:11Z,19,0x3e5aa082
1788916391,2026-09-09T01:13:11Z,28,0x3e5aa082
1788917591,2026-09-09T01:33:11Z,17,0x3e5aa082
1788918803,2026-09-09T01:53:23Z,23,0x917cf8ac
1788920027,2026-09-09T02:13:47Z,25,0x3e5aa082
1788921239,2026-09-09T02:33:59Z,22,0x3e5aa082
1788922451,2026-09-09T02:54:11Z,13,0x3e5aa082
1788923651,2026-09-09T03:14:11Z,21,0x3e5aa082
1788924851,2026-09-09T03:34:11Z,19,0x3e5aa082
1788926051,2026-09-09T03:54:11Z,19,0x3e5aa082
1788927251,2026-09-09T04:14:11Z,20,0x3e5aa082
1788928451,2026-09-09T04:34:11Z,23,0x3e5aa082
1788929663,2026-09-09T04:54:23Z,18,0x3e5aa082
1788930887,2026-09-09T05:14:47Z,24,0x3e5aa082
1788932087,2026-09-09T05:34:47Z,18,0x3e5aa082
1788933299,2026-09-09T05:54:59Z,16,0x3e5aa082
1788934511,2026-09-09T06:15:11Z,17,0x3e5aa082
1788935711,2026-09-09T06:35:11Z,14,0x3e5aa082
1788936911,2026-09-09T06:55:11Z,33,0x3e5aa082
1788938123,2026-09-09T07:15:23Z,40,0x3e5aa082
1788939347,2026-09-09T07:35:47Z,18,0x3e5aa082
1788940559,2026-09-09T07:55:59Z,19,0x3e5aa082
1788941771,2026-09-09T08:16:11Z,23,0x3e5aa082
1788942983,2026-09-09T08:36:23Z,16,0x917cf8ac
1788944195,2026-09-09T08:56:35Z,18,0x3e5aa082
1788945407,2026-09-09T09:16:47Z,13,0x3e5aa082
1788946619,2026-09-09T09:36:59Z,19,0x3e5aa082
1788947843,2026-09-09T09:57:23Z,13,0x3e5aa082
1788949043,2026-09-09T10:17:23Z,14,0x3e5aa082
1788950255,2026-09-09T10:37:35Z,18,0x3e5aa082
1788951479,2026-09-09T10:57:59Z,20,0x3e5aa082
1788952679,2026-09-09T11:17:59Z,14,0x3e5aa082
1788953891,2026-09-09T11:38:11Z,20,0x3e5aa082
1788955091,2026-09-09T11:58:11Z,19,0x3e5aa082
1788956315,2026-09-09T12:18:35Z,40,0x3e5aa082
1788957527,2026-09-09T12:38:47Z,18,0x3e5aa082
1788958739,2026-09-09T12:58:59Z,20,0x917cf8ac
1788959939,2026-09-09T13:18:59Z,26,0x3e5aa082
1788961151,2026-09-09T13:39:11Z,24,0x3e5aa082
1788962387,2026-09-09T13:59:47Z,59,0x3e5aa082
1788963599,2026-09-09T14:19:59Z,16,0x3e5aa082
1788964811,2026-09-09T14:40:11Z,21,0x3e5aa082
1788966023,2026-09-09T15:00:23Z,34,0x3e5aa082
1788967223,2026-09-09T15:20:23Z,22,0x3e5aa082
1788968423,2026-09-09T15:40:23Z,46,0x3e5aa082
1788969623,2026-09-09T16:00:23Z,23,0x3e5aa082
1788970823,2026-09-09T16:20:23Z,18,0x3e5aa082
1788972035,2026-09-09T16:40:35Z,26,0x3e5aa082
1788973235,2026-09-09T17:00:35Z,21,0x3e5aa082
1788974447,2026-09-09T17:20:47Z,21,0x3e5aa082
1788975647,2026-09-09T17:40:47Z,23,0x3e5aa082
1788976859,2026-09-09T18:00:59Z,28,0x3e5aa082
1788978071,2026-09-09T18:21:11Z,25,0x3e5aa082
1788979271,2026-09-09T18:41:11Z,26,0x3e5aa082
1788980471,2026-09-09T19:01:11Z,22,0x3e5aa082
1788981671,2026-09-09T19:21:11Z,17,0x3e5aa082
1788982871,2026-09-09T19:41:11Z,23,0x3e5aa082
1788984071,2026-09-09T20:01:11Z,14,0x917cf8ac
1788985283,2026-09-09T20:21:23Z,15,0x3e5aa082
1788986495,2026-09-09T20:41:35Z,21,0x3e5aa082
1788987719,2026-09-09T21:01:59Z,27,0x3e5aa082
1788988919,2026-09-09T21:21:59Z,17,0x3e5aa082
1788990143,2026-09-09T21:42:23Z,24,0x3e5aa082
1788991343,2026-09-09T22:02:23Z,11,0x3e5aa082
1788992555,2026-09-09T22:22:35Z,27,0x3e5aa082
1788993767,2026-09-09T22:42:47Z,18,0x3e5aa082
1788994979,2026-09-09T23:02:59Z,22,0x3e5aa082
1788996179,2026-09-09T23:22:59Z,16,0x3e5aa082
1788997391,2026-09-09T23:43:11Z,19,0x3e5aa082
1788998591,2026-09-10T00:03:11Z,19,0x3e5aa082
1788999815,2026-09-10T00:23:35Z,27,0x917cf8ac
1789001015,2026-09-10T00:43:35Z,14,0x3e5aa082
1789002215,2026-09-10T01:03:35Z,16,0x3e5aa082
1789003427,2026-09-10T01:23:47Z,13,0x3e5aa082
1789004627,2026-09-10T01:43:47Z,18,0x3e5aa082
1789005827,2026-09-10T02:03:47Z,24,0x3e5aa082
1789007039,2026-09-10T02:23:59Z,13,0x3e5aa082
1789008251,2026-09-10T02:44:11Z,22,0x3e5aa082
1789009451,2026-09-10T03:04:11Z,25,0x3e5aa082
1789010663,2026-09-10T03:24:23Z,17,0x3e5aa082
1789011863,2026-09-10T03:44:23Z,15,0x3e5aa082
1789013075,2026-09-10T04:04:35Z,28,0x3e5aa082
1789014275,2026-09-10T04:24:35Z,12,0x3e5aa082
1789015487,2026-09-10T04:44:47Z,20,0x3e5aa082
1789016711,2026-09-10T05:05:11Z,20,0x917cf8ac
1789017923,2026-09-10T05:25:23Z,22,0x3e5aa082
1789019135,2026-09-10T05:45:35Z,27,0x3e5aa082
1789020335,2026-09-10T06:05:35Z,19,0x3e5aa082
1789021535,2026-09-10T06:25:35Z,17,0x3e5aa082
1789022747,2026-09-10T06:45:47Z,21,0x3e5aa082
1789023947,2026-09-10T07:05:47Z,24,0x3e5aa082
1789025159,2026-09-10T07:25:59Z,23,0x3e5aa082
1789026371,2026-09-10T07:46:11Z,17,0x3e5aa082
1789027571,2026-09-10T08:06:11Z,22,0x3e5aa082
1789028795,2026-09-10T08:26:35Z,18,0x3e5aa082
1789029995,2026-09-10T08:46:35Z,10,0x3e5aa082
1789031195,2026-09-10T09:06:35Z,16,0x3e5aa082
1789032407,2026-09-10T09:26:47Z,14,0x3e5aa082
1789033607,2026-09-10T09:46:47Z,24,0x917cf8ac
1789034807,2026-09-10T10:06:47Z,13,0x3e5aa082
1789036007,2026-09-10T10:26:47Z,21,0x3e5aa082
1789037231,2026-09-10T10:47:11Z,16,0x3e5aa082
1789038455,2026-09-10T11:07:35Z,22,0x3e5aa082
1789039679,2026-09-10T11:27:59Z,23,0x3e5aa082
1789040879,2026-09-10T11:47:59Z,39,0x3e5aa082
1789042079,2026-09-10T12:07:59Z,19,0x3e5aa082
1789043291,2026-09-10T12:28:11Z,22,0x3e5aa082
1789044503,2026-09-10T12:48:23Z,244,0x3e5aa082
1789045727,2026-09-10T13:08:47Z,46,0x3e5aa082
1789046939,2026-09-10T13:28:59Z,23,0x3e5aa082
1789048139,2026-09-10T13:48:59Z,20,0x3e5aa082
1789049339,2026-09-10T14:08:59Z,45,0x3e5aa082
1789050539,2026-09-10T14:28:59Z,42,0x3e5aa082
1789051751,2026-09-10T14:49:11Z,29,0x3e5aa082
1789052963,2026-09-10T15:09:23Z,34,0x3e5aa082
1789054163,2026-09-10T15:29:23Z,22,0x3e5aa082
1789055375,2026-09-10T15:49:35Z,31,0x3e5aa082
1789056575,2026-09-10T16:09:35Z,19,0x3e5aa082
1789057775,2026-09-10T16:29:35Z,32,0x3e5aa082
1789058987,2026-09-10T16:49:47Z,22,0x3e5aa082
1789060187,2026-09-10T17:09:47Z,21,0x3e5aa082
1789061399,2026-09-10T17:29:59Z,29,0x3e5aa082
1789062599,2026-09-10T17:49:59Z,23,0x3e5aa082
1789063823,2026-09-10T18:10:23Z,185,0x3e5aa082
1789065023,2026-09-10T18:30:23Z,101,0x3e5aa082
1789066223,2026-09-10T18:50:23Z,23,0x3e5aa082
1789067423,2026-09-10T19:10:23Z,68,0x3e5aa082
1789068623,2026-09-10T19:30:23Z,82,0x3e5aa082
1789069823,2026-09-10T19:50:23Z,32,0x3e5aa082
1789071023,2026-09-10T20:10:23Z,24,0x3e5aa082
1789072235,2026-09-10T20:30:35Z,28,0x3e5aa082
1789073435,2026-09-10T20:50:35Z,21,0x3e5aa082
1789074635,2026-09-10T21:10:35Z,22,0x3e5aa082
1789075835,2026-09-10T21:30:35Z,21,0x3e5aa082
1789077035,2026-09-10T21:50:35Z,20,0x3e5aa082
1789078235,2026-09-10T22:10:35Z,21,0x3e5aa082
1789079435,2026-09-10T22:30:35Z,29,0x3e5aa082
1789080635,2026-09-10T22:50:35Z,20,0x3e5aa082
1789081835,2026-09-10T23:10:35Z,28,0x3e5aa082
1789083047,2026-09-10T23:30:47Z,18,0x3e5aa082
1789084247,2026-09-10T23:50:47Z,17,0x3e5aa082
1789085447,2026-09-11T00:10:47Z,26,0x917cf8ac
1789086659,2026-09-11T00:30:59Z,65,0x3e5aa082
1789087859,2026-09-11T00:50:59Z,29,0x3e5aa082
1789089059,2026-09-11T01:10:59Z,25,0x3e5aa082
1789090259,2026-09-11T01:30:59Z,14,0x3e5aa082
1789091459,2026-09-11T01:50:59Z,16,0x3e5aa082
1789092683,2026-09-11T02:11:23Z,35,0x3e5aa082
1789093883,2026-09-11T02:31:23Z,18,0x3e5aa082
1789095083,2026-09-11T02:51:23Z,17,0x3e5aa082
1789096283,2026-09-11T03:11:23Z,18,0x3e5aa082
1789097483,2026-09-11T03:31:23Z,14,0x3e5aa082
1789098695,2026-09-11T03:51:35Z,25,0x3e5aa082
1789099907,2026-09-11T04:11:47Z,22,0x3e5aa082
1789101107,2026-09-11T04:31:47Z,18,0x3e5aa082
1789102307,2026-09-11T04:51:47Z,29,0x3e5aa082
1789103519,2026-09-11T05:11:59Z,15,0x3e5aa082
1789104719,2026-09-11T05:31:59Z,30,0x3e5aa082
1789105931,2026-09-11T05:52:11Z,21,0x3e5aa082
1789107131,2026-09-11T06:12:11Z,12,0x3e5aa082
1789108343,2026-09-11T06:32:23Z,19,0x3e5aa082
1789109543,2026-09-11T06:52:23Z,18,0x3e5aa082
1789110743,2026-09-11T07:12:23Z,20,0x3e5aa082
1789111967,2026-09-11T07:32:47Z,24,0x3e5aa082
1789113179,2026-09-11T07:52:59Z,25,0x3e5aa082
1789114379,2026-09-11T08:12:59Z,23,0x3e5aa082
1789115603,2026-09-11T08:33:23Z,24,0x3e5aa082
1789116839,2026-09-11T08:53:59Z,25,0x3e5aa082
1789118039,2026-09-11T09:13:59Z,13,0x3e5aa082
1789119239,2026-09-11T09:33:59Z,14,0x917cf8ac
1789120451,2026-09-11T09:54:11Z,28,0x3e5aa082
1789121663,2026-09-11T10:14:23Z,23,0x3e5aa082
1789122863,2026-09-11T10:34:23Z,12,0x3e5aa082
1789124063,2026-09-11T10:54:23Z,14,0x3e5aa082
1789125275,2026-09-11T11:14:35Z,24,0x3e5aa082
1789126475,2026-09-11T11:34:35Z,19,0x3e5aa082
1789127687,2026-09-11T11:54:47Z,21,0x3e5aa082
1789128899,2026-09-11T12:14:59Z,17,0x3e5aa082
1789130111,2026-09-11T12:35:11Z,195,0x3e5aa082
1789131311,2026-09-11T12:55:11Z,18,0x3e5aa082
1789132523,2026-09-11T13:15:23Z,53,0x3e5aa082
1789133747,2026-09-11T13:35:47Z,45,0x3e5aa082
1789134947,2026-09-11T13:55:47Z,274,0x3e5aa082
1789136171,2026-09-11T14:16:11Z,305,0x3e5aa082
1789137371,2026-09-11T14:36:11Z,223,0x3e5aa082
1789138571,2026-09-11T14:56:11Z,287,0x3e5aa082
1789139771,2026-09-11T15:16:11Z,248,0x3e5aa082
1789140971,2026-09-11T15:36:11Z,260,0x3e5aa082
1789142195,2026-09-11T15:56:35Z,489,0x3e5aa082
1789143395,2026-09-11T16:16:35Z,21,0x3e5aa082
1789144595,2026-09-11T16:36:35Z,17,0x917cf8ac
1789145807,2026-09-11T16:56:47Z,23,0x3e5aa082
1789147019,2026-09-11T17:16:59Z,43,0x3e5aa082
1789148231,2026-09-11T17:37:11Z,26,0x3e5aa082
1789149431,2026-09-11T17:57:11Z,25,0x3e5aa082
1789150631,2026-09-11T18:17:11Z,86,0x3e5aa082
1789151831,2026-09-11T18:37:11Z,51,0x3e5aa082
1789153031,2026-09-11T18:57:11Z,66,0x3e5aa082
1789154231,2026-09-11T19:17:11Z,51,0x3e5aa082
1789155431,2026-09-11T19:37:11Z,86,0x3e5aa082
1789156643,2026-09-11T19:57:23Z,272,0x3e5aa082
1789157843,2026-09-11T20:17:23Z,164,0x3e5aa082
1789159043,2026-09-11T20:37:23Z,191,0x3e5aa082
1789160243,2026-09-11T20:57:23Z,21,0x3e5aa082
1789161455,2026-09-11T21:17:35Z,31,0x3e5aa082
1789162655,2026-09-11T21:37:35Z,22,0x3e5aa082
1789163855,2026-09-11T21:57:35Z,31,0x3e5aa082
1789165055,2026-09-11T22:17:35Z,22,0x3e5aa082
1789166255,2026-09-11T22:37:35Z,25,0x3e5aa082
1789167455,2026-09-11T22:57:35Z,25,0x3e5aa082
1789168655,2026-09-11T23:17:35Z,35,0x3e5aa082
1789169855,2026-09-11T23:37:35Z,164,0x3e5aa082
1789171055,2026-09-11T23:57:35Z,145,0x3e5aa082
1789172255,2026-09-12T00:17:35Z,30,0x3e5aa082
1789173455,2026-09-12T00:37:35Z,20,0x3e5aa082
1789174667,2026-09-12T00:57:47Z,32,0x3e5aa082
1789175891,2026-09-12T01:18:11Z,30,0x3e5aa082
1789177091,2026-09-12T01:38:11Z,30,0x3e5aa082
1789178303,2026-09-12T01:58:23Z,30,0x3e5aa082
1789179515,2026-09-12T02:18:35Z,17,0x3e5aa082
1789180715,2026-09-12T02:38:35Z,30,0x3e5aa082
1789181927,2026-09-12T02:58:47Z,29,0x3e5aa082
1789183127,2026-09-12T03:18:47Z,24,0x3e5aa082
1789184339,2026-09-12T03:38:59Z,23,0x3e5aa082
1789185551,2026-09-12T03:59:11Z,26,0x3e5aa082
1789186775,2026-09-12T04:19:35Z,28,0x3e5aa082
1789187999,2026-09-12T04:39:59Z,23,0x917cf8ac
1789189199,2026-09-12T04:59:59Z,20,0x3e5aa082
1789190399,2026-09-12T05:19:59Z,51,0x3e5aa082
1789191611,2026-09-12T05:40:11Z,15,0x3e5aa082
1789192823,2026-09-12T06:00:23Z,21,0x3e5aa082
1789194047,2026-09-12T06:20:47Z,30,0x3e5aa082
1789195247,2026-09-12T06:40:47Z,20,0x3e5aa082
1789196459,2026-09-12T07:00:59Z,14,0x3e5aa082
1789197659,2026-09-12T07:20:59Z,25,0x3e5aa082
1789198871,2026-09-12T07:41:11Z,24,0x3e5aa082
1789200071,2026-09-12T08:01:11Z,15,0x3e5aa082
1789201295,2026-09-12T08:21:35Z,22,0x3e5aa082
1789202495,2026-09-12T08:41:35Z,27,0x3e5aa082
1789203695,2026-09-12T09:01:35Z,28,0x3e5aa082
1789204907,2026-09-12T09:21:47Z,22,0x3e5aa082
1789206107,2026-09-12T09:41:47Z,17,0x3e5aa082
1789207307,2026-09-12T10:01:47Z,31,0x3e5aa082
1789208519,2026-09-12T10:21:59Z,32,0x3e5aa082
1789209731,2026-09-12T10:42:11Z,16,0x3e5aa082
1789210943,2026-09-12T11:02:23Z,27,0x3e5aa082
1789212143,2026-09-12T11:22:23Z,29,0x3e5aa082
1789213343,2026-09-12T11:42:23Z,18,0x3e5aa082
1789214543,2026-09-12T12:02:23Z,18,0x3e5aa082
1789215743,2026-09-12T12:22:23Z,30,0x3e5aa082
1789216943,2026-09-12T12:42:23Z,25,0x3e5aa082
1789218143,2026-09-12T13:02:23Z,14,0x3e5aa082
1789219343,2026-09-12T13:22:23Z,26,0x3e5aa082
1789220543,2026-09-12T13:42:23Z,30,0x3e5aa082
1789221743,2026-09-12T14:02:23Z,26,0x3e5aa082
1789222955,2026-09-12T14:22:35Z,271,0x3e5aa082
1789224155,2026-09-12T14:42:35Z,244,0x3e5aa082
1789225367,2026-09-12T15:02:47Z,288,0x3e5aa082
1789226567,2026-09-12T15:22:47Z,280,0x3e5aa082
1789227767,2026-09-12T15:42:47Z,288,0x3e5aa082
1789228967,2026-09-12T16:02:47Z,190,0x3e5aa082
1789230167,2026-09-12T16:22:47Z,224,0x3e5aa082
1789231367,2026-09-12T16:42:47Z,221,0x3e5aa082
1789232567,2026-09-12T17:02:47Z,267,0x3e5aa082
1789233767,2026-09-12T17:22:47Z,115,0x917cf8ac
1789234967,2026-09-12T17:42:47Z,23,0x3e5aa082
1789236167,2026-09-12T18:02:47Z,20,0x3e5aa082
1789237367,2026-09-12T18:22:47Z,25,0x3e5aa082
1789238567,2026-09-12T18:42:47Z,23,0x3e5aa082
1789239767,2026-09-12T19:02:47Z,16,0x3e5aa082
1789240979,2026-09-12T19:22:59Z,23,0x917cf8ac
1789242191,2026-09-12T19:43:11Z,30,0x3e5aa082
1789243415,2026-09-12T20:03:35Z,51,0x3e5aa082
1789244615,2026-09-12T20:23:35Z,31,0x3e5aa082
1789245827,2026-09-12T20:43:47Z,32,0x3e5aa082
1789247039,2026-09-12T21:03:59Z,34,0x3e5aa082
1789248239,2026-09-12T21:23:59Z,32,0x3e5aa082
1789249439,2026-09-12T21:43:59Z,15,0x3e5aa082
1789250639,2026-09-12T22:03:59Z,14,0x3e5aa082
1789251839,2026-09-12T22:23:59Z,31,0x3e5aa082
1789253051,2026-09-12T22:44:11Z,15,0x3e5aa082
1789254263,2026-09-12T23:04:23Z,31,0x3e5aa082
1789255463,2026-09-12T23:24:23Z,29,0x3e5aa082
1789256663,2026-09-12T23:44:23Z,16,0x3e5aa082
1789257875,2026-09-13T00:04:35Z,24,0x917cf8ac
1789259087,2026-09-13T00:24:47Z,18,0x3e5aa082
1789260299,2026-09-13T00:44:59Z,24,0x3e5aa082
1789261511,2026-09-13T01:05:11Z,18,0x3e5aa082
1789262723,2026-09-13T01:25:23Z,30,0x3e5aa082
1789263935,2026-09-13T01:45:35Z,29,0x3e5aa082
1789265135,2026-09-13T02:05:35Z,14,0x3e5aa082
1789266335,2026-09-13T02:25:35Z,21,0x3e5aa082
1789267559,2026-09-13T02:45:59Z,24,0x3e5aa082
1789268771,2026-09-13T03:06:11Z,27,0x3e5aa082
1789269983,2026-09-13T03:26:23Z,22,0x3e5aa082
1789271207,2026-09-13T03:46:47Z,22,0x3e5aa082
1789272419,2026-09-13T04:06:59Z,25,0x3e5aa082
1789273631,2026-09-13T04:27:11Z,23,0x917cf8ac
1789274843,2026-09-13T04:47:23Z,24,0x3e5aa082
1789276067,2026-09-13T05:07:47Z,17,0x3e5aa082
1789277303,2026-09-13T05:28:23Z,24,0x3e5aa082
1789278515,2026-09-13T05:48:35Z,21,0x3e5aa082
1789279715,2026-09-13T06:08:35Z,30,0x3e5aa082
1789280927,2026-09-13T06:28:47Z,16,0x3e5aa082
1789282139,2026-09-13T06:48:59Z,22,0x3e5aa082
1789283363,2026-09-13T07:09:23Z,41,0x3e5aa082
1789284563,2026-09-13T07:29:23Z,16,0x3e5aa082
1789285763,2026-09-13T07:49:23Z,22,0x3e5aa082
1789286975,2026-09-13T08:09:35Z,25,0x3e5aa082
1789288175,2026-09-13T08:29:35Z,26,0x3e5aa082
1789289375,2026-09-13T08:49:35Z,29,0x3e5aa082
1789290587,2026-09-13T09:09:47Z,32,0x3e5aa082
1789291787,2026-09-13T09:29:47Z,17,0x3e5aa082
1789292999,2026-09-13T09:49:59Z,19,0x3e5aa082
1789294199,2026-09-13T10:09:59Z,25,0x3e5aa082
1789295399,2026-09-13T10:29:59Z,16,0x3e5aa082
1789296635,2026-09-13T10:50:35Z,27,0x917cf8ac
1789297835,2026-09-13T11:10:35Z,14,0x3e5aa082
1789299059,2026-09-13T11:30:59Z,22,0x3e5aa082
1789300271,2026-09-13T11:51:11Z,19,0x3e5aa082
1789301483,2026-09-13T12:11:23Z,23,0x3e5aa082
1789302683,2026-09-13T12:31:23Z,21,0x3e5aa082
1789303895,2026-09-13T12:51:35Z,28,0x3e5aa082
1789305095,2026-09-13T13:11:35Z,29,0x3e5aa082
1789306295,2026-09-13T13:31:35Z,27,0x3e5aa082
1789307507,2026-09-13T13:51:47Z,29,0x3e5aa082
1789308719,2026-09-13T14:11:59Z,34,0x3e5aa082
1789309931,2026-09-13T14:32:11Z,33,0x3e5aa082
1789311131,2026-09-13T14:52:11Z,69,0x3e5aa082
1789312331,2026-09-13T15:12:11Z,113,0x3e5aa082
1789313543,2026-09-13T15:32:23Z,228,0x3e5aa082
1789314743,2026-09-13T15:52:23Z,262,0x3e5aa082
1789315943,2026-09-13T16:12:23Z,246,0x3e5aa082
1789317155,2026-09-13T16:32:35Z,174,0x3e5aa082
1789318355,2026-09-13T16:52:35Z,33,0x3e5aa082
1789319567,2026-09-13T17:12:47Z,43,0x3e5aa082
1789320767,2026-09-13T17:32:47Z,27,0x3e5aa082
1789321979,2026-09-13T17:52:59Z,31,0x3e5aa082
1789323191,2026-09-13T18:13:11Z,34,0x3e5aa082
1789324391,2026-09-13T18:33:11Z,23,0x3e5aa082
1789325591,2026-09-13T18:53:11Z,66,0x3e5aa082
1789326791,2026-09-13T19:13:11Z,29,0x3e5aa082
1789328003,2026-09-13T19:33:23Z,37,0x3e5aa082
1789329203,2026-09-13T19:53:23Z,17,0x3e5aa082
1789330403,2026-09-13T20:13:23Z,48,0x3e5aa082
1789331603,2026-09-13T20:33:23Z,21,0x3e5aa082
1789332803,2026-09-13T20:53:23Z,45,0x3e5aa082
1789334003,2026-09-13T21:13:23Z,14,0x3e5aa082
1789335203,2026-09-13T21:33:23Z,22,0x3e5aa082
1789336403,2026-09-13T21:53:23Z,23,0x3e5aa082
1789337615,2026-09-13T22:13:35Z,39,0x3e5aa082
1789338827,2026-09-13T22:33:47Z,24,0x3e5aa082
1789340039,2026-09-13T22:53:59Z,29,0x3e5aa082
1789341251,2026-09-13T23:14:11Z,41,0x3e5aa082
1789342463,2026-09-13T23:34:23Z,22,0x3e5aa082
1789343675,2026-09-13T23:54:35Z,33,0x3e5aa082
1789344887,2026-09-14T00:14:47Z,33,0x3e5aa082
1789346099,2026-09-14T00:34:59Z,18,0x3e5aa082
1789347311,2026-09-14T00:55:11Z,25,0x3e5aa082
1789348523,2026-09-14T01:15:23Z,34,0x917cf8ac
1789349723,2026-09-14T01:35:23Z,24,0x3e5aa082
1789350935,2026-09-14T01:55:35Z,16,0x3e5aa082
1789352135,2026-09-14T02:15:35Z,17,0x3e5aa082
1789353335,2026-09-14T02:35:35Z,20,0x3e5aa082
1789354559,2026-09-14T02:55:59Z,27,0x3e5aa082
1789355771,2026-09-14T03:16:11Z,20,0x3e5aa082
1789356983,2026-09-14T03:36:23Z,24,0x3e5aa082
1789358195,2026-09-14T03:56:35Z,21,0x3e5aa082
1789359395,2026-09-14T04:16:35Z,20,0x3e5aa082
1789360607,2026-09-14T04:36:47Z,13,0x3e5aa082
1789361807,2026-09-14T04:56:47Z,27,0x3e5aa082
1789363019,2026-09-14T05:16:59Z,18,0x3e5aa082
1789364219,2026-09-14T05:36:59Z,17,0x917cf8ac
1789365431,2026-09-14T05:57:11Z,21,0x3e5aa082
1789366643,2026-09-14T06:17:23Z,22,0x3e5aa082
1789367855,2026-09-14T06:37:35Z,18,0x3e5aa082
1789369091,2026-09-14T06:58:11Z,30,0x3e5aa082
1789370291,2026-09-14T07:18:11Z,22,0x3e5aa082
1789371491,2026-09-14T07:38:11Z,18,0x3e5aa082
1789372703,2026-09-14T07:58:23Z,22,0x3e5aa082
1789373903,2026-09-14T08:18:23Z,22,0x3e5aa082
1789375115,2026-09-14T08:38:35Z,25,0x3e5aa082
1789376327,2026-09-14T08:58:47Z,24,0x3e5aa082
1789377527,2026-09-14T09:18:47Z,25,0x3e5aa082
1789378739,2026-09-14T09:38:59Z,18,0x3e5aa082
1789379951,2026-09-14T09:59:11Z,19,0x3e5aa082
1789381151,2026-09-14T10:19:11Z,13,0x3e5aa082
1789382375,2026-09-14T10:39:35Z,34,0x3e5aa082
1789383575,2026-09-14T10:59:35Z,24,0x3e5aa082
1789384787,2026-09-14T11:19:47Z,24,0x3e5aa082
1789385987,2026-09-14T11:39:47Z,22,0x3e5aa082
1789387187,2026-09-14T11:59:47Z,21,0x3e5aa082
1789388387,2026-09-14T12:19:47Z,28,0x3e5aa082
1789389599,2026-09-14T12:39:59Z,23,0x917cf8ac
1789390835,2026-09-14T13:00:35Z,55,0x3e5aa082
1789392047,2026-09-14T13:20:47Z,25,0x3e5aa082
1789393247,2026-09-14T13:40:47Z,74,0x3e5aa082
1789394447,2026-09-14T14:00:47Z,51,0x3e5aa082
1789395659,2026-09-14T14:20:59Z,23,0x3e5aa082
1789396859,2026-09-14T14:40:59Z,131,0x3e5aa082
1789398131,2026-09-14T15:02:11Z,203,0x3e5aa082
1789399331,2026-09-14T15:22:11Z,18,0x3e5aa082
1789400531,2026-09-14T15:42:11Z,19,0x3e5aa082
1789401731,2026-09-14T16:02:11Z,23,0x3e5aa082
1789402931,2026-09-14T16:22:11Z,29,0x3e5aa082
1789404131,2026-09-14T16:42:11Z,20,0x3e5aa082
1789405331,2026-09-14T17:02:11Z,20,0x3e5aa082
1789406531,2026-09-14T17:22:11Z,39,0x3e5aa082
1789407731,2026-09-14T17:42:11Z,29,0x3e5aa082
1789408931,2026-09-14T18:02:11Z,20,0x3e5aa082
1789410143,2026-09-14T18:22:23Z,26,0x3e5aa082
