block,timestamp,time_utc,tx_hash,from,to,blobs,gas_used,effective_gas_price_wei,base_fee_wei,priority_fee_per_gas_wei,is_robinhood
25903915,1788524411,2026-09-04T12:20:11Z,0xe7bf1d9761b337dc971c157b3020a10e49e0962da540d18cd6a3b8f45df1a559,0xdaa526086787d9debe1d7f3ffdb1fe50cf8687f4,0xbd0d173eeb87d57a09521c24388a12789f33ba96,3,144456,104824174,103824174,1000000,1
25903916,1788524423,2026-09-04T12:20:23Z,0x130f643e51e8700f51070d35bcf79d8b22cac02742c588f95da5a198520ce3c1,0x5050f69a9786f081509234f1a7f4684b5e5b76c9,0xff00000000000000000000000000000000008453,6,21000,2615030431,105030431,2510000000,0
25903916,1788524423,2026-09-04T12:20:23Z,0x75de4ab8a596eb4a5ec06fbfec3eaadeef064090bfd08029ea9a3adb9971eff2,0xf8ff3e62e94807a5c687f418fe36942dd3a24524,0xe28cac160c2a79dfa1fbd2169ac5fa5d061cf186,2,135251,107216717,105030431,2186286,0
25903916,1788524423,2026-09-04T12:20:23Z,0xea216118543fb84e1e8c10dc4777c2446c4decf75d96fe514b0dcb1c7fbe38cd,0xdaa526086787d9debe1d7f3ffdb1fe50cf8687f4,0xbd0d173eeb87d57a09521c24388a12789f33ba96,3,144456,106030431,105030431,1000000,1
25903916,1788524423,2026-09-04T12:20:23Z,0x481b534e727a6fa331537a80724abdac800764577102c0a68ca22b7b4e840a84,0xdaa526086787d9debe1d7f3ffdb1fe50cf8687f4,0xbd0d173eeb87d57a09521c24388a12789f33ba96,3,144456,106030431,105030431,1000000,1
25903917,1788524435,2026-09-04T12:20:35Z,0x6fe2a5d8ab81c394a7e680ead448d5ad6f1f1bbfe5f4ad5becfdb891f7aa5684,0x5e70713222faf60c9e9fb69240d06ae6d688563a,0x0004cb44c80b6fbf8ceb1d80af688c9f7c0b2ab5,1,21000,204437018,104437018,100000000,0
25903917,1788524435,2026-09-04T12:20:35Z,0xad5c153523a4737944e70d8928ce4c0a0f3b9b79821af2cab2e64bfdd249791a,0xdaa526086787d9debe1d7f3ffdb1fe50cf8687f4,0xbd0d173eeb87d57a09521c24388a12789f33ba96,3,144456,105437018,104437018,1000000,1
25903918,1788524447,2026-09-04T12:20:47Z,0xaf319a35561cc7325d3f777959be4399cd33537800a789445fef944d187ffb0a,0x98245d0adf4595c66f0a9db8e13c44cbff6be459,0x002bde9b0c0857aee2cffdea6b8723eaf5989449,3,21000,1100305683,100305683,1000000000,0
25903918,1788524447,2026-09-04T12:20:47Z,0x9c522614c3b48694b767335c503af36b03b167a612a75b8eb9b6662beb2c3c1a,0xeb41dd5963f4fbc8344fece272a6660999f54e26,0xca11bde05977b3631167028862be2a173976ca11,1,386016,112305683,100305683,12000000,0
25903918,1788524447,2026-09-04T12:20:47Z,0x43cd2f2daa038be91e6d3b51e8205fba95398ca1bb08d74ffd0e56e71b903d11,0xdaa526086787d9debe1d7f3ffdb1fe50cf8687f4,0xbd0d173eeb87d57a09521c24388a12789f33ba96,3,144456,101305683,100305683,1000000,1
25903918,1788524447,2026-09-04T12:20:47Z,0x50526c8f9cadac6aa1df1f27dd77921ab13116334a3bc48fa0d8c8d82bf35454,0xdaa526086787d9debe1d7f3ffdb1fe50cf8687f4,0xbd0d173eeb87d57a09521c24388a12789f33ba96,3,144456,101305683,100305683,1000000,1
25903920,1788524471,2026-09-04T12:21:11Z,0xe945ccff16d48f34b43befac9e53d1a9503aec9e2e3c10426e9d92fc5841b7dd,0xdaa526086787d9debe1d7f3ffdb1fe50cf8687f4,0xbd0d173eeb87d57a09521c24388a12789f33ba96,3,144456,99561843,98561843,1000000,1
25903921,1788524483,2026-09-04T12:21:23Z,0x3a5fb33eabcbd56c38225370a2834aef1fdbb04d593cdbfbdfa1c3dbc16499bb,0x5050f69a9786f081509234f1a7f4684b5e5b76c9,0xff00000000000000000000000000000000008453,6,21000,2610554433,100554433,2510000000,0
25903921,1788524483,2026-09-04T12:21:23Z,0xee8ec512b989646dca54fc0c1520cfce6052fff6ff85177402d41f0c2a8c9cd2,0x5f62d006c10c009ff50c878cd6157ac861c99990,0x6f21c543a4af5189ebdb0723827577e1ef57ef1f,1,75594,1100554433,100554433,1000000000,0
25903921,1788524483,2026-09-04T12:21:23Z,0xed445f53468ce4cf3dec32a0b5e4cbc4156472d65317bfdb833a5d9ad2976de7,0xc4f94828b1f1c43a35783975b1c0c8703c834b15,0x00b7cda0fa738014f2bf3b812ea08ec652452215,1,21000,1100554433,100554433,1000000000,0
25903921,1788524483,2026-09-04T12:21:23Z,0xcbd03d2d094fc5d75850da9ad148b591c52215aacd58cfcc0f653909b53d3ab8,0xc1b634853cb333d3ad8663715b08f41a3aec47cc,0x1c479675ad559dc151f6ec7ed3fbf8cee79582b6,3,177314,101554433,100554433,1000000,0
25903921,1788524483,2026-09-04T12:21:23Z,0xa5049af5ace90afa0be69fd86dc64cd5aae7a53977518ddc8065e68edacbfcfa,0xdaa526086787d9debe1d7f3ffdb1fe50cf8687f4,0xbd0d173eeb87d57a09521c24388a12789f33ba96,3,144456,101554433,100554433,1000000,1
25903922,1788524495,2026-09-04T12:21:35Z,0x05df4b5145378e7fc44227336c2fc2149a863b71c871a3f9a37ec6e393377bb9,0xb5bd290ef8ef3840cb866c7a8b7cc9e45fde3ab9,0x8c12f051c161c2cda736f3b3fa1c4bdd35b7922c,1,21000,1099882394,99882394,1000000000,0
25903923,1788524507,2026-09-04T12:21:47Z,0x770465cc5861404700ade1e833d90650a8217b5bb89866bc00875c6d886110b7,0x65115c6d23274e0a29a63b69130efe901aa52e7a,0xff00000000000000000000000000000000043111,1,21000,1097739121,97739121,1000000000,0
25903923,1788524507,2026-09-04T12:21:47Z,0x55dea78da654cf69b11c29adab0a1bbd13365184e285d88386690fa0ab4f4482,0xdaa526086787d9debe1d7f3ffdb1fe50cf8687f4,0xbd0d173eeb87d57a09521c24388a12789f33ba96,3,144456,98739121,97739121,1000000,1
25903924,1788524519,2026-09-04T12:21:59Z,0x91296784fbccca1a1027415d81f92a11629af9b0740623572613cd6674dc248c,0xdbbe3d8c2d2b22a2611c5a94a9a12c2fcd49eb29,0xff00000000000000000000000000000000000480,5,21000,5106954737,96954737,5010000000,0
25903924,1788524519,2026-09-04T12:21:59Z,0x507beb42688828695ce7e11bd6f642979e8fbbd52d7c2ce02c9be62fbc666124,0xba694234a1896694a07fee45ee4080a5ac70d838,0xca11bde05977b3631167028862be2a173976ca11,1,429383,108954737,96954737,12000000,0
25903924,1788524519,2026-09-04T12:21:59Z,0xa02b0cf20a7411abdb23c1c793a2a5f4c663a47044b70113b0ee02a4554a3f9c,0xdaa526086787d9debe1d7f3ffdb1fe50cf8687f4,0xbd0d173eeb87d57a09521c24388a12789f33ba96,3,144444,97954737,96954737,1000000,1
25903925,1788524531,2026-09-04T12:22:11Z,0x4f49b522d48c678656855cc461a809c2f6b67cd5c221e3fd5d8894f4ce6f5742,0xdaa526086787d9debe1d7f3ffdb1fe50cf8687f4,0xbd0d173eeb87d57a09521c24388a12789f33ba96,3,144444,99443356,98443356,1000000,1
25903926,1788524543,2026-09-04T12:22:23Z,0xd493c4cbc616d00578fb5ce751a3df1eacc7ddb04978e0abae1f796fad02737f,0x5050f69a9786f081509234f1a7f4684b5e5b76c9,0xff00000000000000000000000000000000008453,6,21000,2607148057,97148057,2510000000,0
25903926,1788524543,2026-09-04T12:22:23Z,0xf8d521365663b81748c0606dc51cb2bd6a479779d3297e30d41c0534d9e719f8,0xdaa526086787d9debe1d7f3ffdb1fe50cf8687f4,0xbd0d173eeb87d57a09521c24388a12789f33ba96,3,144456,98148057,97148057,1000000,1
25903926,1788524543,2026-09-04T12:22:23Z,0x547b7855b2f1b8ab7a14b937544367fde4d9e8eeffecf3ae4d161f424e610e86,0x2f40d796917ffb642bd2e2bdd2c762a5e40fd749,0xffeeddccbbaa0000000000000000000000000000,1,21000,97248057,97148057,100000,0
25903928,1788524567,2026-09-04T12:22:47Z,0xfafb00eb31ab879a830aaa754a4b4e10284aded1f70973820e49bc16f730f032,0xdaa526086787d9debe1d7f3ffdb1fe50cf8687f4,0xbd0d173eeb87d57a09521c24388a12789f33ba96,3,144456,92720606,91720606,1000000,1
25903928,1788524567,2026-09-04T12:22:47Z,0xbe2a66d64b8635e18e5ed63c536bf7000f77ea08f029f941a86b2a021b388a60,0xdaa526086787d9debe1d7f3ffdb1fe50cf8687f4,0xbd0d173eeb87d57a09521c24388a12789f33ba96,3,144456,92720606,91720606,1000000,1
25903928,1788524567,2026-09-04T12:22:47Z,0x65439bb7c38aeddff6f0ae5a51ea7aa4cd8f32e92bcadfd094c3eb74ad7aa2f8,0xdaa526086787d9debe1d7f3ffdb1fe50cf8687f4,0xbd0d173eeb87d57a09521c24388a12789f33ba96,3,144456,92720606,91720606,1000000,1
25903929,1788524579,2026-09-04T12:22:59Z,0xe12fe0670773adcc1aea0bd0b759c185d21fe53a0a6953a8cd57c10cd2c05952,0xc1b634853cb333d3ad8663715b08f41a3aec47cc,0x1c479675ad559dc151f6ec7ed3fbf8cee79582b6,3,168861,94692600,93692600,1000000,0
25903929,1788524579,2026-09-04T12:22:59Z,0xcea9441c5794db65d4739262e1ae02307472cd847c0ccc91fb9e035560a83ef2,0xdaa526086787d9debe1d7f3ffdb1fe50cf8687f4,0xbd0d173eeb87d57a09521c24388a12789f33ba96,3,144456,94692600,93692600,1000000,1
25903930,1788524591,2026-09-04T12:23:11Z,0x00c99e1164640f601f3161a09debedc2d9d24f312ceacfd2cb1a0111c8459773,0x191ff0ec830f83916a427d169a234c33e48aa79f,0x3b4d794a66304f130a4db8f2551b0070dfcf5ca7,1,183861,237378678,93658802,143719876,0
25903930,1788524591,2026-09-04T12:23:11Z,0x0c0cfa8adcf54a3c5d2e4f21d1423521755ca41d21e2522f08b55a1d2705c9b9,0xfaf2e4087f1b7e9863adb05392522c1f1d12d4b4,0xca11bde05977b3631167028862be2a173976ca11,1,434241,105658802,93658802,12000000,0
25903931,1788524603,2026-09-04T12:23:23Z,0x3aea20714092f1462232b83ea714d340f061318df8c896f9f9ee524e9c6d4a4b,0xc94c243f8fb37223f3eb2f7961f7072602a51b8b,0xc83f7d9f2d4a76e81145849381aba02602373723,1,21000,2096491188,96491188,2000000000,0
25903931,1788524603,2026-09-04T12:23:23Z,0x6222b8d7f7bb5b4aa06ff185e0a493fca5afea2c2c1c5d2912f990bb157153bf,0x5050f69a9786f081509234f1a7f4684b5e5b76c9,0xff00000000000000000000000000000000008453,6,21000,2606491188,96491188,2510000000,0
25903931,1788524603,2026-09-04T12:23:23Z,0xd41dd888390393657f921c63bf1dab3191540a6c104408b2ecd57e24228e1607,0xdaa526086787d9debe1d7f3ffdb1fe50cf8687f4,0xbd0d173eeb87d57a09521c24388a12789f33ba96,3,144456,97491188,96491188,1000000,1
25903931,1788524603,2026-09-04T12:23:23Z,0xb4f5490e09d3c811a65126fff5180338fb7b335e6bac3a602b57a94cf6290a48,0xdaa526086787d9debe1d7f3ffdb1fe50cf8687f4,0xbd0d173eeb87d57a09521c24388a12789f33ba96,3,144456,97491188,96491188,1000000,1
25903931,1788524603,2026-09-04T12:23:23Z,0x1e47af0b5dd7283d0fbd94d3158eec96ce25f76166ada1948a8f1e83a7f053d8,0xdaa526086787d9debe1d7f3ffdb1fe50cf8687f4,0xbd0d173eeb87d57a09521c24388a12789f33ba96,3,144456,97491188,96491188,1000000,1
25903931,1788524603,2026-09-04T12:23:23Z,0x8e759c0c5590a14e21b79f90073ee313b1503395401395ff2cd481adee78a296,0x6887246668a3b87f54deb3b94ba47a6f63f32985,0xff00000000000000000000000000000000000010,5,21000,97491188,96491188,1000000,0
25903932,1788524615,2026-09-04T12:23:35Z,0x7b4c32393b5ce68a1769f0d4f3a622668001766b4a3a07056317a48a65d23bcf,0x1ffda89c755f6d4af069897d77ccabb580fd412a,0x000d4411cdeb152378626b5c5e33fd5d6808939a,4,21000,1097999113,97999113,1000000000,0
25903932,1788524615,2026-09-04T12:23:35Z,0xdc1566d695dbe5ac9d1172587f704d5c7bd19d7e4a08d0cf2156fad2b12c819e,0xdaa526086787d9debe1d7f3ffdb1fe50cf8687f4,0xbd0d173eeb87d57a09521c24388a12789f33ba96,3,144456,98999113,97999113,1000000,1
25903933,1788524627,2026-09-04T12:23:47Z,0xccf0bd493d92b870be778109daf091451a780f981709170b2d279bdef9b72da2,0xdaa526086787d9debe1d7f3ffdb1fe50cf8687f4,0xbd0d173eeb87d57a09521c24388a12789f33ba96,3,144456,96374839,95374839,1000000,1
25903934,1788524639,2026-09-04T12:23:59Z,0xdf656ac7570070ccc44e080b24ad069d6c09792fc962bba4233b5cfc8968c39e,0xec7cd2030e0510763b2c2c87fc7e7ccc2f8c7463,0x009afe3a07dc5eb0e3d6dcffbcec2c3c90ea20e3,1,21000,1095514830,95514830,1000000000,0
25903934,1788524639,2026-09-04T12:23:59Z,0xbd5bbddd2245cbb79258d9a030b8dd4aa3772d3123eb3c3e63c1625f418149f8,0xdaa526086787d9debe1d7f3ffdb1fe50cf8687f4,0xbd0d173eeb87d57a09521c24388a12789f33ba96,3,144456,96514830,95514830,1000000,1
25903935,1788524651,2026-09-04T12:24:11Z,0x9b28a4895e9944900de8bc8f85626eaa1d69d2518c732a8cf29d4932c5f4f905,0xdaa526086787d9debe1d7f3ffdb1fe50cf8687f4,0xbd0d173eeb87d57a09521c24388a12789f33ba96,3,144456,87697460,86697460,1000000,1
25903936,1788524663,2026-09-04T12:24:23Z,0x58737b698659089e233f202e3c90200ab1ab62ffe25149c5e02bce53be40b7ad,0x5050f69a9786f081509234f1a7f4684b5e5b76c9,0xff00000000000000000000000000000000008453,6,21000,2605994798,95994798,2510000000,0
25903936,1788524663,2026-09-04T12:24:23Z,0x711e9741b8575a3c5cd7bfd25368e14ff740b252961743f5a971b5e3624d7aa0,0xd643785f3100f6eee5b0b0ed8de4bbc5241ccdf8,0xca11bde05977b3631167028862be2a173976ca11,1,395170,107994798,95994798,12000000,0
25903936,1788524663,2026-09-04T12:24:23Z,0x22dcd2434fa04d736b8370118ba9b5be3e7ba31b8bc723c56125e0b14f28aa51,0xdaa526086787d9debe1d7f3ffdb1fe50cf8687f4,0xbd0d173eeb87d57a09521c24388a12789f33ba96,3,144456,96994798,95994798,1000000,1
25903937,1788524675,2026-09-04T12:24:35Z,0x80410fc83c91f2f6e0bcc31426b5b3c1e42d81d25531082c55e73e6d575821b1,0x98245d0adf4595c66f0a9db8e13c44cbff6be459,0x002bde9b0c0857aee2cffdea6b8723eaf5989449,2,21000,1096573215,96573215,1000000000,0
25903937,1788524675,2026-09-04T12:24:35Z,0xd1398f869ba44015fbf6584105975ad850480e3c6da03f7a7bc4047abd03893d,0xa90c7cdb553332948e2943431436117ecfb1e781,0xdc26b08f0335b68721f64001c38b05d0bc9b539d,1,254947,146573215,96573215,50000000,0
25903937,1788524675,2026-09-04T12:24:35Z,0xa6ffd04738cd5e246f9a590b0dea4ee7da6c9c70f82338b811ef0baabc41ee99,0xdaa526086787d9debe1d7f3ffdb1fe50cf8687f4,0xbd0d173eeb87d57a09521c24388a12789f33ba96,3,152885,97573215,96573215,1000000,1
25903937,1788524675,2026-09-04T12:24:35Z,0x680b9001f911f5e2b624a75c985c95d2a09f4f2f5e717cbcb86e3ab98410ca62,0xdaa526086787d9debe1d7f3ffdb1fe50cf8687f4,0xbd0d173eeb87d57a09521c24388a12789f33ba96,3,144456,97573215,96573215,1000000,1
25903938,1788524687,2026-09-04T12:24:47Z,0x1a9dbcdba62bae4610cd971604854db2ca99c05d2528f9d0b645aab782319aa2,0x0c5911d57b24fcf1dc8b2608efbae57c7098e32d,0x211e1c4c7f1bf5351ac850ed10fd68cffcf6c21b,1,141838,101653568,100653568,1000000,0
25903938,1788524687,2026-09-04T12:24:47Z,0x5dc97f2d247e5f9583438ae888ebbda9d3a6e8d81efa91d0e62315568737bed2,0xdaa526086787d9debe1d7f3ffdb1fe50cf8687f4,0xbd0d173eeb87d57a09521c24388a12789f33ba96,3,144456,101653568,100653568,1000000,1
25903939,1788524699,2026-09-04T12:24:59Z,0x6c369d2582658069fede13624bfd6f188753876e00d2e67364696d680e179cc7,0xdaa526086787d9debe1d7f3ffdb1fe50cf8687f4,0xbd0d173eeb87d57a09521c24388a12789f33ba96,3,144456,99750047,98750047,1000000,1
25903940,1788524711,2026-09-04T12:25:11Z,0xfe5bda66064f264fe300366e692985cf18fcc5040e8a9230f9257f5f23f4105b,0xdaa526086787d9debe1d7f3ffdb1fe50cf8687f4,0xbd0d173eeb87d57a09521c24388a12789f33ba96,3,144456,98239036,97239036,1000000,1
25903940,1788524711,2026-09-04T12:25:11Z,0xcd83806ad026f4c13bcc4cee4dfccadac718ff793b1e24e768dcd84fbc490579,0xdaa526086787d9debe1d7f3ffdb1fe50cf8687f4,0xbd0d173eeb87d57a09521c24388a12789f33ba96,3,144456,98239036,97239036,1000000,1
25903940,1788524711,2026-09-04T12:25:11Z,0x2bbc023623c2d29a5b9b145c6eb71854ec3bc84a8fad0b4fdc761c613d17abd2,0xf8ff3e62e94807a5c687f418fe36942dd3a24524,0xe28cac160c2a79dfa1fbd2169ac5fa5d061cf186,2,135239,98239036,97239036,1000000,0
25903941,1788524723,2026-09-04T12:25:23Z,0x325821f7894471b62eca7869b954cd521ba59a608568f84a434563c44bd0d2e6,0x5050f69a9786f081509234f1a7f4684b5e5b76c9,0xff00000000000000000000000000000000008453,6,21000,2607342484,97342484,2510000000,0
25903941,1788524723,2026-09-04T12:25:23Z,0xbf208b54ce9fd7c041d4dd384d8ae35dd1114b2fc2c7f532ee6a1bec39944645,0x705623d3985cf88e5a69fc99ca7d089063449902,0xff00000000000000000000000000000000042069,1,21000,2097342484,97342484,2000000000,0
25903941,1788524723,2026-09-04T12:25:23Z,0x30bb41623030b2b1681fa953d77346c4ab2021a2e83956c53cebf2539b98a3b7,0x2f60a5184c63ca94f82a27100643dbabe4f3f7fd,0xff00000000000000000000000000000000000130,3,21000,2097342484,97342484,2000000000,0
25903941,1788524723,2026-09-04T12:25:23Z,0xb2212cda2a8f3978503fa9f4b30334982337e33acecf881c90d885dacdc0addb,0xdaa526086787d9debe1d7f3ffdb1fe50cf8687f4,0xbd0d173eeb87d57a09521c24388a12789f33ba96,3,144456,98342484,97342484,1000000,1
25903941,1788524723,2026-09-04T12:25:23Z,0x878d91c10d8adeb2bbde6a81ce5b0f8c406f562a024a322fbfd8e05d621bf462,0xc1b634853cb333d3ad8663715b08f41a3aec47cc,0x1c479675ad559dc151f6ec7ed3fbf8cee79582b6,3,168861,98342484,97342484,1000000,0
25903942,1788524735,2026-09-04T12:25:35Z,0xf303ec2c857a6114e8d16783c4dfd39117ab4bf0cc8663a90c79696733865ca3,0x768548d64bdf44e6d6332f1becc8a8fdab9e9bd2,0xca11bde05977b3631167028862be2a173976ca11,1,431144,105765818,93765818,12000000,0
25903942,1788524735,2026-09-04T12:25:35Z,0x0860717f30245da4e228546ef5577a913684cb437927ac34c5ad77ea1698b130,0xdaa526086787d9debe1d7f3ffdb1fe50cf8687f4,0xbd0d173eeb87d57a09521c24388a12789f33ba96,3,144456,94765818,93765818,1000000,1
25903945,1788524771,2026-09-04T12:26:11Z,0x07fecfe509086d11dda9a8ba8cf8b44f458fc8fc29db095be0b115fbe57f3376,0x191ff0ec830f83916a427d169a234c33e48aa79f,0x3b4d794a66304f130a4db8f2551b0070dfcf5ca7,1,183837,306188173,86188173,220000000,0
25903945,1788524771,2026-09-04T12:26:11Z,0x577bb8120ee364ee9b4165c1a3d9c7cc4a21905916b9e99786d215fdd95c3018,0xdaa526086787d9debe1d7f3ffdb1fe50cf8687f4,0xbd0d173eeb87d57a09521c24388a12789f33ba96,3,144456,87188173,86188173,1000000,1
25903945,1788524771,2026-09-04T12:26:11Z,0xb4eb2a5a5c6d66e54f50cff9c615aae22f719cc00ccd7e9a8a92f31bdcf0cf56,0xdaa526086787d9debe1d7f3ffdb1fe50cf8687f4,0xbd0d173eeb87d57a09521c24388a12789f33ba96,3,144456,87188173,86188173,1000000,1
25903945,1788524771,2026-09-04T12:26:11Z,0xf04c9f63daed027f1d19082fefab62dae1db7c3f06c4204070ff04c9c23038f3,0xdaa526086787d9debe1d7f3ffdb1fe50cf8687f4,0xbd0d173eeb87d57a09521c24388a12789f33ba96,3,144456,87188173,86188173,1000000,1
25903945,1788524771,2026-09-04T12:26:11Z,0xc696149987ecea17eae356be2441661c5f58fac55476a6239a03a6d293e97990,0xdaa526086787d9debe1d7f3ffdb1fe50cf8687f4,0xbd0d173eeb87d57a09521c24388a12789f33ba96,3,144456,87188173,86188173,1000000,1
25903945,1788524771,2026-09-04T12:26:11Z,0x18a16e14e3540b1132bc501d935e36f4d623df3aea2ea7028491202fcdc7605e,0xdaa526086787d9debe1d7f3ffdb1fe50cf8687f4,0xbd0d173eeb87d57a09521c24388a12789f33ba96,3,144456,87188173,86188173,1000000,1
25903946,1788524783,2026-09-04T12:26:23Z,0x9943126fe43daa9f2d51b5dd6e6df28d4d6ba85f1d0801b75f1f1320957d8d5e,0x5050f69a9786f081509234f1a7f4684b5e5b76c9,0xff00000000000000000000000000000000008453,6,21000,2601377775,91377775,2510000000,0
25903947,1788524795,2026-09-04T12:26:35Z,0x5499193fb872baf53c3dc7516d6615c633369cbe58bb5eb6e2a22f1ff3909bdc,0xdbbe3d8c2d2b22a2611c5a94a9a12c2fcd49eb29,0xff00000000000000000000000000000000000480,5,21000,5091435173,81435173,5010000000,0
25903947,1788524795,2026-09-04T12:26:35Z,0xec0199f8c217f8acddbc4a848a9d112e8cdab8748cb9ae00384cd8f8a07a1572,0x6db6161fc5662450e801398bad62dd9921216b98,0x005969bf0ecbf6edb6c47e5e94693b1c3651be97,6,21000,2081435173,81435173,2000000000,0
25903947,1788524795,2026-09-04T12:26:35Z,0x78706ab99f5e51cd926ccb21e2d80c14a633ea323f9b645191cf2a8206f97c1e,0x08f9f14ff43e112b18c96f0986f28cb1878f1d11,0x3a75346f81302aac0333fb5dcdd407e12a6cfa83,1,21000,2081435173,81435173,2000000000,0
25903947,1788524795,2026-09-04T12:26:35Z,0x1e55cb95dde37a50dda5ca8eeb4eecadc480a16112c0c4d0520a25a8047bab71,0x65115c6d23274e0a29a63b69130efe901aa52e7a,0xff00000000000000000000000000000000043111,1,21000,1081435173,81435173,1000000000,0
25903948,1788524807,2026-09-04T12:26:47Z,0x86c884a0e4f9899daa9bde3c83cd840200c09ac36d26e44dfd0b68cd93f1e564,0xb70182e718b72ccc24f91576abcea985c29c4c92,0xca11bde05977b3631167028862be2a173976ca11,1,345384,87654788,75654788,12000000,0
25903948,1788524807,2026-09-04T12:26:47Z,0xbdcc6b5d5a7810f854c470ca895b9e47011e759fa7bb2eb7627cde04cff8dc75,0xdaa526086787d9debe1d7f3ffdb1fe50cf8687f4,0xbd0d173eeb87d57a09521c24388a12789f33ba96,3,144456,76654788,75654788,1000000,1
25903948,1788524807,2026-09-04T12:26:47Z,0xe7242577d768912cfa414f40bb58768275a34c376d16bce30e9d726b50e7907a,0xdaa526086787d9debe1d7f3ffdb1fe50cf8687f4,0xbd0d173eeb87d57a09521c24388a12789f33ba96,3,144456,76654788,75654788,1000000,1
25903948,1788524807,2026-09-04T12:26:47Z,0x3437aa8fe46f8c957cb0bbff892402ca053a5fe09207e22a2773f2959a6ba641,0xdaa526086787d9debe1d7f3ffdb1fe50cf8687f4,0xbd0d173eeb87d57a09521c24388a12789f33ba96,3,144456,76654788,75654788,1000000,1
25903949,1788524819,2026-09-04T12:26:59Z,0x8f6253bdb7843b0f4cd49221ead32d713124b29b0a1bc63e35e8970b414b52ce,0xfd58bc438d910088c413b889eaa0aded5c0d1c26,0x1cf53fd9cd0b713be29f2b41ca17a943f138727f,1,105297,83838178,78838178,5000000,0
25903951,1788524843,2026-09-04T12:27:23Z,0x075219c2646ea51b16ce3372fb9e945018a896fbca0359fa9760f157f5abcda3,0xc94c243f8fb37223f3eb2f7961f7072602a51b8b,0xc83f7d9f2d4a76e81145849381aba02602373723,1,21000,2089732293,89732293,2000000000,0
25903951,1788524843,2026-09-04T12:27:23Z,0x2c9e617ffac1daec9e42974fd1198681a7251ba5e7af5831e319388d16c42b38,0x5050f69a9786f081509234f1a7f4684b5e5b76c9,0xff00000000000000000000000000000000008453,6,21000,2599732293,89732293,2510000000,0
25903951,1788524843,2026-09-04T12:27:23Z,0xb6ae652d2f043988857296f3f85db1ce23555eb952b97d38baaa2488b97bc8e3,0xdaa526086787d9debe1d7f3ffdb1fe50cf8687f4,0xbd0d173eeb87d57a09521c24388a12789f33ba96,3,144456,90732293,89732293,1000000,1
25903951,1788524843,2026-09-04T12:27:23Z,0x8992b980840b01eaaf59b2351a058c1c439c781e17e323a8d04fab3eddc153f3,0xdaa526086787d9debe1d7f3ffdb1fe50cf8687f4,0xbd0d173eeb87d57a09521c24388a12789f33ba96,3,144456,90732293,89732293,1000000,1
25903951,1788524843,2026-09-04T12:27:23Z,0x61d75b88d75127210f053bfa771da37b39e0c18fee885844b945ccb6965d164b,0xdaa526086787d9debe1d7f3ffdb1fe50cf8687f4,0xbd0d173eeb87d57a09521c24388a12789f33ba96,3,144456,90732293,89732293,1000000,1
25903951,1788524843,2026-09-04T12:27:23Z,0x3d01ee0d0654317578c96c3181e41cec6255bc45922072d9a1d8aabf0e1b57a7,0xdaa526086787d9debe1d7f3ffdb1fe50cf8687f4,0xbd0d173eeb87d57a09521c24388a12789f33ba96,3,144456,90732293,89732293,1000000,1
25903952,1788524855,2026-09-04T12:27:35Z,0x5fb784fed8895fc541458d94b2111ee6718003073b248c4193e5f7f3a0f336a3,0xc1b634853cb333d3ad8663715b08f41a3aec47cc,0x1c479675ad559dc151f6ec7ed3fbf8cee79582b6,3,177290,99750883,98750883,1000000,0
25903952,1788524855,2026-09-04T12:27:35Z,0x4d702d4d0f328aaea5cf3c10d4c1205a8e10a778e9cfeb1f5ceff0c106fae4a5,0xdaa526086787d9debe1d7f3ffdb1fe50cf8687f4,0xbd0d173eeb87d57a09521c24388a12789f33ba96,3,144456,99750883,98750883,1000000,1
25903952,1788524855,2026-09-04T12:27:35Z,0x838ffc5a3d14813a4377c5283cde757bc6013b6cdc1ed110a31f594576a124f8,0xdaa526086787d9debe1d7f3ffdb1fe50cf8687f4,0xbd0d173eeb87d57a09521c24388a12789f33ba96,3,144456,99750883,98750883,1000000,1
25903953,1788524867,2026-09-04T12:27:47Z,0x22c6642b30af224eb4fa19c3e0a74b377c2ed614b5bf132b86af8093c5e01cb8,0x5f62d006c10c009ff50c878cd6157ac861c99990,0x6f21c543a4af5189ebdb0723827577e1ef57ef1f,1,75594,1098825367,98825367,1000000000,0
25903954,1788524879,2026-09-04T12:27:59Z,0xda4d05d8a89177b32811b56e19e8be6d8a8bfe652ac1b319df38c6ddcbdfb8ec,0x5050f69a9786f081509234f1a7f4684b5e5b76c9,0xff00000000000000000000000000000000008453,6,21000,2606151217,96151217,2510000000,0
25903954,1788524879,2026-09-04T12:27:59Z,0x7d6aa69e770b502fc9849a31c9fda29c85da8ffd80b9355387d46e3e0cd332a9,0x1702a028576b122358888dd10608441293d18392,0xca11bde05977b3631167028862be2a173976ca11,1,434675,108151217,96151217,12000000,0
25903954,1788524879,2026-09-04T12:27:59Z,0xeac4e8d63a96a100ee099ee760e720fc0353486671c537c192fda7f376fbf4e2,0xdaa526086787d9debe1d7f3ffdb1fe50cf8687f4,0xbd0d173eeb87d57a09521c24388a12789f33ba96,3,144456,97151217,96151217,1000000,1
25903954,1788524879,2026-09-04T12:27:59Z,0xe61820015aa7f3540a0c59438c7a9763951b327a0e53f77a621f52a3ff9fc373,0xdaa526086787d9debe1d7f3ffdb1fe50cf8687f4,0xbd0d173eeb87d57a09521c24388a12789f33ba96,3,144456,97151217,96151217,1000000,1
25903954,1788524879,2026-09-04T12:27:59Z,0xa694657a0c1c3656ad7f7f1105e67c926e93f8b47c87fbf3a2cb88f906543b3c,0xdaa526086787d9debe1d7f3ffdb1fe50cf8687f4,0xbd0d173eeb87d57a09521c24388a12789f33ba96,3,144456,97151217,96151217,1000000,1
25903955,1788524891,2026-09-04T12:28:11Z,0x8fcc91919f67dc3244e171f973f63716667294e2542d95ff504852d1d9e77180,0x5df930bfa5daa2919d8f2a954a4f346a3b2cf8c2,0xff00000000000000000000000000000000042069,1,21000,1097251722,97251722,1000000000,0
25903955,1788524891,2026-09-04T12:28:11Z,0x14508ff138ecdb741903832ab44291a1ee6a3f7287670d0f486e9d7de1f90b0c,0xdaa526086787d9debe1d7f3ffdb1fe50cf8687f4,0xbd0d173eeb87d57a09521c24388a12789f33ba96,3,144456,98251722,97251722,1000000,1
25903955,1788524891,2026-09-04T12:28:11Z,0x99892bb71c6e88684913ecdf99ddbcb9438d7ce66361ba4b0812417c6feda3f2,0x6887246668a3b87f54deb3b94ba47a6f63f32985,0xff00000000000000000000000000000000000010,5,21000,98251722,97251722,1000000,0
25903956,1788524903,2026-09-04T12:28:23Z,0x4eabb249855c2173ad515ce1843aaf9c00c4a61be27104a8ea861afa04f22c25,0xf7ca543d652e38692fd12f989eb55b5327ec9a20,0xff00000000000000000000000000000000000360,1,21000,1100164093,100164093,1000000000,0
25903956,1788524903,2026-09-04T12:28:23Z,0x9c2dc6bca5b1b25cd38a95db8cb24d470a1ed156aa2806ea42bbee3e27b2151d,0x98245d0adf4595c66f0a9db8e13c44cbff6be459,0x002bde9b0c0857aee2cffdea6b8723eaf5989449,3,21000,1100164093,100164093,1000000000,0
25903956,1788524903,2026-09-04T12:28:23Z,0x185c045ed3810d06e572f691ce7b23d08047c673641c875c5f8840a21c46c426,0xdaa526086787d9debe1d7f3ffdb1fe50cf8687f4,0xbd0d173eeb87d57a09521c24388a12789f33ba96,3,144456,101164093,100164093,1000000,1
25903956,1788524903,2026-09-04T12:28:23Z,0xed08a1662870b35863a057ae630b8e5aa784e73a2d31ae411d9370e751faf2b8,0xdaa526086787d9debe1d7f3ffdb1fe50cf8687f4,0xbd0d173eeb87d57a09521c24388a12789f33ba96,3,144456,101164093,100164093,1000000,1
25903957,1788524915,2026-09-04T12:28:35Z,0xfd14c9733524198d2ec92a32bc45970c4372073f889d0ac3e2d621f40bdf5ac9,0xdaa526086787d9debe1d7f3ffdb1fe50cf8687f4,0xbd0d173eeb87d57a09521c24388a12789f33ba96,3,144456,98878728,97878728,1000000,1
25903958,1788524927,2026-09-04T12:28:47Z,0xca8fd64a076756bc67dfb74057f5beb0305b61c8f708998a2eeaa754b042dbb3,0x46d2f319fd42165d4318f099e143dea8124e9e3e,0xd19d4b5d358258f05d7b411e21a1460d11b0876f,3,231148,601824815,101824815,500000000,0
25903958,1788524927,2026-09-04T12:28:47Z,0x8c686e7a25ca2ca3abf02d045268acee7eebcef236618db9f71300097a2fbb2b,0xdaa526086787d9debe1d7f3ffdb1fe50cf8687f4,0xbd0d173eeb87d57a09521c24388a12789f33ba96,3,144456,102824815,101824815,1000000,1
25903959,1788524939,2026-09-04T12:28:59Z,0x352c1a2abd479fe57875c98d63d0da773b15b8b7815ae5e619aa7f1501f5a641,0xec7cd2030e0510763b2c2c87fc7e7ccc2f8c7463,0x009afe3a07dc5eb0e3d6dcffbcec2c3c90ea20e3,1,21000,1097441837,97441837,1000000000,0
25903959,1788524939,2026-09-04T12:28:59Z,0x79841b0ba22f9dfa7474ca8d964326613237b3bb8f6d96b233a7763ef066c326,0x6776be80dbada6a02b5f2095cf13734ac303b8d1,0x008dc74cecc9deda8595b2fe210ce5979f0bfa8e,5,21000,5097441837,97441837,5000000000,0
25903959,1788524939,2026-09-04T12:28:59Z,0x343d07f65a5cbb28b8290548c1462f609e07c7ccc4883102740e98e11252b14e,0x5050f69a9786f081509234f1a7f4684b5e5b76c9,0xff00000000000000000000000000000000008453,6,21000,2607441837,97441837,2510000000,0
25903959,1788524939,2026-09-04T12:28:59Z,0x51c203018355237c4cb41e0ec1abaf3e17abb7be39da27b557f382a03b8946b3,0xdaa526086787d9debe1d7f3ffdb1fe50cf8687f4,0xbd0d173eeb87d57a09521c24388a12789f33ba96,3,144456,98441837,97441837,1000000,1
25903960,1788524951,2026-09-04T12:29:11Z,0x5ba3478c630794b16c785e6f65269a31cfccf8cb41a3acf4c6f4983d9479d452,0x191ff0ec830f83916a427d169a234c33e48aa79f,0x3b4d794a66304f130a4db8f2551b0070dfcf5ca7,1,183813,450015490,98615490,351400000,0
25903960,1788524951,2026-09-04T12:29:11Z,0xe95608df406d5d615b148c2498c8cad14f55597cc6ad2691c9a8842e7a1a9e7a,0xad200c23381696a0f86ed526533e512e902ac6fc,0xca11bde05977b3631167028862be2a173976ca11,1,377806,111615490,98615490,13000000,0
25903960,1788524951,2026-09-04T12:29:11Z,0x1c61e9630389bc05d33f675f0d33ed3795a93ff01161b5c9da0e857972f454bd,0xc1b634853cb333d3ad8663715b08f41a3aec47cc,0x1c479675ad559dc151f6ec7ed3fbf8cee79582b6,3,168861,99615490,98615490,1000000,0
25903960,1788524951,2026-09-04T12:29:11Z,0xf075f11f7401661799d9a81be02584258ddaf020f79a00cc432add28cef60dcd,0xdaa526086787d9debe1d7f3ffdb1fe50cf8687f4,0xbd0d173eeb87d57a09521c24388a12789f33ba96,3,144456,99615490,98615490,1000000,1
25903963,1788524987,2026-09-04T12:29:47Z,0x461a4ba05a0b3cb325c0d7baef05df39f682ae57c851dc8af83b4a130fd9e647,0x5050f69a9786f081509234f1a7f4684b5e5b76c9,0xff00000000000000000000000000000000008453,6,21000,2613373897,103373897,2510000000,0
25903963,1788524987,2026-09-04T12:29:47Z,0x402030f6eb5f65f1ddd03efd1cfc90444403bd870a78cb347800192d0104f7be,0x5e70713222faf60c9e9fb69240d06ae6d688563a,0x0004cb44c80b6fbf8ceb1d80af688c9f7c0b2ab5,1,21000,203373897,103373897,100000000,0
25903963,1788524987,2026-09-04T12:29:47Z,0xc802cfaee433c4d49f847dbd044ee65231b922d8b713a4d698c93049dbcecd33,0xdaa526086787d9debe1d7f3ffdb1fe50cf8687f4,0xbd0d173eeb87d57a09521c24388a12789f33ba96,3,144456,104373897,103373897,1000000,1
25903963,1788524987,2026-09-04T12:29:47Z,0xc01c332e20c8e8f96a29c6119e23c0f65ca98e49eecee51deac6d3f9052d7441,0xdaa526086787d9debe1d7f3ffdb1fe50cf8687f4,0xbd0d173eeb87d57a09521c24388a12789f33ba96,3,144456,104373897,103373897,1000000,1
25903969,1788525059,2026-09-04T12:30:59Z,0x3f9718048fd887cbdc971d770293cdc44b4bc5a281081869440a23499107720d,0xdbbe3d8c2d2b22a2611c5a94a9a12c2fcd49eb29,0xff00000000000000000000000000000000000480,5,21000,5133437786,123437786,5010000000,0
25903970,1788525071,2026-09-04T12:31:11Z,0x90081c48d1dbb1d2360df379ed5aefe625be268e1fde26112580dff83d2418b4,0x2f60a5184c63ca94f82a27100643dbabe4f3f7fd,0xff00000000000000000000000000000000000130,3,21000,2138851862,138851862,2000000000,0
25903970,1788525071,2026-09-04T12:31:11Z,0xd8853573785f4e154daa352996b29ae5a2f02c6a2436e8efde97466a20a6d945,0xae13ce4cd416cb4598865aa5ac8d13532bd3cd99,0xe0a28b8918a62edb825055221a1df12c7c81bac1,1,118226,1138851862,138851862,1000000000,0
25903971,1788525083,2026-09-04T12:31:23Z,0xf8c24128350992fd5b9d3ecf3098808cbe324953a08171363dbb61c12eb3f13d,0xc94c243f8fb37223f3eb2f7961f7072602a51b8b,0xc83f7d9f2d4a76e81145849381aba02602373723,1,21000,2145555756,145555756,2000000000,0
25903971,1788525083,2026-09-04T12:31:23Z,0x91dd2ef1f3fbd9335abad3cf993c8b32b7e04833be8807d603fdce0ea14820e4,0x65115c6d23274e0a29a63b69130efe901aa52e7a,0xff00000000000000000000000000000000043111,1,21000,1145555756,145555756,1000000000,0
25903971,1788525083,2026-09-04T12:31:23Z,0x8eda4752e9beb5c210393e21620a36d79e4c4f64106ae36f4f8bd3cdf7e8a353,0x5050f69a9786f081509234f1a7f4684b5e5b76c9,0xff00000000000000000000000000000000008453,6,21000,2655555756,145555756,2510000000,0
25903971,1788525083,2026-09-04T12:31:23Z,0x4db98de813e3516025d82ea3c17033ffe5b1f5057073636449f0bd077d44e4b7,0x5050f69a9786f081509234f1a7f4684b5e5b76c9,0xff00000000000000000000000000000000008453,6,21000,2655555756,145555756,2510000000,0
25903971,1788525083,2026-09-04T12:31:23Z,0xa00c215314a9590e1c0ce3302c15c2aee51212c8613163b30c6338bd4baf3b40,0x5050f69a9786f081509234f1a7f4684b5e5b76c9,0xff00000000000000000000000000000000008453,6,21000,2655555756,145555756,2510000000,0
25903972,1788525095,2026-09-04T12:31:35Z,0x7986572f123145d0a129ab4e7c93f34ef44e4d4aa97d0160dd64407864029191,0x2f60a5184c63ca94f82a27100643dbabe4f3f7fd,0xff00000000000000000000000000000000000130,3,21000,2160789493,160789493,2000000000,0
25903976,1788525143,2026-09-04T12:32:23Z,0x3e273b3475816c400393f491d572999a9bd45e4c85c121abc9d6df8166e1a3ed,0xb335e34e8b488718b70cdea29c4f8c2ea5c14bb4,0xb335e34e8b488718b70cdea29c4f8c2ea5c14bb4,1,21000,2125068500,205068500,1920000000,0
25903979,1788525179,2026-09-04T12:32:59Z,0x44f708eef791d681db79835426d9e3e7bbb4a8fc65b4a91be6af4eb5d4c20641,0x2f60a5184c63ca94f82a27100643dbabe4f3f7fd,0xff00000000000000000000000000000000000130,3,21000,2224767037,224767037,2000000000,0
25903979,1788525179,2026-09-04T12:32:59Z,0x135bbe5ec0188295b60dbb4442cd7ba411b66d7c05194edf4f2e9c366614bd05,0x98245d0adf4595c66f0a9db8e13c44cbff6be459,0x002bde9b0c0857aee2cffdea6b8723eaf5989449,4,21000,2224767037,224767037,2000000000,0
25903980,1788525191,2026-09-04T12:33:11Z,0x4e3a0d6e7887e5d6af06262dccd4b7d97ce894d544894e049344eff2fac21b20,0x6db6161fc5662450e801398bad62dd9921216b98,0x005969bf0ecbf6edb6c47e5e94693b1c3651be97,6,21000,2242655741,242655741,2000000000,0
25903980,1788525191,2026-09-04T12:33:11Z,0xf1324959bc97f7040d7ae6c415a038596b81bb9a9f426a20d6e3256e70b3aac1,0x5050f69a9786f081509234f1a7f4684b5e5b76c9,0xff00000000000000000000000000000000008453,6,21000,5262655741,242655741,5020000000,0
25903980,1788525191,2026-09-04T12:33:11Z,0x09591005144fba856adc5b65ba155ee267402a1c3a0cf07615a82140bbb4fcb4,0x6ab0e960911b50f6d14f249782ac12ec3e7584a0,0x759894ced0e6af42c26668076ffa84d02e3cef60,1,272491,742655741,242655741,500000000,0
25903981,1788525203,2026-09-04T12:33:23Z,0x6f65cc435d07c52036089680eced5613d31e133557757d22e986329da34b2b18,0x5050f69a9786f081509234f1a7f4684b5e5b76c9,0xff00000000000000000000000000000000008453,6,21000,5283089097,263089097,5020000000,0
25903981,1788525203,2026-09-04T12:33:23Z,0xaa5605368b0f63e9da64add98205201935178ceb9024526ec28c222e1f80f11f,0x5050f69a9786f081509234f1a7f4684b5e5b76c9,0xff00000000000000000000000000000000008453,6,21000,5283089097,263089097,5020000000,0
25903981,1788525203,2026-09-04T12:33:23Z,0xf218f671d644d9d56109c12a33ff489933e9ae8849ca973203bb4f02d23ffe84,0xdbbe3d8c2d2b22a2611c5a94a9a12c2fcd49eb29,0xff00000000000000000000000000000000000480,5,21000,5273089097,263089097,5010000000,0
25903981,1788525203,2026-09-04T12:33:23Z,0xe03f6dd2169c329701c4298cea99b163921ce7b584f8a7f1bd886fbb9e0648ae,0x191ff0ec830f83916a427d169a234c33e48aa79f,0x3b4d794a66304f130a4db8f2551b0070dfcf5ca7,1,154836,467540328,263089097,204451231,0
25903981,1788525203,2026-09-04T12:33:23Z,0xd7a761cc6fa7b6d54369b50752e52716ba909d73b33fffaf2ab712a93d21a5bf,0xfaf2e4087f1b7e9863adb05392522c1f1d12d4b4,0xca11bde05977b3631167028862be2a173976ca11,1,355715,359089097,263089097,96000000,0
25903982,1788525215,2026-09-04T12:33:35Z,0xc8917293c6f52df4d6deaadd7ca90969c13d3b2d649a4bfe6db28607da11caa1,0x99199a22125034c808ff20f377d91187e8050f2e,0x24e59d9d3bd73ccc28dc54062af7ef7bff58bd67,1,21000,2295969835,295969835,2000000000,0
25903982,1788525215,2026-09-04T12:33:35Z,0x2c37e56ac294b52bf4848bb6f38fc565b3a30f368dc1bf95a1adaf9139acca97,0x5050f69a9786f081509234f1a7f4684b5e5b76c9,0xff00000000000000000000000000000000008453,6,21000,5315969835,295969835,5020000000,0
25903982,1788525215,2026-09-04T12:33:35Z,0xe9d318bd46e11f0736aaf2306cd3763392e75527d43c9d39f400a417c887f679,0x1ffda89c755f6d4af069897d77ccabb580fd412a,0x000d4411cdeb152378626b5c5e33fd5d6808939a,4,21000,1295969835,295969835,1000000000,0
25903984,1788525239,2026-09-04T12:33:59Z,0xd18cd92db6dce9906019a7911dd0f85bd838926f9fd380c3a38281e4969a4137,0xec7cd2030e0510763b2c2c87fc7e7ccc2f8c7463,0x009afe3a07dc5eb0e3d6dcffbcec2c3c90ea20e3,1,21000,1335856047,335856047,1000000000,0
25903984,1788525239,2026-09-04T12:33:59Z,0xbb3c5a41da7708d4f3ce74c2b8c5460db7e8f2a75d13cc1758e8b2635a646663,0x5050f69a9786f081509234f1a7f4684b5e5b76c9,0xff00000000000000000000000000000000008453,6,21000,5355856047,335856047,5020000000,0
25903985,1788525251,2026-09-04T12:34:11Z,0xe0e7d8cef37cf65cca816dc34a29a7cb468d4909be424a0a7e9951688255228a,0x5050f69a9786f081509234f1a7f4684b5e5b76c9,0xff00000000000000000000000000000000008453,6,21000,5385188790,365188790,5020000000,0
25903985,1788525251,2026-09-04T12:34:11Z,0x9ceedeed7750b16ddb3ab909e13f7bc067af4f9fc2ae073e2b6ee86da9ee038d,0x5050f69a9786f081509234f1a7f4684b5e5b76c9,0xff00000000000000000000000000000000008453,6,21000,5385188790,365188790,5020000000,0
25903985,1788525251,2026-09-04T12:34:11Z,0x4bb8588ba2accc1ddc625759dc26166670910a70f1934b6109924f5d17b8efa1,0x5050f69a9786f081509234f1a7f4684b5e5b76c9,0xff00000000000000000000000000000000008453,6,21000,2875188790,365188790,2510000000,0
25903986,1788525263,2026-09-04T12:34:23Z,0x42a9f0b2dff9ce1dfca5fda5408c5afd8a1840a10c2befe52f65691bc89442e3,0x6887246668a3b87f54deb3b94ba47a6f63f32985,0xff00000000000000000000000000000000000010,5,21000,2356079199,356079199,2000000000,0
25903986,1788525263,2026-09-04T12:34:23Z,0x2fbe9ed59f13798b966dbfa56d0cbb2aeb51cd729fe3e1103bafa6a3d96a905a,0x5050f69a9786f081509234f1a7f4684b5e5b76c9,0xff00000000000000000000000000000000008453,6,21000,2866079199,356079199,2510000000,0
25903986,1788525263,2026-09-04T12:34:23Z,0x29c07514195049232ad9ed1dc8b993de99fce6210197e0432a959fe978530b82,0x5050f69a9786f081509234f1a7f4684b5e5b76c9,0xff00000000000000000000000000000000008453,6,21000,2866079199,356079199,2510000000,0
25903986,1788525263,2026-09-04T12:34:23Z,0x78f818d0e490e9b6f1a906965524650031ca9428ccedf1c57f3b18f238db052a,0x5f62d006c10c009ff50c878cd6157ac861c99990,0x6f21c543a4af5189ebdb0723827577e1ef57ef1f,1,75594,1356079199,356079199,1000000000,0
25903987,1788525275,2026-09-04T12:34:35Z,0x8abd618f946bf2135a9d6aa542ad1c625efcf034d34d8b1db45bb134dfc40d5a,0x6887246668a3b87f54deb3b94ba47a6f63f32985,0xff00000000000000000000000000000000000010,5,21000,4235484305,395484305,3840000000,0
25903987,1788525275,2026-09-04T12:34:35Z,0x64b42de239fd97b52f4d168d52cd1b85a0c981c001e95bfe58f0223feecaff34,0x5050f69a9786f081509234f1a7f4684b5e5b76c9,0xff00000000000000000000000000000000008453,6,21000,2905484305,395484305,2510000000,0
25903987,1788525275,2026-09-04T12:34:35Z,0x19255b6a88452c29c3a0a03de27e478d759bd8c21eb3abb574e45c31ebb920ab,0x5050f69a9786f081509234f1a7f4684b5e5b76c9,0xff00000000000000000000000000000000008453,6,21000,2905484305,395484305,2510000000,0
25903988,1788525287,2026-09-04T12:34:47Z,0x2d0fc01654f6c5b0e9d30c91c88feb6b46450d5f050d32b352fafc20ad8c70e6,0xd0b4c3ac8a50b6f1b3949adaf55cc9805620eb57,0x003e40d3125591bd722ab1bb880c78e4d74d0977,1,21000,1442582473,442582473,1000000000,0
25903988,1788525287,2026-09-04T12:34:47Z,0x4ba2ef7d127dcabec1c1000f1c961a0aba0be52804d92c1c41871e85bff751c6,0x1ffda89c755f6d4af069897d77ccabb580fd412a,0x000d4411cdeb152378626b5c5e33fd5d6808939a,6,21000,1442582473,442582473,1000000000,0
25903988,1788525287,2026-09-04T12:34:47Z,0x2a08ed4047c2e5c7221e277a6c22760020f948c07263cd2a528b5fc8329691ea,0x2f60a5184c63ca94f82a27100643dbabe4f3f7fd,0xff00000000000000000000000000000000000130,3,21000,2442582473,442582473,2000000000,0
25903988,1788525287,2026-09-04T12:34:47Z,0xa3e1af6d43a9a4c2525d5ea59a655aa52a43f026dea3d08b088c4f41586ab0ca,0x6887246668a3b87f54deb3b94ba47a6f63f32985,0xff00000000000000000000000000000000000010,5,21000,2442582473,442582473,2000000000,0
25903988,1788525287,2026-09-04T12:34:47Z,0x34c848246c468e891cb0283da4aef2a4ee707120274ad94624e51ca0f6f8f062,0x6887246668a3b87f54deb3b94ba47a6f63f32985,0xff00000000000000000000000000000000000010,5,21000,4442582473,442582473,4000000000,0
25903989,1788525299,2026-09-04T12:34:59Z,0xd60cd8b018145f8f24f88b977a58229e4a39474d52eb40cc9dc2686b09066c99,0xfaf2e4087f1b7e9863adb05392522c1f1d12d4b4,0xca11bde05977b3631167028862be2a173976ca11,1,355038,571064402,475064402,96000000,0
25903990,1788525311,2026-09-04T12:35:11Z,0x985b3ca145842d00da4be76a55fcc5a17d44b4626fbdadd0fcc0db6866f4c5d7,0xc94c243f8fb37223f3eb2f7961f7072602a51b8b,0xc83f7d9f2d4a76e81145849381aba02602373723,1,21000,2533989375,533989375,2000000000,0
25903991,1788525323,2026-09-04T12:35:23Z,0x3a582fa311bb71d29695c27d0c39f152673d136c9584ee77e27788b718bc313c,0x5050f69a9786f081509234f1a7f4684b5e5b76c9,0xff00000000000000000000000000000000008453,6,21000,5595111861,575111861,5020000000,0
25903991,1788525323,2026-09-04T12:35:23Z,0xd00ddb216bc44d2f74954a002393f6a9eb236b4ff482d8bc38245c7df29a9704,0x6887246668a3b87f54deb3b94ba47a6f63f32985,0xff00000000000000000000000000000000000010,5,21000,2575111861,575111861,2000000000,0
25903991,1788525323,2026-09-04T12:35:23Z,0x20d09bb3374039f31eed5eb35b2b28a2c646b22ba57dac2e4cf72a6994ee2f55,0xfaf2e4087f1b7e9863adb05392522c1f1d12d4b4,0xca11bde05977b3631167028862be2a173976ca11,1,344374,599111861,575111861,24000000,0
25903992,1788525335,2026-09-04T12:35:35Z,0x87b5f6436bfffedf3930edbd9b2da8c38bdbb2548facd6653c996cbe3706087a,0xb5bd290ef8ef3840cb866c7a8b7cc9e45fde3ab9,0x8c12f051c161c2cda736f3b3fa1c4bdd35b7922c,1,21000,1624098046,624098046,1000000000,0
25903992,1788525335,2026-09-04T12:35:35Z,0xa6618ac8e798ec73a9613c4da2d217bab122e755fc157338fc6189ed0b38eb5f,0x6db6161fc5662450e801398bad62dd9921216b98,0x005969bf0ecbf6edb6c47e5e94693b1c3651be97,6,21000,2624098046,624098046,2000000000,0
25903992,1788525335,2026-09-04T12:35:35Z,0x1c104be01b96fda35f975feb097bfd91e3bf9d91fd336b74311a594585535b0a,0x6887246668a3b87f54deb3b94ba47a6f63f32985,0xff00000000000000000000000000000000000010,5,21000,3134098046,624098046,2510000000,0
25903992,1788525335,2026-09-04T12:35:35Z,0x7f846d12108b19f986baab2e1fc67fef63f60da972ef7312788f1675cd3d7634,0x5050f69a9786f081509234f1a7f4684b5e5b76c9,0xff00000000000000000000000000000000008453,6,21000,5644098046,624098046,5020000000,0
25903992,1788525335,2026-09-04T12:35:35Z,0xd33dbb41dd49d96daf21a6dcec7af73209e5d486d13e0a3a4d4cd7fef24e7cfd,0x191ff0ec830f83916a427d169a234c33e48aa79f,0x3b4d794a66304f130a4db8f2551b0070dfcf5ca7,1,154452,1542074411,624098046,917976365,0
25903992,1788525335,2026-09-04T12:35:35Z,0x73827a456405295649d229b28eb8cc79d3e1fe5791f4101ad5bbc5ed05afb08f,0x2f40d796917ffb642bd2e2bdd2c762a5e40fd749,0xffeeddccbbaa0000000000000000000000000000,1,21000,627298046,624098046,3200000,0
25903993,1788525347,2026-09-04T12:35:47Z,0xf1101f1f8b05467dbfe414dfdaa43c66b5ea527066d94be076f5afb0f621d75f,0x5050f69a9786f081509234f1a7f4684b5e5b76c9,0xff00000000000000000000000000000000008453,6,21000,5720033425,700033425,5020000000,0
25903995,1788525371,2026-09-04T12:36:11Z,0x18f4929f711434d4c0cb39551b3007443e06393d999a9ffd325703799bb4b35c,0x5050f69a9786f081509234f1a7f4684b5e5b76c9,0xff00000000000000000000000000000000008453,6,21000,5706272287,686272287,5020000000,0
25903995,1788525371,2026-09-04T12:36:11Z,0x03c6ff9d11698f8e9ad51fbb9791e0e3038002503da045771fb6f88316fa8186,0x5050f69a9786f081509234f1a7f4684b5e5b76c9,0xff00000000000000000000000000000000008453,5,21000,5706272287,686272287,5020000000,0
25903995,1788525371,2026-09-04T12:36:11Z,0x65695572450af281a669a783e0aa101144253eac3c37ebc403eb4235fdea00ac,0x5050f69a9786f081509234f1a7f4684b5e5b76c9,0xff00000000000000000000000000000000008453,6,21000,3196272287,686272287,2510000000,0
25903995,1788525371,2026-09-04T12:36:11Z,0xdc45898fab2f92f73ae3864da3cae1b6bc523473df94c3a53be2b0c8d2903853,0x65115c6d23274e0a29a63b69130efe901aa52e7a,0xff00000000000000000000000000000000043111,1,21000,1686272287,686272287,1000000000,0
25903997,1788525395,2026-09-04T12:36:35Z,0x7a864846931a48ccd26bc11ed9070ba49945c385db5e88dc50c9a814e42d165b,0x5050f69a9786f081509234f1a7f4684b5e5b76c9,0xff00000000000000000000000000000000008453,6,21000,5672466321,652466321,5020000000,0
25903997,1788525395,2026-09-04T12:36:35Z,0x7e7276fc75811f7fa4c3e7931a175300c05bfd91f68afd9acfb798ac6582ea12,0x6776be80dbada6a02b5f2095cf13734ac303b8d1,0x008dc74cecc9deda8595b2fe210ce5979f0bfa8e,5,21000,5652466321,652466321,5000000000,0
25903997,1788525395,2026-09-04T12:36:35Z,0x3d0ccd690efc1836b55cdb780cd212dd6b4f58b6f2e19e38a8d13d1fbc52a52a,0x98245d0adf4595c66f0a9db8e13c44cbff6be459,0x002bde9b0c0857aee2cffdea6b8723eaf5989449,4,21000,2652466321,652466321,2000000000,0
25903999,1788525419,2026-09-04T12:36:59Z,0x4235167cd3849a7751e2b57334495e94d391b92728026049108719e6269d9c36,0x5050f69a9786f081509234f1a7f4684b5e5b76c9,0xff00000000000000000000000000000000008453,6,21000,5687068282,667068282,5020000000,0
25903999,1788525419,2026-09-04T12:36:59Z,0xb05b0be0e9415d19ac0225e8e15309a277700c02e8ecdd3794297460a8a99a39,0x6887246668a3b87f54deb3b94ba47a6f63f32985,0xff00000000000000000000000000000000000010,5,21000,3177068282,667068282,2510000000,0
25904000,1788525431,2026-09-04T12:37:11Z,0xebddefabbfaa290b0027ee823c3c6d71feebfe668c4d7e7384a1c316005cd698,0xdbbe3d8c2d2b22a2611c5a94a9a12c2fcd49eb29,0xff00000000000000000000000000000000000480,5,21000,5684328161,674328161,5010000000,0
25904001,1788525443,2026-09-04T12:37:23Z,0xa088ed535fbff7b2c111327217ee16a5b8c5f8c9cb6087784f6be09887ff30fa,0xb335e34e8b488718b70cdea29c4f8c2ea5c14bb4,0xca11bde05977b3631167028862be2a173976ca11,1,373970,810111662,714111662,96000000,0
25904001,1788525443,2026-09-04T12:37:23Z,0xc579093a3c3e3237564aa6382060b17533fd481afd9a6e4ce46b7852cda108d3,0x5050f69a9786f081509234f1a7f4684b5e5b76c9,0xff00000000000000000000000000000000008453,6,21000,5734111662,714111662,5020000000,0
25904001,1788525443,2026-09-04T12:37:23Z,0xcc464cff14a1bfe9359133616418449011165aba67f988b6148f1bd324230efa,0x5050f69a9786f081509234f1a7f4684b5e5b76c9,0xff00000000000000000000000000000000008453,6,21000,5734111662,714111662,5020000000,0
25904001,1788525443,2026-09-04T12:37:23Z,0xf099ac55ce0132378f4c6fc4d86270e7e3ccd13a45cd8245057c98385e0b89e6,0x5050f69a9786f081509234f1a7f4684b5e5b76c9,0xff00000000000000000000000000000000008453,6,21000,5734111662,714111662,5020000000,0
25904002,1788525455,2026-09-04T12:37:35Z,0x3eec36823d11bc72e285020ab6160600ff698dc64a3a3d5720f2c79b639339f4,0x5df930bfa5daa2919d8f2a954a4f346a3b2cf8c2,0xff00000000000000000000000000000000042069,1,21000,1785146708,785146708,1000000000,0
25904002,1788525455,2026-09-04T12:37:35Z,0x2bdbf7f9aebfb3e1c9a67ebae131224344cfa07246164469b39011b7f5cfd0f6,0x5050f69a9786f081509234f1a7f4684b5e5b76c9,0xff00000000000000000000000000000000008453,6,21000,5805146708,785146708,5020000000,0
25904002,1788525455,2026-09-04T12:37:35Z,0x2b7f4fe0c5730c364679b685874ca1e3fda0ebbd121dbb3ba418c57a8c731648,0x5050f69a9786f081509234f1a7f4684b5e5b76c9,0xff00000000000000000000000000000000008453,6,21000,3295146708,785146708,2510000000,0
25904002,1788525455,2026-09-04T12:37:35Z,0x57fb1e43be401a2ce8e9b5d220971e8fc24909101a6258faefae07b7e2ce02a6,0x5050f69a9786f081509234f1a7f4684b5e5b76c9,0xff00000000000000000000000000000000008453,6,21000,3295146708,785146708,2510000000,0
25904003,1788525467,2026-09-04T12:37:47Z,0x88d88d975082ab4a880ce83f05cd459b036dd57f23bb3df788973d293b76dd55,0x5050f69a9786f081509234f1a7f4684b5e5b76c9,0xff00000000000000000000000000000000008453,6,21000,3388960027,878960027,2510000000,0
25904003,1788525467,2026-09-04T12:37:47Z,0xade4555473717e174b7db4d5d15f4fc388c7f97f213a8f894290308185cb0731,0x5050f69a9786f081509234f1a7f4684b5e5b76c9,0xff00000000000000000000000000000000008453,6,21000,3388960027,878960027,2510000000,0
25904003,1788525467,2026-09-04T12:37:47Z,0x11c61b26d87ab55ca8ac03359e085e85f338a3e4a0953a5029c136eed5a26332,0x5050f69a9786f081509234f1a7f4684b5e5b76c9,0xff00000000000000000000000000000000008453,6,21000,3388960027,878960027,2510000000,0
25904003,1788525467,2026-09-04T12:37:47Z,0x0b75c5aa208a96786ad70b4967b8fc96178252e5e3673f55f87edf2f4aed2edc,0x2f60a5184c63ca94f82a27100643dbabe4f3f7fd,0xff00000000000000000000000000000000000130,3,21000,2878960027,878960027,2000000000,0
25904005,1788525491,2026-09-04T12:38:11Z,0x69ff435cbf5d5b0d768976bafd33dc79c879dc45d4fc1baf6deea7c3c54872da,0xfaf2e4087f1b7e9863adb05392522c1f1d12d4b4,0xca11bde05977b3631167028862be2a173976ca11,1,344480,980914285,884914285,96000000,0
25904006,1788525503,2026-09-04T12:38:23Z,0xd758a213d48af53d1b02a7e618c62ccdca3802f819565033797159f00fb97dbc,0x191ff0ec830f83916a427d169a234c33e48aa79f,0x3b4d794a66304f130a4db8f2551b0070dfcf5ca7,1,154452,2334345663,983047670,1351297993,0
25904006,1788525503,2026-09-04T12:38:23Z,0x1e7e8d623bfd0c4f4e05e9a4277c07f132142e02b4b6f43d837ff8256aac7471,0x6887246668a3b87f54deb3b94ba47a6f63f32985,0xff00000000000000000000000000000000000010,5,21000,3493047670,983047670,2510000000,0
25904006,1788525503,2026-09-04T12:38:23Z,0x319ebd3219794e12ae0a033adcfe7de50c25fec93d49a7c911e18740f25c2c58,0x5050f69a9786f081509234f1a7f4684b5e5b76c9,0xff00000000000000000000000000000000008453,6,21000,3493047670,983047670,2510000000,0
25904006,1788525503,2026-09-04T12:38:23Z,0x48c0df3a0d08161ec0697261094c5178c317337152ba58b40b9a18f477561e40,0x5050f69a9786f081509234f1a7f4684b5e5b76c9,0xff00000000000000000000000000000000008453,6,21000,3493047670,983047670,2510000000,0
25904006,1788525503,2026-09-04T12:38:23Z,0x9725f2e7ec0142a1227ac76956d78be792b8f78c0627e1edb1c9ccfbddd97e09,0xdaa526086787d9debe1d7f3ffdb1fe50cf8687f4,0xbd0d173eeb87d57a09521c24388a12789f33ba96,3,144444,987047670,983047670,4000000,1
25904007,1788525515,2026-09-04T12:38:35Z,0x1a904715393ebf456e004ce99774e0ee0746f71d6144df92fd37613ef919b5b6,0x5050f69a9786f081509234f1a7f4684b5e5b76c9,0xff00000000000000000000000000000000008453,6,21000,3615096694,1105096694,2510000000,0
25904007,1788525515,2026-09-04T12:38:35Z,0x7c1dfef5ec2d761ff41e031a2dfc9fa8ae66b53a0892083d6d916db91f903155,0x5050f69a9786f081509234f1a7f4684b5e5b76c9,0xff00000000000000000000000000000000008453,6,21000,3615096694,1105096694,2510000000,0
25904007,1788525515,2026-09-04T12:38:35Z,0x8ea1a1f08b5d417f0306a2760ee2c17681ece185d3245589b6cd9233f6f69831,0x5050f69a9786f081509234f1a7f4684b5e5b76c9,0xff00000000000000000000000000000000008453,6,21000,3615096694,1105096694,2510000000,0
25904007,1788525515,2026-09-04T12:38:35Z,0x281ac8a38d2c6c6f073b6770711b176872198d87fde88241e1c639d4c93cf2e0,0x054a47b9e2a22af6c0ce55020238c8fecd7d334b,0xa13baf47339d63b743e7da8741db5456dac1e556,2,67927,3105096694,1105096694,2000000000,0
25904008,1788525527,2026-09-04T12:38:47Z,0xc716b23f75cdc39e66c773db854756ac7a68abd04b3405d52a335fa978ef3405,0xba694234a1896694a07fee45ee4080a5ac70d838,0xca11bde05977b3631167028862be2a173976ca11,1,428013,1135640070,1015640070,120000000,0
25904008,1788525527,2026-09-04T12:38:47Z,0xa58b7a77f89d9b40116772c39c9913984c3ddef41f5f2a2297c523cdb82933cc,0x2f40d796917ffb642bd2e2bdd2c762a5e40fd749,0xffeeddccbbaa0000000000000000000000000000,2,21000,1019640070,1015640070,4000000,0
25904008,1788525527,2026-09-04T12:38:47Z,0x09a73f6ea0369e039b25e74e1dfd6e51acf3794a01a1bbb0a0b42017ee49e3d8,0x5050f69a9786f081509234f1a7f4684b5e5b76c9,0xff00000000000000000000000000000000008453,6,21000,3525640070,1015640070,2510000000,0
25904009,1788525539,2026-09-04T12:38:59Z,0x83b7cdf9c0cd5918a8d146fd391f0df86d5d8d2fd184a1ef1f55db79a32c437f,0xec7cd2030e0510763b2c2c87fc7e7ccc2f8c7463,0x009afe3a07dc5eb0e3d6dcffbcec2c3c90ea20e3,1,21000,1993927510,993927510,1000000000,0
25904009,1788525539,2026-09-04T12:38:59Z,0x8fb5669eaa77bbe2f9145684178f6ef5062d7e5b605ddc12a71b59642cfde164,0x5050f69a9786f081509234f1a7f4684b5e5b76c9,0xff00000000000000000000000000000000008453,6,21000,3503927510,993927510,2510000000,0
25904009,1788525539,2026-09-04T12:38:59Z,0x810a3a3fa7c57d02a24974f428517eb0af531c181768b6382dbf2ea056ad300a,0x5050f69a9786f081509234f1a7f4684b5e5b76c9,0xff00000000000000000000000000000000008453,6,21000,3503927510,993927510,2510000000,0
25904009,1788525539,2026-09-04T12:38:59Z,0x44e6c9493c8013a3a1b9cfc44327b25b306fbfb251806d567dc743e580e1e6a0,0x5050f69a9786f081509234f1a7f4684b5e5b76c9,0xff00000000000000000000000000000000008453,6,21000,3503927510,993927510,2510000000,0
25904009,1788525539,2026-09-04T12:38:59Z,0x2fdb40e130b1414720108f02fc194420cbb5205b20995f28b9f74c295675f470,0x5e70713222faf60c9e9fb69240d06ae6d688563a,0x0004cb44c80b6fbf8ceb1d80af688c9f7c0b2ab5,1,21000,1093927510,993927510,100000000,0
25904009,1788525539,2026-09-04T12:38:59Z,0x7d943d275f7161108938ce86443449bf3a6b63a642f09fae881fed9d70db493a,0x0c5911d57b24fcf1dc8b2608efbae57c7098e32d,0x211e1c4c7f1bf5351ac850ed10fd68cffcf6c21b,1,162279,995927510,993927510,2000000,0
25904011,1788525563,2026-09-04T12:39:23Z,0x309f5c502a66aa292c94d6eb42e9a25ee15af78623750ad920279b3ac4b6d66a,0xc94c243f8fb37223f3eb2f7961f7072602a51b8b,0xc83f7d9f2d4a76e81145849381aba02602373723,1,21000,2941392708,941392708,2000000000,0
25904011,1788525563,2026-09-04T12:39:23Z,0x6cbe9b341ef23b0bf73108c7c419b62678db226a3f8f2b55c0099cbdb3614292,0x6db6161fc5662450e801398bad62dd9921216b98,0x005969bf0ecbf6edb6c47e5e94693b1c3651be97,6,21000,2941392708,941392708,2000000000,0
25904011,1788525563,2026-09-04T12:39:23Z,0x4b59ceae1c09e4eec29035f764035a6071bcbb81da1288ff4b3f472835291b9e,0x5050f69a9786f081509234f1a7f4684b5e5b76c9,0xff00000000000000000000000000000000008453,6,21000,3451392708,941392708,2510000000,0
25904011,1788525563,2026-09-04T12:39:23Z,0x9c89e173370e64390503a5950227248ffcddbd1d4e40d1ae5434a5dfd6eaf44b,0x5050f69a9786f081509234f1a7f4684b5e5b76c9,0xff00000000000000000000000000000000008453,6,21000,3451392708,941392708,2510000000,0
25904012,1788525575,2026-09-04T12:39:35Z,0x4c050d9463c46e44ae87b8f2a806127ec3d6ad75066f237ae861e41cba5ce98e,0x191ff0ec830f83916a427d169a234c33e48aa79f,0x3b4d794a66304f130a4db8f2551b0070dfcf5ca7,1,151664,2214666403,915723479,1298942924,0
25904012,1788525575,2026-09-04T12:39:35Z,0x0d312ca6cd4e33a68e61a97b520aed2d19e3e75bf9e6420add3b339262b61918,0x1ffda89c755f6d4af069897d77ccabb580fd412a,0x000d4411cdeb152378626b5c5e33fd5d6808939a,6,21000,1915723479,915723479,1000000000,0
25904012,1788525575,2026-09-04T12:39:35Z,0x5aaa6fd609f6d84418c6853c35f68fdbb091c8595fd6067cfbaa17518a1a4983,0xc1b634853cb333d3ad8663715b08f41a3aec47cc,0x1c479675ad559dc151f6ec7ed3fbf8cee79582b6,3,168763,919723479,915723479,4000000,0
25904012,1788525575,2026-09-04T12:39:35Z,0x591e1120aa9b5f1481b9702646c72612de9df13b0d4951ac7f4e4fa0cee58910,0xc1b634853cb333d3ad8663715b08f41a3aec47cc,0x1c479675ad559dc151f6ec7ed3fbf8cee79582b6,3,168861,917723479,915723479,2000000,0
25904012,1788525575,2026-09-04T12:39:35Z,0xee4b7ec37f7388e176fbe6a691d5f5ac7ecd80f7ac567c59cacd4468d46b0044,0xc1b634853cb333d3ad8663715b08f41a3aec47cc,0x1c479675ad559dc151f6ec7ed3fbf8cee79582b6,3,168861,917723479,915723479,2000000,0
25904012,1788525575,2026-09-04T12:39:35Z,0x43a7aeeb4424677ad33b8c8f42485c19e8b0e9d110c4f2f8bbd434335912daa2,0xc1b634853cb333d3ad8663715b08f41a3aec47cc,0x1c479675ad559dc151f6ec7ed3fbf8cee79582b6,3,168861,917723479,915723479,2000000,0
25904013,1788525587,2026-09-04T12:39:47Z,0x67b5e3142cc6f99416f32a57b4dc2701533f53a84cfc57906db64a20d3fa11e7,0x5050f69a9786f081509234f1a7f4684b5e5b76c9,0xff00000000000000000000000000000000008453,6,21000,3539866193,1029866193,2510000000,0
25904013,1788525587,2026-09-04T12:39:47Z,0xb01dd3d743805048c3fb9dc324d3659ec0105439ddb3a8a92bbf21556c5546ce,0x6887246668a3b87f54deb3b94ba47a6f63f32985,0xff00000000000000000000000000000000000010,5,21000,3539866193,1029866193,2510000000,0
25904013,1788525587,2026-09-04T12:39:47Z,0x63606c18a46c87a399e7a729d1acbdc19f81c6c714bb5c3da87a228c43e556d5,0x98245d0adf4595c66f0a9db8e13c44cbff6be459,0x002bde9b0c0857aee2cffdea6b8723eaf5989449,3,21000,2029866193,1029866193,1000000000,0
25904014,1788525599,2026-09-04T12:39:59Z,0xce65df795f0a85e103c6a4be5e6be40b112ef89ab7dc540094915c1d7b64a491,0x5050f69a9786f081509234f1a7f4684b5e5b76c9,0xff00000000000000000000000000000000008453,6,21000,3488721790,978721790,2510000000,0
25904015,1788525611,2026-09-04T12:40:11Z,0x16fbd9ec3f961201f6a7c095d0ed99767f77721f34c7cc3b78e2c24b9899817f,0x191ff0ec830f83916a427d169a234c33e48aa79f,0x3b4d794a66304f130a4db8f2551b0070dfcf5ca7,1,180629,2144487060,883992278,1260494782,0
25904015,1788525611,2026-09-04T12:40:11Z,0xae6ba0370b205eac4e91caf307717a11ddde5d30b9706d1c1ac75af6b35f7830,0x5050f69a9786f081509234f1a7f4684b5e5b76c9,0xff00000000000000000000000000000000008453,6,21000,3393992278,883992278,2510000000,0
25904015,1788525611,2026-09-04T12:40:11Z,0x39898b72583a3748c0b948265d64ffadb4f9749480bb4f5199004951cab87ba6,0xfaf2e4087f1b7e9863adb05392522c1f1d12d4b4,0xca11bde05977b3631167028862be2a173976ca11,1,359376,907992278,883992278,24000000,0
25904015,1788525611,2026-09-04T12:40:11Z,0xf15f4cb2274ccf2e00faadb94a99a1448410e27b8fe44160bdadc4523416fd35,0xdaa526086787d9debe1d7f3ffdb1fe50cf8687f4,0xbd0d173eeb87d57a09521c24388a12789f33ba96,3,152861,887992278,883992278,4000000,1
25904015,1788525611,2026-09-04T12:40:11Z,0x547ab2e430281cfab57c0a43be4a393a37fdbbf3c2c62faf4f7dba94300c8723,0xdaa526086787d9debe1d7f3ffdb1fe50cf8687f4,0xbd0d173eeb87d57a09521c24388a12789f33ba96,3,144444,887992278,883992278,4000000,1
25904015,1788525611,2026-09-04T12:40:11Z,0x3cdd76ae8b925b63fdb4c444a6bd37a2dbddc1bff124382dc221f8e7e0733ece,0xdaa526086787d9debe1d7f3ffdb1fe50cf8687f4,0xbd0d173eeb87d57a09521c24388a12789f33ba96,3,144456,887992278,883992278,4000000,1
25904015,1788525611,2026-09-04T12:40:11Z,0x009b6c22a5fb2cdd84de15311d7fee4ba6d21517484ef42e8dab53658e5070b5,0xdaa526086787d9debe1d7f3ffdb1fe50cf8687f4,0xbd0d173eeb87d57a09521c24388a12789f33ba96,3,144456,887992278,883992278,4000000,1
25904016,1788525623,2026-09-04T12:40:23Z,0xabf9fa82cce126e599d270e3fffa8ec5ba4a927cd84ddc49dbec729a8288c065,0x5050f69a9786f081509234f1a7f4684b5e5b76c9,0xff00000000000000000000000000000000008453,6,21000,3502362137,992362137,2510000000,0
25904018,1788525647,2026-09-04T12:40:47Z,0x014129ee1aef1cf321d925c1efee8b15c4b7a93598fdb9c5bba927390d6335df,0x5050f69a9786f081509234f1a7f4684b5e5b76c9,0xff00000000000000000000000000000000008453,6,21000,3448776631,938776631,2510000000,0
25904019,1788525659,2026-09-04T12:40:59Z,0xef1516e6184db302ebf73a2c1f538faddfdc23125cfc343d6491410132102a40,0x191ff0ec830f83916a427d169a234c33e48aa79f,0x3b4d794a66304f130a4db8f2551b0070dfcf5ca7,1,183813,1988952298,888952298,1100000000,0
25904020,1788525671,2026-09-04T12:41:11Z,0x3315ed7c732e9213dbe016f0ce4f68b48a4880dafb428cbdfaba486db3612d97,0xdbbe3d8c2d2b22a2611c5a94a9a12c2fcd49eb29,0xff00000000000000000000000000000000000480,5,21000,5848219608,838219608,5010000000,0
25904020,1788525671,2026-09-04T12:41:11Z,0x7076c84fe9ba3f8c65f972eb26ecc2d54249bb4771bc035e8d97605212599cde,0x5050f69a9786f081509234f1a7f4684b5e5b76c9,0xff00000000000000000000000000000000008453,6,21000,3348219608,838219608,2510000000,0
25904020,1788525671,2026-09-04T12:41:11Z,0x831bec7799aa1d3c9277719764bab1f1eea3063d3145b59efa8725694a6fc22c,0xf263a0aa8afeaa7d516b596d49d7ba6c0feb102c,0xff00000000000000000000000000000000193939,1,21000,2838219608,838219608,2000000000,0
25904021,1788525683,2026-09-04T12:41:23Z,0xfcabd9689410ba11b73a15a559299414c43e875083549db06209333bb5d3d848,0x65115c6d23274e0a29a63b69130efe901aa52e7a,0xff00000000000000000000000000000000043111,1,21000,2764026309,764026309,2000000000,0
25904021,1788525683,2026-09-04T12:41:23Z,0x35f8a02b9eea04e15f304274f533af8a95d5d76e2f56f31ae97461f8815a73b4,0x5f62d006c10c009ff50c878cd6157ac861c99990,0x6f21c543a4af5189ebdb0723827577e1ef57ef1f,1,75594,1764026309,764026309,1000000000,0
25904021,1788525683,2026-09-04T12:41:23Z,0x25d3de346a6cd042e1e9b2eac09281bad1224d4e5113bc6460b1593d71d32a8b,0x5050f69a9786f081509234f1a7f4684b5e5b76c9,0xff00000000000000000000000000000000008453,6,21000,3274026309,764026309,2510000000,0
25904021,1788525683,2026-09-04T12:41:23Z,0xdf5c423ed17bf8d4248be9564b06b85dbdc92bc8fb6b14c4b021a85f00936f5e,0x191ff0ec830f83916a427d169a234c33e48aa79f,0x3b4d794a66304f130a4db8f2551b0070dfcf5ca7,1,152024,3514026309,764026309,2750000000,0
25904022,1788525695,2026-09-04T12:41:35Z,0xe1aaa86fc3c4f2b93938d6144e621be8e423c9ea4a4adcd6c3cb0bd1e2d64fe3,0xba694234a1896694a07fee45ee4080a5ac70d838,0xca11bde05977b3631167028862be2a173976ca11,1,416208,1339401594,859401594,480000000,0
25904023,1788525707,2026-09-04T12:41:47Z,0x5e096e6f863e93b39ff94122444ae310f8d610af2b2087855b91cfd266e0422d,0x5050f69a9786f081509234f1a7f4684b5e5b76c9,0xff00000000000000000000000000000000008453,6,21000,3476565416,966565416,2510000000,0
25904023,1788525707,2026-09-04T12:41:47Z,0x11fbd430bd92e0237553f5ab8825f0028fcd1e583b93ffe8c8f36328e49525b9,0x6ab0e960911b50f6d14f249782ac12ec3e7584a0,0x759894ced0e6af42c26668076ffa84d02e3cef60,1,272479,967765416,966565416,1200000,0
25904023,1788525707,2026-09-04T12:41:47Z,0x317d29214d53cbae2fe3ad78c12e6036dd943d000554516a0ff70279b1ccba4b,0xdaa526086787d9debe1d7f3ffdb1fe50cf8687f4,0xbd0d173eeb87d57a09521c24388a12789f33ba96,3,144456,970565416,966565416,4000000,1
25904023,1788525707,2026-09-04T12:41:47Z,0x35802fd3845639b34ae4eadeccad9bcf953193c5ed0cc7e13d8ed968ea68b604,0xc1b634853cb333d3ad8663715b08f41a3aec47cc,0x1c479675ad559dc151f6ec7ed3fbf8cee79582b6,3,168861,970565416,966565416,4000000,0
25904023,1788525707,2026-09-04T12:41:47Z,0x6fc45fa7cf05807a6ff2242b5b62d8a2023fe6daad20cda66d7c34ee592b4d03,0x0c5911d57b24fcf1dc8b2608efbae57c7098e32d,0x211e1c4c7f1bf5351ac850ed10fd68cffcf6c21b,1,141838,967565416,966565416,1000000,0
25904023,1788525707,2026-09-04T12:41:47Z,0x9eae24983938e6c17179552d77ca61299a469fbb555c869969c9a69bf76b438e,0xdaa526086787d9debe1d7f3ffdb1fe50cf8687f4,0xbd0d173eeb87d57a09521c24388a12789f33ba96,3,144456,967565416,966565416,1000000,1
25904023,1788525707,2026-09-04T12:41:47Z,0x38d18310f517b2678f784b76c6adbb1b87651efca577fd2bc09924b50ed27be8,0xdaa526086787d9debe1d7f3ffdb1fe50cf8687f4,0xbd0d173eeb87d57a09521c24388a12789f33ba96,3,144456,967565416,966565416,1000000,1
25904024,1788525719,2026-09-04T12:41:59Z,0x701444b35e14e4aba3104c01839b4cd0a9a05ba9091a7ae5b94515d12b72c8a0,0xae4d46bd9117cb017c5185844699c51107cb28a9,0xff00000000000000000000000000000000001088,1,21000,2011429647,1011429647,1000000000,0
25904024,1788525719,2026-09-04T12:41:59Z,0x6522891e80c59531bb3d89e2a847965d30bb2aa4d9a47464f7e4e6c738df1647,0x6887246668a3b87f54deb3b94ba47a6f63f32985,0xff00000000000000000000000000000000000010,5,21000,3521429647,1011429647,2510000000,0
25904024,1788525719,2026-09-04T12:41:59Z,0x59485c2a9b673e1843c36cb89f2bb65c1b361f3ea594579dd8369c1be038e609,0xc1b634853cb333d3ad8663715b08f41a3aec47cc,0x1c479675ad559dc151f6ec7ed3fbf8cee79582b6,3,168861,1015429647,1011429647,4000000,0
25904024,1788525719,2026-09-04T12:41:59Z,0x408000245be983613a29618c28c1ed61d31491aa2353e62ac3db0fe770c312e0,0xc1b634853cb333d3ad8663715b08f41a3aec47cc,0x1c479675ad559dc151f6ec7ed3fbf8cee79582b6,3,168861,1012429647,1011429647,1000000,0
25904024,1788525719,2026-09-04T12:41:59Z,0x6cd435085ed750eee203b8eed26a28d0e74d549363d8b59f43f00dc233358d4d,0xc1b634853cb333d3ad8663715b08f41a3aec47cc,0x1c479675ad559dc151f6ec7ed3fbf8cee79582b6,3,168861,1012429647,1011429647,1000000,0
25904024,1788525719,2026-09-04T12:41:59Z,0xff076c81b8cf0f7710d2c563ebeb9f5c59c71178eb5fdcf676c5756cdaeb09ed,0xc1b634853cb333d3ad8663715b08f41a3aec47cc,0x1c479675ad559dc151f6ec7ed3fbf8cee79582b6,3,168861,1012429647,1011429647,1000000,0
25904024,1788525719,2026-09-04T12:41:59Z,0x9b02fd852de4cd142f988fcce3d2aef13491da1105dc8e62a622838ec55a91f2,0xc1b634853cb333d3ad8663715b08f41a3aec47cc,0x1c479675ad559dc151f6ec7ed3fbf8cee79582b6,3,168861,1012429647,1011429647,1000000,0
25904025,1788525731,2026-09-04T12:42:11Z,0xd57b9e659eb21aa621c02e380cb259ad9636f211a531e167bf3486986f1437bf,0xf7ca543d652e38692fd12f989eb55b5327ec9a20,0xff00000000000000000000000000000000000360,1,21000,2041970144,1041970144,1000000000,0
25904025,1788525731,2026-09-04T12:42:11Z,0xdfa7488f496bf055f02fa9ebeb1c21912423691a36f3ec306578a0b60a1ff8c4,0x191ff0ec830f83916a427d169a234c33e48aa79f,0x3b4d794a66304f130a4db8f2551b0070dfcf5ca7,1,151628,1118502561,1041970144,76532417,0
25904025,1788525731,2026-09-04T12:42:11Z,0x50f62aa2ee6e88c3ad037c824d211315f31985fe9cfa0d1ab643c9a8ad78f403,0x5050f69a9786f081509234f1a7f4684b5e5b76c9,0xff00000000000000000000000000000000008453,6,21000,3551970144,1041970144,2510000000,0
25904025,1788525731,2026-09-04T12:42:11Z,0x115ca3652b1e2629ee5ae122ccded6878c16649438515759dbdc3eb031dd9ad0,0xf8ff3e62e94807a5c687f418fe36942dd3a24524,0xe28cac160c2a79dfa1fbd2169ac5fa5d061cf186,2,135263,1119192323,1041970144,77222179,0
25904025,1788525731,2026-09-04T12:42:11Z,0x231c526166c44be3686f0423b3aa3231257587f5d3e7a95ece38e81bfddb2692,0xc1b634853cb333d3ad8663715b08f41a3aec47cc,0x1c479675ad559dc151f6ec7ed3fbf8cee79582b6,3,168861,1042970144,1041970144,1000000,0
25904025,1788525731,2026-09-04T12:42:11Z,0xa37f98c940209678ca52aaa7ad3f4fb7b59b8566751e15ea25f2ba2241275564,0xdaa526086787d9debe1d7f3ffdb1fe50cf8687f4,0xbd0d173eeb87d57a09521c24388a12789f33ba96,3,144456,1042970144,1041970144,1000000,1
25904025,1788525731,2026-09-04T12:42:11Z,0x40bea89ffb1528a01c815598491bdaf933355a91aee65e220397b2242cdf5f86,0xdaa526086787d9debe1d7f3ffdb1fe50cf8687f4,0xbd0d173eeb87d57a09521c24388a12789f33ba96,3,144456,1042970144,1041970144,1000000,1
25904026,1788525743,2026-09-04T12:42:23Z,0x8c4ee363a43b1d578d7446e7582e34a4c3bdc9eac81c1562e303df2713bcd641,0x1702a028576b122358888dd10608441293d18392,0xca11bde05977b3631167028862be2a173976ca11,1,435046,1082395261,1057971301,24423960,0
25904026,1788525743,2026-09-04T12:42:23Z,0x588f62398cc8b112c0554e672a5c69ee45bb9702c9a689cd14265e1bb3d2ce49,0xdaa526086787d9debe1d7f3ffdb1fe50cf8687f4,0xbd0d173eeb87d57a09521c24388a12789f33ba96,3,144456,1058971301,1057971301,1000000,1
25904026,1788525743,2026-09-04T12:42:23Z,0x855ff0c1d56b2fb89e4389fea3123e5b8f36d9f4d481ea6b6a10d3ea40744c7a,0xdaa526086787d9debe1d7f3ffdb1fe50cf8687f4,0xbd0d173eeb87d57a09521c24388a12789f33ba96,3,144456,1059016793,1057971301,1045492,1
25904026,1788525743,2026-09-04T12:42:23Z,0x53845660117b20a30714e87f65f577924fa78bf66d0eabb3b2d0c03bb136f71b,0xdaa526086787d9debe1d7f3ffdb1fe50cf8687f4,0xbd0d173eeb87d57a09521c24388a12789f33ba96,3,144456,1058971301,1057971301,1000000,1
25904026,1788525743,2026-09-04T12:42:23Z,0x2e6312ff6f36cca1ca3218311665fdb61f04c869d0d719c1cc4d9bc390e499f7,0xdaa526086787d9debe1d7f3ffdb1fe50cf8687f4,0xbd0d173eeb87d57a09521c24388a12789f33ba96,3,144456,1058971301,1057971301,1000000,1
25904026,1788525743,2026-09-04T12:42:23Z,0xc9732425631bda5b4802b62dd192b255caec2fa7056824cf4151e2800c8c3a5d,0xc1b634853cb333d3ad8663715b08f41a3aec47cc,0x1c479675ad559dc151f6ec7ed3fbf8cee79582b6,3,168861,1058971301,1057971301,1000000,0
25904027,1788525755,2026-09-04T12:42:35Z,0xf4c72b64a85d0e0692fef097488460fb2b92b5972e43f02660db7fc6ac739a62,0x5050f69a9786f081509234f1a7f4684b5e5b76c9,0xff00000000000000000000000000000000008453,6,21000,3570275298,1060275298,2510000000,0
25904027,1788525755,2026-09-04T12:42:35Z,0x057bfb2b22fce13ebbe14c0ba2179b1bea4c2f84cb84a748495a8fcc52c92413,0xc1b634853cb333d3ad8663715b08f41a3aec47cc,0x1c479675ad559dc151f6ec7ed3fbf8cee79582b6,3,168861,1061275298,1060275298,1000000,0
25904027,1788525755,2026-09-04T12:42:35Z,0xde4f8a3bf88ed9c515f20b3e03828f19796e25dde2b5d1fc5737f8f292ebce10,0xdaa526086787d9debe1d7f3ffdb1fe50cf8687f4,0xbd0d173eeb87d57a09521c24388a12789f33ba96,3,144456,1061275298,1060275298,1000000,1
25904027,1788525755,2026-09-04T12:42:35Z,0xeee07cd82ce4c690b14b5b7393147c32ea0b0ffda38e125e3633750448678a1e,0xdaa526086787d9debe1d7f3ffdb1fe50cf8687f4,0xbd0d173eeb87d57a09521c24388a12789f33ba96,3,144456,1061275298,1060275298,1000000,1
25904027,1788525755,2026-09-04T12:42:35Z,0xb225b8fa1d4e3fb6eece1628242cfbc2ae17f1825a41b4ff5a3a5b332a539957,0xdaa526086787d9debe1d7f3ffdb1fe50cf8687f4,0xbd0d173eeb87d57a09521c24388a12789f33ba96,3,144456,1061275298,1060275298,1000000,1
25904027,1788525755,2026-09-04T12:42:35Z,0x88e824830bc818dd9ea2b92f8148f904786842efbe6c40634c7fcfe66bd1e7db,0xdaa526086787d9debe1d7f3ffdb1fe50cf8687f4,0xbd0d173eeb87d57a09521c24388a12789f33ba96,3,144456,1061275298,1060275298,1000000,1
25904028,1788525767,2026-09-04T12:42:47Z,0xa41914f71d14eaed437d617bd10959c05288a0527c83579c4f60557224a6d2f3,0x191ff0ec830f83916a427d169a234c33e48aa79f,0x3b4d794a66304f130a4db8f2551b0070dfcf5ca7,1,183417,2172223151,1072223151,1100000000,0
25904028,1788525767,2026-09-04T12:42:47Z,0x7e3fd2e69b716cd33cb95ddb2c1b0f6e436c00e1f578d7f58fe95502a766dca0,0xdaa526086787d9debe1d7f3ffdb1fe50cf8687f4,0xbd0d173eeb87d57a09521c24388a12789f33ba96,3,144456,1073223151,1072223151,1000000,1
25904028,1788525767,2026-09-04T12:42:47Z,0x934688d321b62334cb0e4109945dc6ea384f6f21801b9618f260ff6f6c8c8ddc,0xdaa526086787d9debe1d7f3ffdb1fe50cf8687f4,0xbd0d173eeb87d57a09521c24388a12789f33ba96,3,144456,1073223151,1072223151,1000000,1
25904028,1788525767,2026-09-04T12:42:47Z,0x677bbee516c73e4791494b898976ac8ded5d10f957c8daa470b894b11e932751,0xdaa526086787d9debe1d7f3ffdb1fe50cf8687f4,0xbd0d173eeb87d57a09521c24388a12789f33ba96,3,144456,1073223151,1072223151,1000000,1
25904028,1788525767,2026-09-04T12:42:47Z,0x56dc9bd900fdc2cee060ed6920e02514313f0e2922d84f66ed57ab39643392d6,0xdaa526086787d9debe1d7f3ffdb1fe50cf8687f4,0xbd0d173eeb87d57a09521c24388a12789f33ba96,3,144456,1073223151,1072223151,1000000,1
25904029,1788525779,2026-09-04T12:42:59Z,0xaf72cce3373f4c3410b638ecdd1e0f2e37ae9cd802e6792ea0db95434d6e7251,0xc94c243f8fb37223f3eb2f7961f7072602a51b8b,0xc83f7d9f2d4a76e81145849381aba02602373723,1,21000,2984227616,984227616,2000000000,0
25904030,1788525791,2026-09-04T12:43:11Z,0x7150ff259907705a1992e3d9b654913d835b9daaeb42ca2128c8df537679cd49,0x6be789605b13edb78749824633b9933d44b582ba,0xc62bde55caab102714c6b9f7e29e05d9237efd83,3,365541,1259868456,957134726,302733730,0
25904030,1788525791,2026-09-04T12:43:11Z,0xc26e6e7783861e42aaa2150aee5a6ceb202aa4f328150cf7e5947004267306d7,0x5050f69a9786f081509234f1a7f4684b5e5b76c9,0xff00000000000000000000000000000000008453,6,21000,3467134726,957134726,2510000000,0
25904030,1788525791,2026-09-04T12:43:11Z,0x65ecf4089ebc00b6421e8d74c933f31677d23ab713a1ba60b5b4f42e52d2e259,0x191ff0ec830f83916a427d169a234c33e48aa79f,0x3b4d794a66304f130a4db8f2551b0070dfcf5ca7,1,154836,1237134726,957134726,280000000,0
25904030,1788525791,2026-09-04T12:43:11Z,0xd6e5054b1da4fd3ef43f57858827fcc681fba4e7af8f95f6d80e1fe168410f0e,0x6db6161fc5662450e801398bad62dd9921216b98,0x005969bf0ecbf6edb6c47e5e94693b1c3651be97,6,21000,2957134726,957134726,2000000000,0
25904030,1788525791,2026-09-04T12:43:11Z,0x4643c6719089bc3065a20aad660af2496553d54937abad70673d4168377ebb87,0x2f60a5184c63ca94f82a27100643dbabe4f3f7fd,0xff00000000000000000000000000000000000130,3,21000,2957134726,957134726,2000000000,0
25904031,1788525803,2026-09-04T12:43:23Z,0xa7fb06fb9ed80ee95a1ebb6641b6467247caa1a2e6dff997dcff203269bd527b,0x5050f69a9786f081509234f1a7f4684b5e5b76c9,0xff00000000000000000000000000000000008453,6,21000,3552043914,1042043914,2510000000,0
25904034,1788525839,2026-09-04T12:43:59Z,0xa023f90c720d0258631bb6cf20b16ffafe36294ebe27e77922f3c893bd990f24,0xa90c7cdb553332948e2943431436117ecfb1e781,0xdc26b08f0335b68721f64001c38b05d0bc9b539d,1,271975,1267165816,945396538,321769278,0
25904034,1788525839,2026-09-04T12:43:59Z,0x1291437645c2383793b079ba88c45c715df885777d86f077679ab94cffbfd863,0xfaf2e4087f1b7e9863adb05392522c1f1d12d4b4,0xca11bde05977b3631167028862be2a173976ca11,1,351343,1017396538,945396538,72000000,0
25904034,1788525839,2026-09-04T12:43:59Z,0xe914f2ddb928a09f16095e52978c9c8da0d2876422679a00463ed6f31a309cdc,0xec7cd2030e0510763b2c2c87fc7e7ccc2f8c7463,0x009afe3a07dc5eb0e3d6dcffbcec2c3c90ea20e3,1,21000,1945396538,945396538,1000000000,0
25904035,1788525851,2026-09-04T12:44:11Z,0x195430411081865d9bcc4f0d83a38846fc16b8d44ff34bc7ea18f441f09d0445,0x98245d0adf4595c66f0a9db8e13c44cbff6be459,0x002bde9b0c0857aee2cffdea6b8723eaf5989449,3,21000,3017040093,1017040093,2000000000,0
25904037,1788525875,2026-09-04T12:44:35Z,0x6619b06f8e4cbd70bdb761db2297d6b5a600249a063f26616cec45a07a122055,0x191ff0ec830f83916a427d169a234c33e48aa79f,0x3b4d794a66304f130a4db8f2551b0070dfcf5ca7,1,154452,3214655784,1014655784,2200000000,0
25904037,1788525875,2026-09-04T12:44:35Z,0x1a76ec4c0dee0d6cd0cc9c21cb100de07eea590a56e6844dc63969f5984c9ce9,0x46d2f319fd42165d4318f099e143dea8124e9e3e,0xd19d4b5d358258f05d7b411e21a1460d11b0876f,3,231160,1514655784,1014655784,500000000,0
25904037,1788525875,2026-09-04T12:44:35Z,0xde8184bf54d30b73f6669d51ab86e520fba939f934030c9c6c4bfa477180a4ce,0x5050f69a9786f081509234f1a7f4684b5e5b76c9,0xff00000000000000000000000000000000008453,6,21000,3524655784,1014655784,2510000000,0
25904037,1788525875,2026-09-04T12:44:35Z,0x6c4b4429c077e1583ff72b24e3372438cf4999c0fa35b3909a777b160dd2fd03,0x5050f69a9786f081509234f1a7f4684b5e5b76c9,0xff00000000000000000000000000000000008453,6,21000,3524655784,1014655784,2510000000,0
25904039,1788525899,2026-09-04T12:44:59Z,0x83d4d694cd9b00fbddf8cbe69270d507b3b4e03831193dbbb04f05a20e9664d0,0x1702a028576b122358888dd10608441293d18392,0xca11bde05977b3631167028862be2a173976ca11,1,427146,1217914750,1092455710,125459040,0
25904040,1788525911,2026-09-04T12:45:11Z,0x61c681da684d685f95ac050b678682be66a4e89f955a18ebc8f720b60c342fab,0x5050f69a9786f081509234f1a7f4684b5e5b76c9,0xff00000000000000000000000000000000008453,6,21000,3614248701,1104248701,2510000000,0
25904040,1788525911,2026-09-04T12:45:11Z,0x81b7f2259c74afb62dfd8827a84229c3837bc88b1ac08f69ca2c44cca6f06bf2,0x5050f69a9786f081509234f1a7f4684b5e5b76c9,0xff00000000000000000000000000000000008453,6,21000,3614248701,1104248701,2510000000,0
25904041,1788525923,2026-09-04T12:45:23Z,0x926f240cda1f55be266771f3866a23d3fb722fe5137f220f7074072c42d622e2,0xdbbe3d8c2d2b22a2611c5a94a9a12c2fcd49eb29,0xff00000000000000000000000000000000000480,5,21000,6071059087,1061059087,5010000000,0
25904042,1788525935,2026-09-04T12:45:35Z,0x82c0dc27689673c08730954b57f268f62ea65cfbac7fa98ee2efc68a88ba0704,0x5050f69a9786f081509234f1a7f4684b5e5b76c9,0xff00000000000000000000000000000000008453,6,21000,3585074580,1075074580,2510000000,0
25904042,1788525935,2026-09-04T12:45:35Z,0x08dc482f50a02c70a41cd6a14e49b3c9f994a9a0895a6b7a9d758a1db5330848,0x1ffda89c755f6d4af069897d77ccabb580fd412a,0x000d4411cdeb152378626b5c5e33fd5d6808939a,6,21000,2075074580,1075074580,1000000000,0
25904042,1788525935,2026-09-04T12:45:35Z,0xcbdd8ed3b4d4dbdc68e806c584bd27368d4cf9dda4713d7b9ad9d1dd95ec14d8,0x6887246668a3b87f54deb3b94ba47a6f63f32985,0xff00000000000000000000000000000000000010,5,21000,1555074580,1075074580,480000000,0
25904043,1788525947,2026-09-04T12:45:47Z,0x68e77b8d551023115ff372b4e17b7cce4bfcc7df11867308692770f7d4ed5a54,0x65115c6d23274e0a29a63b69130efe901aa52e7a,0xff00000000000000000000000000000000043111,1,21000,2207647364,1207647364,1000000000,0
25904043,1788525947,2026-09-04T12:45:47Z,0x481428ac5d7e162b499b590918da852d8597db64945b96ab8b099ed32c0dd96e,0x5050f69a9786f081509234f1a7f4684b5e5b76c9,0xff00000000000000000000000000000000008453,6,21000,3717647364,1207647364,2510000000,0
25904043,1788525947,2026-09-04T12:45:47Z,0xc564eb670f189bf75f6d6757f87ebeaf4677348e483f86a399ce71fb7a9f05bd,0x0c5911d57b24fcf1dc8b2608efbae57c7098e32d,0x211e1c4c7f1bf5351ac850ed10fd68cffcf6c21b,1,141838,1208647364,1207647364,1000000,0
25904043,1788525947,2026-09-04T12:45:47Z,0x16f0538fba478ea1fad5a02ee69894c086d9c18d70e4748e338132c7ab04cbe2,0xc1b634853cb333d3ad8663715b08f41a3aec47cc,0x1c479675ad559dc151f6ec7ed3fbf8cee79582b6,3,168861,1208647364,1207647364,1000000,0
25904043,1788525947,2026-09-04T12:45:47Z,0x592e41be49375f72ac1250ae40d4caf87543b6b729d6e571633fc244443c107b,0xc1b634853cb333d3ad8663715b08f41a3aec47cc,0x1c479675ad559dc151f6ec7ed3fbf8cee79582b6,3,191303,1208647364,1207647364,1000000,0
25904044,1788525959,2026-09-04T12:45:59Z,0x2883f4134687911059cc88b8220ca035e58e4fbba03af648d86db4d4cd367343,0x191ff0ec830f83916a427d169a234c33e48aa79f,0x3b4d794a66304f130a4db8f2551b0070dfcf5ca7,1,180665,2458552397,1358552397,1100000000,0
25904044,1788525959,2026-09-04T12:45:59Z,0xbddc2e043fdda151919d094699bbed67778fb40eb064e2d58b7e6dca3193d87d,0x7f7de0ef41b2169942c4b9bf64321fec3522e17d,0xca11bde05977b3631167028862be2a173976ca11,1,349662,1478552397,1358552397,120000000,0
25904045,1788525971,2026-09-04T12:46:11Z,0x8c26b803b67855de2f248819a424c89317a95b02a7c015078424bba3e7469c16,0x5050f69a9786f081509234f1a7f4684b5e5b76c9,0xff00000000000000000000000000000000008453,6,21000,3898889098,1388889098,2510000000,0
25904046,1788525983,2026-09-04T12:46:23Z,0x961407ee1007cb6512f6c40745c966cfcaacff61bf952d00c4add5f56f2ce4df,0x8839e742fd56ebc0d31d11dd5a2ca25aa61c54da,0x003fbc27c32dbe174a7bb1efdd49da79c6ea1774,1,21000,2289627920,1289627920,1000000000,0
25904046,1788525983,2026-09-04T12:46:23Z,0x3c32db624d3f184893d864c2c0b53421093074bc288b716cb0fdeb88466eada3,0x5050f69a9786f081509234f1a7f4684b5e5b76c9,0xff00000000000000000000000000000000008453,6,21000,3799627920,1289627920,2510000000,0
25904046,1788525983,2026-09-04T12:46:23Z,0x45a2d21c474400d35ad37507557ca62844e580e21cb0aa48b6f491439f229731,0x6887246668a3b87f54deb3b94ba47a6f63f32985,0xff00000000000000000000000000000000000010,5,21000,2289627920,1289627920,1000000000,0
25904046,1788525983,2026-09-04T12:46:23Z,0xc0f157f1caed316a0a789b8fd28af6b4d67d9b2431fc22d99f085630bbb44379,0x2f40d796917ffb642bd2e2bdd2c762a5e40fd749,0xffeeddccbbaa0000000000000000000000000000,1,21000,1293809888,1289627920,4181968,0
25904046,1788525983,2026-09-04T12:46:23Z,0x85d2f0aad976d69d27a71bdb388e3c8eb63f41cc028e92aec342287ef002e6d9,0xc1b634853cb333d3ad8663715b08f41a3aec47cc,0x1c479675ad559dc151f6ec7ed3fbf8cee79582b6,3,168861,1290627920,1289627920,1000000,0
25904046,1788525983,2026-09-04T12:46:23Z,0xc5382d80a4cfd8807135391d5ef75671e96d89e8daa0934a14fdc4f1aa8fde76,0xc1b634853cb333d3ad8663715b08f41a3aec47cc,0x1c479675ad559dc151f6ec7ed3fbf8cee79582b6,3,168861,1290627920,1289627920,1000000,0
25904049,1788526019,2026-09-04T12:46:59Z,0x8060c0b063dae16962f0dfaab8e8d0503b965989fa13a47e915118eebadd3980,0x191ff0ec830f83916a427d169a234c33e48aa79f,0x3b4d794a66304f130a4db8f2551b0070dfcf5ca7,1,181025,9008990789,1469228534,7539762255,0
25904049,1788526019,2026-09-04T12:46:59Z,0xf9baf1a53e5b4ddb4e132e552a74bc5ad50814dd33c284165d996f3e643e1adb,0x5050f69a9786f081509234f1a7f4684b5e5b76c9,0xff00000000000000000000000000000000008453,6,21000,3979228534,1469228534,2510000000,0
25904049,1788526019,2026-09-04T12:46:59Z,0x24c3e1a7cb91c467f76d708d055211e0797224107c2cd05afba875638c7b71f1,0x5050f69a9786f081509234f1a7f4684b5e5b76c9,0xff00000000000000000000000000000000008453,6,21000,3979228534,1469228534,2510000000,0
25904049,1788526019,2026-09-04T12:46:59Z,0x647721963561a3c8e559474755e0be6e124dc5f54cc940135a83d3842ce63f48,0xc94c243f8fb37223f3eb2f7961f7072602a51b8b,0xc83f7d9f2d4a76e81145849381aba02602373723,1,21000,3469228534,1469228534,2000000000,0
25904049,1788526019,2026-09-04T12:46:59Z,0xf3a78c182464e09e1d00c7f3d5b63913ff1b1b2a8aaf2fa26988f6575c87b264,0x5df930bfa5daa2919d8f2a954a4f346a3b2cf8c2,0xff00000000000000000000000000000000042069,1,21000,2469228534,1469228534,1000000000,0
25904050,1788526031,2026-09-04T12:47:11Z,0xb6654af7f6abed11649052f8eb5265f3966ea934c4ef160e678424f8dec5e3f4,0x5050f69a9786f081509234f1a7f4684b5e5b76c9,0xff00000000000000000000000000000000008453,6,21000,4021445267,1511445267,2510000000,0
25904050,1788526031,2026-09-04T12:47:11Z,0x9b4d86ee8d0f669da8de30ba0feb880ed51564287350ed74fccbff53d2ff5d5d,0x2f60a5184c63ca94f82a27100643dbabe4f3f7fd,0xff00000000000000000000000000000000000130,3,21000,3511445267,1511445267,2000000000,0
25904050,1788526031,2026-09-04T12:47:11Z,0x43db8e5712b08d771f21be871deefa7b2a47b8241be74cd7aa1fe08148ea03d1,0x6db6161fc5662450e801398bad62dd9921216b98,0x005969bf0ecbf6edb6c47e5e94693b1c3651be97,6,21000,3511445267,1511445267,2000000000,0
25904051,1788526043,2026-09-04T12:47:23Z,0x8650454da01783198201e31c2011732ab84ce8138a613fbd839a6bdd6f24a9d4,0x7cb1022d30b9860c36b243e7b181a1d46f618c69,0x9937033cc967eed9d753e31c77d2f146d002ae53,1,385092,2587851549,1449378057,1138473492,0
25904051,1788526043,2026-09-04T12:47:23Z,0x4a6e16472528848dedc61ac777d8576aeed9b1681e17db4056ea9fa12cd7333a,0xfaf2e4087f1b7e9863adb05392522c1f1d12d4b4,0xca11bde05977b3631167028862be2a173976ca11,1,343398,1689378057,1449378057,240000000,0
25904051,1788526043,2026-09-04T12:47:23Z,0xb7f70a1b5b2ef4e704be98a907efcd931c6cdaee5b7d7a2bb26bf35655c3d988,0x5f62d006c10c009ff50c878cd6157ac861c99990,0x6f21c543a4af5189ebdb0723827577e1ef57ef1f,1,75594,2449378057,1449378057,1000000000,0
25904052,1788526055,2026-09-04T12:47:35Z,0x65b3e66c38fc55c0f9553a10674c9b6005bdfd10a0b3f4a731ccb421b12d4045,0x9fb23129982c993743eb9bb156af8cc8fa2ac761,0x5a2a0698355d06cd5c4e3872d2bc6b9f6a89d39b,1,21000,2546856853,1546856853,1000000000,0
25904052,1788526055,2026-09-04T12:47:35Z,0xf4147a0b8ccc3182d4571d1b194beff5cd6ffb3b8d5d3a0affa13edd29c50e0c,0x5050f69a9786f081509234f1a7f4684b5e5b76c9,0xff00000000000000000000000000000000008453,6,21000,4056856853,1546856853,2510000000,0
25904052,1788526055,2026-09-04T12:47:35Z,0xb22857659d94f172379d777495999b43f749318758e4530c81b6b5de8ff230be,0x98245d0adf4595c66f0a9db8e13c44cbff6be459,0x002bde9b0c0857aee2cffdea6b8723eaf5989449,3,21000,2546856853,1546856853,1000000000,0
25904052,1788526055,2026-09-04T12:47:35Z,0x681a692d65aa76711dee4c5336d3655497917731ba2ee4912127ed601e47b08a,0x1ffda89c755f6d4af069897d77ccabb580fd412a,0x000d4411cdeb152378626b5c5e33fd5d6808939a,6,21000,2546856853,1546856853,1000000000,0
25904052,1788526055,2026-09-04T12:47:35Z,0xa4c5160cbcc53ab1b4f0cd319facf59f9ac8855ed1794232929ebbac8b561897,0x5e70713222faf60c9e9fb69240d06ae6d688563a,0x0004cb44c80b6fbf8ceb1d80af688c9f7c0b2ab5,1,21000,1646856853,1546856853,100000000,0
25904052,1788526055,2026-09-04T12:47:35Z,0xb172bfd6a949281b5f1a76c93b50ca01351a978ab27ca3038d00101d0dd52552,0x191ff0ec830f83916a427d169a234c33e48aa79f,0x3b4d794a66304f130a4db8f2551b0070dfcf5ca7,1,183837,3710604885,1546856853,2163748032,0
25904052,1788526055,2026-09-04T12:47:35Z,0x5480182971b430ee89f6a2407ca9dbc41ccef9df7b5d5bf4bcfc6bb9fd5b561a,0xfd58bc438d910088c413b889eaa0aded5c0d1c26,0x1cf53fd9cd0b713be29f2b41ca17a943f138727f,1,105297,1556856853,1546856853,10000000,0
25904054,1788526079,2026-09-04T12:47:59Z,0xe45ff539404664992122862cdfa5cd688500ae1b0bf4b24bd09fbd3e92cdc61a,0x625726c858dbf78c0125436c943bf4b4be9d9033,0x6f54ca6f6ede96662024ffd61bfd18f3f4e34dff,1,21000,3629091787,1629091787,2000000000,0
25904054,1788526079,2026-09-04T12:47:59Z,0x992e673ff11f1dd484ebf2492c606e998878327a9c98ebd3ebe683bfc975e0c5,0xf503a133df0c43b4814b12098604655ad9fe7e3b,0xa68295d77766d4e04854746e3c1873c891c1765e,1,114482,2629091787,1629091787,1000000000,0
25904054,1788526079,2026-09-04T12:47:59Z,0xb1b1f28f070093ca3d7bc9ec02b93da142807dec363c696f1d0551b2eb8feb28,0x5050f69a9786f081509234f1a7f4684b5e5b76c9,0xff00000000000000000000000000000000008453,6,21000,4139091787,1629091787,2510000000,0
25904055,1788526091,2026-09-04T12:48:11Z,0x209d11a77f18aa243b676225114ce21fb110a4b4acca0a5b2a8cd2bd3eacdd3f,0xdaa526086787d9debe1d7f3ffdb1fe50cf8687f4,0xbd0d173eeb87d57a09521c24388a12789f33ba96,3,144456,1726968112,1724968112,2000000,1
25904055,1788526091,2026-09-04T12:48:11Z,0x34f52f8f406682dfd942a9aab8b10e6e2e99ba2358b335069dc15e7be9dad4ca,0xdaa526086787d9debe1d7f3ffdb1fe50cf8687f4,0xbd0d173eeb87d57a09521c24388a12789f33ba96,3,144456,1727529245,1724968112,2561133,1
25904055,1788526091,2026-09-04T12:48:11Z,0x35a9bc3c2cc5effb2ace96e8e6480cf0caa27362afa410622abedf6bcce53080,0xdaa526086787d9debe1d7f3ffdb1fe50cf8687f4,0xbd0d173eeb87d57a09521c24388a12789f33ba96,3,144456,1734968112,1724968112,10000000,1
25904055,1788526091,2026-09-04T12:48:11Z,0x74bd8db63c484d770899cfde4ae55da231d73e92f1ee1fca97e22ed8453fd496,0xdaa526086787d9debe1d7f3ffdb1fe50cf8687f4,0xbd0d173eeb87d57a09521c24388a12789f33ba96,3,144456,1734968112,1724968112,10000000,1
25904055,1788526091,2026-09-04T12:48:11Z,0x4547068d05629e3d25b25e8f8201d482c44729ee830be027233751e739df3f6e,0xdaa526086787d9debe1d7f3ffdb1fe50cf8687f4,0xbd0d173eeb87d57a09521c24388a12789f33ba96,3,144456,1734968112,1724968112,10000000,1
25904055,1788526091,2026-09-04T12:48:11Z,0xee9f92c9f65cac7b68077de4f8e20ba3a1862ae7a6d77ab47f32997f49bf313f,0xdaa526086787d9debe1d7f3ffdb1fe50cf8687f4,0xbd0d173eeb87d57a09521c24388a12789f33ba96,3,144456,1734968112,1724968112,10000000,1
25904055,1788526091,2026-09-04T12:48:11Z,0x4736a97d5d5c469c96694f3849a507eb033d346ee97bddcf758c2e879a0ba4f0,0xc1b634853cb333d3ad8663715b08f41a3aec47cc,0x1c479675ad559dc151f6ec7ed3fbf8cee79582b6,3,168861,1725968112,1724968112,1000000,0
25904056,1788526103,2026-09-04T12:48:23Z,0xe3713282e2dad48d2941df7026dd25f2b74c21e9674b5ecf59d1a65cf522f8c5,0x5050f69a9786f081509234f1a7f4684b5e5b76c9,0xff00000000000000000000000000000000008453,6,21000,4353153303,1843153303,2510000000,0
25904056,1788526103,2026-09-04T12:48:23Z,0x6e6556b55cc01db770775ba3cdef29fc49f2fa5abc49a2936e38f8da5e19681c,0xba694234a1896694a07fee45ee4080a5ac70d838,0xca11bde05977b3631167028862be2a173976ca11,1,421506,2031341863,1843153303,188188560,0
25904056,1788526103,2026-09-04T12:48:23Z,0x34edb356fbaab31654c90f2130fdf3cccf3f5b6abbd6be92a6b018d468fdfce1,0x0c5911d57b24fcf1dc8b2608efbae57c7098e32d,0x211e1c4c7f1bf5351ac850ed10fd68cffcf6c21b,1,141838,1844153303,1843153303,1000000,0
25904056,1788526103,2026-09-04T12:48:23Z,0xa3269429d39e65540b344adba3b1084d557e71f686a508000a7ffa4ea486a8d5,0xdaa526086787d9debe1d7f3ffdb1fe50cf8687f4,0xbd0d173eeb87d57a09521c24388a12789f33ba96,3,144456,1844721541,1843153303,1568238,1
25904056,1788526103,2026-09-04T12:48:23Z,0x1da27dbd0eab3787fb5eec2c7c48a2d0a28bebe1c6f9af582737dae640b2f453,0xc1b634853cb333d3ad8663715b08f41a3aec47cc,0x1c479675ad559dc151f6ec7ed3fbf8cee79582b6,3,168861,1844198795,1843153303,1045492,0
25904056,1788526103,2026-09-04T12:48:23Z,0xd48ef6bf82b9fca4f87484acf5eb4d128e845f1506aa64ff3f25e3b1abfc7d30,0xc1b634853cb333d3ad8663715b08f41a3aec47cc,0x1c479675ad559dc151f6ec7ed3fbf8cee79582b6,3,168861,1844198795,1843153303,1045492,0
25904056,1788526103,2026-09-04T12:48:23Z,0x5d20adabd808002154dbbeead719bba230de28a3adbde3a7a43a940d4a7792b8,0xc1b634853cb333d3ad8663715b08f41a3aec47cc,0x1c479675ad559dc151f6ec7ed3fbf8cee79582b6,3,168861,1844153303,1843153303,1000000,0
25904057,1788526115,2026-09-04T12:48:35Z,0x3a018890ffb45b60a025e5b1a0597dc70aa68770bb41d29aa43fa75ca27148f6,0xa90c7cdb553332948e2943431436117ecfb1e781,0xdc26b08f0335b68721f64001c38b05d0bc9b539d,1,254827,2209664168,1809664168,400000000,0
25904057,1788526115,2026-09-04T12:48:35Z,0xe0ca96a506897f7d09b0bc1dbc1a8667e39d8cd064ff86a40abe0116ddce006a,0x6887246668a3b87f54deb3b94ba47a6f63f32985,0xff00000000000000000000000000000000000010,5,21000,2948137660,1809664168,1138473492,0
25904057,1788526115,2026-09-04T12:48:35Z,0xceefe9098d4bc83ae622d95b3a3628ef1791543dd788c624aeb663a33292bcc6,0xc1b634853cb333d3ad8663715b08f41a3aec47cc,0x1c479675ad559dc151f6ec7ed3fbf8cee79582b6,3,168861,1812225301,1809664168,2561133,0
25904057,1788526115,2026-09-04T12:48:35Z,0xd0ce0c0d81629dc79e535b1fc3befe3a4ee79eb5406522fd0210ee2f8fad48ae,0xc1b634853cb333d3ad8663715b08f41a3aec47cc,0x1c479675ad559dc151f6ec7ed3fbf8cee79582b6,3,168861,1812225301,1809664168,2561133,0
25904057,1788526115,2026-09-04T12:48:35Z,0x0f82156bb07efbdfc5e43e210504ee25875343807d9043be3fc5dba02202ecd4,0xdaa526086787d9debe1d7f3ffdb1fe50cf8687f4,0xbd0d173eeb87d57a09521c24388a12789f33ba96,3,144456,1811232406,1809664168,1568238,1
25904057,1788526115,2026-09-04T12:48:35Z,0x2ae2b6939fab793f251a40e238249b611e80aab7f73e9c1c94eb2fcc5177fd30,0xdaa526086787d9debe1d7f3ffdb1fe50cf8687f4,0xbd0d173eeb87d57a09521c24388a12789f33ba96,3,144456,1811232406,1809664168,1568238,1
25904057,1788526115,2026-09-04T12:48:35Z,0xfb43420c7d827844d87ba2487c3da33c990ca8c0f32392297635ab48667c7b3d,0xdaa526086787d9debe1d7f3ffdb1fe50cf8687f4,0xbd0d173eeb87d57a09521c24388a12789f33ba96,3,144456,1811232406,1809664168,1568238,1
25904059,1788526139,2026-09-04T12:48:59Z,0xaeb22ad037557b97819f9e489e16be1f06a57f6a6384a7c692686f8071009961,0x191ff0ec830f83916a427d169a234c33e48aa79f,0x3b4d794a66304f130a4db8f2551b0070dfcf5ca7,1,183849,2841456979,1741456979,1100000000,0
25904059,1788526139,2026-09-04T12:48:59Z,0xd9ef37e47e2d9cb494054fd00655a611e2bd2596a1b92e8ce962a66f4dec5203,0xec7cd2030e0510763b2c2c87fc7e7ccc2f8c7463,0x009afe3a07dc5eb0e3d6dcffbcec2c3c90ea20e3,1,21000,2741456979,1741456979,1000000000,0
25904059,1788526139,2026-09-04T12:48:59Z,0x9d1a7995e5aa879e9c162694fa05ad3af8e2f8b2affd501e331385d86b47f945,0x5050f69a9786f081509234f1a7f4684b5e5b76c9,0xff00000000000000000000000000000000008453,6,21000,4251456979,1741456979,2510000000,0
25904059,1788526139,2026-09-04T12:48:59Z,0x94f80c7fac3d830c494e1d7c9ec81f38065d2e6f20f1aff0683d1d3fd685de4c,0xc1b634853cb333d3ad8663715b08f41a3aec47cc,0x1c479675ad559dc151f6ec7ed3fbf8cee79582b6,3,177314,1743025217,1741456979,1568238,0
25904059,1788526139,2026-09-04T12:48:59Z,0xff6f5a8072e06407a102d6814551dccc93d804ffe85bd18d4417d4bd35c45ded,0xdaa526086787d9debe1d7f3ffdb1fe50cf8687f4,0xbd0d173eeb87d57a09521c24388a12789f33ba96,3,144456,1743025217,1741456979,1568238,1
25904059,1788526139,2026-09-04T12:48:59Z,0x4824b0234422dde4ce3587cf7e408a12c9cbc091fc9a8667c7fc6c84c77608d0,0xdaa526086787d9debe1d7f3ffdb1fe50cf8687f4,0xbd0d173eeb87d57a09521c24388a12789f33ba96,3,144456,1743025217,1741456979,1568238,1
25904059,1788526139,2026-09-04T12:48:59Z,0x5c2df7acbb9618cb4a81183632fd082bbb0b2bf9588b92aada62f909e67ad4de,0xdaa526086787d9debe1d7f3ffdb1fe50cf8687f4,0xbd0d173eeb87d57a09521c24388a12789f33ba96,3,144456,1743025217,1741456979,1568238,1
25904060,1788526151,2026-09-04T12:49:11Z,0xc102bac0f86522875d0d348de1da01fa2187142be2ca7fdc6685feb71c3020f7,0x1ffda89c755f6d4af069897d77ccabb580fd412a,0x000d4411cdeb152378626b5c5e33fd5d6808939a,6,21000,2825764640,1825764640,1000000000,0
25904060,1788526151,2026-09-04T12:49:11Z,0x4268ded0f79dfd6c8d1d71f2104a5bf0436940ec7337accc2d986db2b7ca4578,0xa5c10e93172bff1dd28af7304b461d8a494fb8e8,0x0027b099f5cb5968e008c8f602900a1b62c71f9f,1,21000,2825764640,1825764640,1000000000,0
25904060,1788526151,2026-09-04T12:49:11Z,0x63ba499dd914ccb5295e9e5bc60d72551ea7fd67f7609d20aa973a42210ad681,0x415c8893d514f9bc5211d36eeda4183226b84aa7,0xff00000000000000000000000000000000081457,3,21000,1826864640,1825764640,1100000,0
25904060,1788526151,2026-09-04T12:49:11Z,0xe1236e208ae253c076dbd251597c6c5e6d6412900d45e5e5c5934b6b41c95527,0xdaa526086787d9debe1d7f3ffdb1fe50cf8687f4,0xbd0d173eeb87d57a09521c24388a12789f33ba96,3,144456,1826864640,1825764640,1100000,1
25904060,1788526151,2026-09-04T12:49:11Z,0x58b5b90d81b5d8302775d677db27684fa232e52e48cd7dbe4e7ac204cc8db2e0,0xdaa526086787d9debe1d7f3ffdb1fe50cf8687f4,0xbd0d173eeb87d57a09521c24388a12789f33ba96,3,144456,1826864640,1825764640,1100000,1
25904060,1788526151,2026-09-04T12:49:11Z,0x773957b8d8c6363b1a1c1226b0e89cf75fb4a70992625bb8b2ea496d56e49e8d,0xdaa526086787d9debe1d7f3ffdb1fe50cf8687f4,0xbd0d173eeb87d57a09521c24388a12789f33ba96,3,144456,1826864640,1825764640,1100000,1
25904061,1788526163,2026-09-04T12:49:23Z,0xf46422b54194eceb66007165ebecab952f41c2980ec7da1131411cfd3b0302bf,0xdbbe3d8c2d2b22a2611c5a94a9a12c2fcd49eb29,0xff00000000000000000000000000000000000480,5,21000,6674598089,1664598089,5010000000,0
25904061,1788526163,2026-09-04T12:49:23Z,0x92fd7d1e28a62a8dfd0801a3818a516c20c31d09c36dd9f276c30cdd3e7ecadd,0x5050f69a9786f081509234f1a7f4684b5e5b76c9,0xff00000000000000000000000000000000008453,6,21000,4174598089,1664598089,2510000000,0
25904061,1788526163,2026-09-04T12:49:23Z,0xefd6149057fa5729cb8dba3e9478dcf2caeaf74b51ad2e3cf1e718b837fd17da,0xc1b634853cb333d3ad8663715b08f41a3aec47cc,0x1c479675ad559dc151f6ec7ed3fbf8cee79582b6,3,168861,1665698089,1664598089,1100000,0
25904061,1788526163,2026-09-04T12:49:23Z,0x27327451c27466c4c06413fad08c126d26600613e2bd910ddd597f7db30973a6,0xdaa526086787d9debe1d7f3ffdb1fe50cf8687f4,0xbd0d173eeb87d57a09521c24388a12789f33ba96,3,144456,1665698089,1664598089,1100000,1
25904061,1788526163,2026-09-04T12:49:23Z,0x855f505c78d37489a506f7dd9b6cedb830afd95c768f1c80212163405b4cf475,0xdaa526086787d9debe1d7f3ffdb1fe50cf8687f4,0xbd0d173eeb87d57a09521c24388a12789f33ba96,3,144456,1665698089,1664598089,1100000,1
25904063,1788526187,2026-09-04T12:49:47Z,0x36b2d5095bb01ac741638e69adf260db87d46220d461a37a02a06c0df26b265c,0xba694234a1896694a07fee45ee4080a5ac70d838,0xca11bde05977b3631167028862be2a173976ca11,1,424374,1997207187,1733207187,264000000,0
25904063,1788526187,2026-09-04T12:49:47Z,0x05ed95981ad7f6cd295971737dfc049a04f764a706881b770b387a53afcf536c,0x5050f69a9786f081509234f1a7f4684b5e5b76c9,0xff00000000000000000000000000000000008453,6,21000,4243207187,1733207187,2510000000,0
25904063,1788526187,2026-09-04T12:49:47Z,0x1d129569a6e900f10128e1ee81f0584d228b8b4a8e2422eefb1a85550005dc79,0xc1b634853cb333d3ad8663715b08f41a3aec47cc,0x1c479675ad559dc151f6ec7ed3fbf8cee79582b6,3,168861,1734307187,1733207187,1100000,0
25904063,1788526187,2026-09-04T12:49:47Z,0xa9aa616b2aec78bd9ec9907d66653c485348b8180486e8e8f500f68152f59621,0xc1b634853cb333d3ad8663715b08f41a3aec47cc,0x1c479675ad559dc151f6ec7ed3fbf8cee79582b6,3,168861,1734307187,1733207187,1100000,0
25904063,1788526187,2026-09-04T12:49:47Z,0x68dab5b0ced2ec8bc6744b9da6514f8bbb4ae55dddadd58f560840fd4445d55d,0xdaa526086787d9debe1d7f3ffdb1fe50cf8687f4,0xbd0d173eeb87d57a09521c24388a12789f33ba96,3,144456,1734307187,1733207187,1100000,1
25904063,1788526187,2026-09-04T12:49:47Z,0xe06955195db03449c60df7847d6f09e0cc813c0320460d7fd70a5958f40d3adb,0xdaa526086787d9debe1d7f3ffdb1fe50cf8687f4,0xbd0d173eeb87d57a09521c24388a12789f33ba96,3,144456,1734307187,1733207187,1100000,1
25904064,1788526199,2026-09-04T12:49:59Z,0x149f55d28b82c1fb23da25580cabf345307d3cc9112d67dd01faa6dd0ce51736,0xb5bd290ef8ef3840cb866c7a8b7cc9e45fde3ab9,0x8c12f051c161c2cda736f3b3fa1c4bdd35b7922c,1,21000,2802751959,1802751959,1000000000,0
25904064,1788526199,2026-09-04T12:49:59Z,0x472ba324d636b72dfb8be2f0001797c508a079142dd47d6cb4c3f514b6fad8ab,0xc1b634853cb333d3ad8663715b08f41a3aec47cc,0x1c479675ad559dc151f6ec7ed3fbf8cee79582b6,3,168861,1803851959,1802751959,1100000,0
25904064,1788526199,2026-09-04T12:49:59Z,0x0b7539cda5042323ab01417ee8e37c1204e6212dd4b9a007965d6abc2bdbc544,0xdaa526086787d9debe1d7f3ffdb1fe50cf8687f4,0xbd0d173eeb87d57a09521c24388a12789f33ba96,3,152885,1803851959,1802751959,1100000,1
25904064,1788526199,2026-09-04T12:49:59Z,0x68151ff0f37b7399ea0be469a17c3c42f6aad5e7b68d57ac6a04020159f4c401,0xdaa526086787d9debe1d7f3ffdb1fe50cf8687f4,0xbd0d173eeb87d57a09521c24388a12789f33ba96,3,144456,1803851959,1802751959,1100000,1
25904064,1788526199,2026-09-04T12:49:59Z,0x8f89f2957a497423306f35ce2fd6487eca0266f56353e17b1285a9862dfb1803,0xdaa526086787d9debe1d7f3ffdb1fe50cf8687f4,0xbd0d173eeb87d57a09521c24388a12789f33ba96,3,144456,1803851959,1802751959,1100000,1
25904064,1788526199,2026-09-04T12:49:59Z,0x17cb08d9b6b3d8a689d94d21faab302ab7681baaa58536e6ed6217f3f39df1c4,0xdaa526086787d9debe1d7f3ffdb1fe50cf8687f4,0xbd0d173eeb87d57a09521c24388a12789f33ba96,3,144456,1803851959,1802751959,1100000,1
25904064,1788526199,2026-09-04T12:49:59Z,0x0ef394a96ae5a24491d2a5cfb745b5ef2844d8b1269b43d6b2b384c1a56105e1,0xdaa526086787d9debe1d7f3ffdb1fe50cf8687f4,0xbd0d173eeb87d57a09521c24388a12789f33ba96,3,144456,1803851959,1802751959,1100000,1
