l1_timestamp,l1_time_utc,base_fee_wei,excess_blob_gas,blob_gas_used,gas_utilisation
1788523211,2026-09-04T12:00:11Z,79281218,180091290,524288,0.9608
1788523223,2026-09-04T12:00:23Z,88413766,180266052,524288,0.5751
1788523235,2026-09-04T12:00:35Z,90072981,180440814,131072,0.5772
1788523247,2026-09-04T12:00:47Z,91810774,180484504,1441792,0.761
1788523259,2026-09-04T12:00:59Z,97801944,180965101,0,0.4179
1788523271,2026-09-04T12:01:11Z,95795148,180965101,1179648,0.7443
1788523283,2026-09-04T12:01:23Z,101644768,181358317,393216,0.5095
1788523295,2026-09-04T12:01:35Z,101886453,181489389,1966080,0.4752
1788523307,2026-09-04T12:01:47Z,101254684,182144749,262144,0.4359
1788523319,2026-09-04T12:01:59Z,99633285,182232130,524288,0.3338
1788523331,2026-09-04T12:02:11Z,95494649,182406892,1048576,0.8565
1788523343,2026-09-04T12:02:23Z,104005842,181620460,393216,0.3736
1788523355,2026-09-04T12:02:35Z,100720026,181751532,1441792,0.4611
1788523367,2026-09-04T12:02:47Z,99740064,182232129,524288,0.6499
1788523379,2026-09-04T12:02:59Z,103477889,182406891,0,0.4107
1788523391,2026-09-04T12:03:11Z,101168285,182406891,1572864,0.5554
1788523403,2026-09-04T12:03:23Z,102570696,182931179,1835008,0.4797
1788523415,2026-09-04T12:03:35Z,102050065,183542848,1048576,0.5396
1788523427,2026-09-04T12:03:47Z,103059830,182756416,393216,0.4599
1788523439,2026-09-04T12:03:59Z,102027186,182887488,1572864,0.555
1788523451,2026-09-04T12:04:11Z,103429703,183411776,393216,0.4692
1788523463,2026-09-04T12:04:23Z,102633362,181969984,2097152,0.4685
1788523475,2026-09-04T12:04:35Z,101825276,182669034,655360,0.4585
1788523487,2026-09-04T12:04:47Z,100769393,182887487,1048576,0.524
1788523499,2026-09-04T12:04:59Z,101372962,183237012,0,0.5057
1788523511,2026-09-04T12:05:11Z,101518159,181402004,1310720,0.7307
1788523523,2026-09-04T12:05:23Z,107372763,181838910,1179648,0.6624
1788523535,2026-09-04T12:05:35Z,111731086,182232126,655360,0.3649
1788523547,2026-09-04T12:05:47Z,107957556,182450579,393216,0.6568
1788523559,2026-09-04T12:05:59Z,112189337,182581651,393216,0.4221
1788523571,2026-09-04T12:06:11Z,110004780,182712723,1572864,0.7176
1788523583,2026-09-04T12:06:23Z,115989823,183237011,524288,0.476
1788523595,2026-09-04T12:06:35Z,115294530,183411773,524288,0.6265
1788523607,2026-09-04T12:06:47Z,118940366,183586535,1179648,0.4935
1788523619,2026-09-04T12:06:59Z,118745957,183979751,1179648,0.2158
1788523631,2026-09-04T12:07:11Z,110308566,184372967,524288,0.1693
1788523643,2026-09-04T12:07:23Z,101189037,183062247,262144,0.8302
1788523655,2026-09-04T12:07:35Z,109543351,181489383,0,0.4773
1788523667,2026-09-04T12:07:47Z,108921516,181489383,1966080,0.8513
1788523679,2026-09-04T12:07:59Z,118486574,182144743,1310720,0.5953
1788523691,2026-09-04T12:08:11Z,121308889,182581649,393216,0.5763
1788523703,2026-09-04T12:08:23Z,123621549,182712721,917504,0.6176
1788523715,2026-09-04T12:08:35Z,127255712,183018555,524288,0.602
1788523727,2026-09-04T12:08:47Z,130499365,183193317,1572864,0.3753
1788523739,2026-09-04T12:08:59Z,126431539,183717605,1966080,0.4414
1788523751,2026-09-04T12:09:11Z,124579811,184372965,786432,0.5844
1788523763,2026-09-04T12:09:23Z,127207937,184635109,1441792,0.5016
1788523775,2026-09-04T12:09:35Z,127258146,185115706,2228224,0.3724
1788523787,2026-09-04T12:09:47Z,123199288,185858447,524288,0.4511
1788523799,2026-09-04T12:09:59Z,121692362,184547727,262144,0.5526
1788523811,2026-09-04T12:10:11Z,123291741,184635108,0,0.3986
1788523823,2026-09-04T12:10:23Z,120166645,184635108,2228224,0.1556
1788523835,2026-09-04T12:10:35Z,109818850,185377849,917504,0.7464
1788523847,2026-09-04T12:10:47Z,116584189,184460345,0,0.9446
1788523859,2026-09-04T12:10:59Z,129543259,184460345,0,0.0638
1788523871,2026-09-04T12:11:11Z,115417819,184460345,786432,0.1131
1788523883,2026-09-04T12:11:23Z,104254015,184722489,262144,0.8814
1788523895,2026-09-04T12:11:35Z,114195108,183149625,131072,0.5216
1788523907,2026-09-04T12:11:47Z,114811661,183193315,2490368,0.729
1788523919,2026-09-04T12:11:59Z,121384157,184023437,1179648,0.43
1788523931,2026-09-04T12:12:11Z,119259740,184416653,131072,0.4081
1788523943,2026-09-04T12:12:23Z,116518617,184460343,524288,0.1534
1788523955,2026-09-04T12:12:35Z,106421826,184635105,1179648,0.1616
1788523967,2026-09-04T12:12:47Z,97419547,183979745,1048576,0.1789
1788523979,2026-09-04T12:12:59Z,89599090,183193313,0,0.9997
1788523991,2026-09-04T12:13:11Z,100793182,181358305,262144,0.622
1788524003,2026-09-04T12:13:23Z,103866682,181445686,2621440,0.7989
1788524015,2026-09-04T12:13:35Z,111627369,182319499,131072,0.4811
1788524027,2026-09-04T12:13:47Z,111100301,182363189,1048576,0.8024
1788524039,2026-09-04T12:13:59Z,119499539,182712714,1179648,0.3847
1788524051,2026-09-04T12:14:11Z,116054988,183105930,393216,0.4957
1788524063,2026-09-04T12:14:23Z,115930708,183237002,786432,0.6463
1788524075,2026-09-04T12:14:35Z,120170463,183499146,524288,0.489
1788524087,2026-09-04T12:14:47Z,119840719,183673908,2752512,0.4934
1788524099,2026-09-04T12:14:59Z,119644065,184591412,655360,0.5741
1788524111,2026-09-04T12:15:11Z,121860227,184809865,393216,0.5097
1788524123,2026-09-04T12:15:23Z,122155258,184940937,131072,0.3296
1788524135,2026-09-04T12:15:35Z,116952196,184984627,1966080,0.5221
1788524147,2026-09-04T12:15:47Z,117598495,185115699,0,0.5507
1788524159,2026-09-04T12:15:59Z,119087671,183280691,917504,0.1375
1788524171,2026-09-04T12:16:11Z,108295500,183586525,393216,0.1872
1788524183,2026-09-04T12:16:23Z,99825908,183717597,917504,0.8597
1788524195,2026-09-04T12:16:35Z,108802759,182800093,1179648,0.4508
1788524207,2026-09-04T12:16:47Z,107465210,183193309,0,0.3063
1788524219,2026-09-04T12:16:59Z,102260120,183193309,524288,0.6452
1788524231,2026-09-04T12:17:11Z,105971319,181882589,1703936,0.6564
1788524243,2026-09-04T12:17:23Z,110114592,182450567,1572864,0.4147
1788524255,2026-09-04T12:17:35Z,107767242,182974855,0,0.2961
1788524267,2026-09-04T12:17:47Z,102272773,182974855,1441792,0.5763
1788524279,2026-09-04T12:17:59Z,104222840,183455452,393216,0.3839
1788524291,2026-09-04T12:18:11Z,101198064,182013660,0,0.5824
1788524303,2026-09-04T12:18:23Z,103282306,182013660,1310720,0.642
1788524315,2026-09-04T12:18:35Z,106949130,182450566,1441792,0.373
1788524327,2026-09-04T12:18:47Z,103554541,182931163,524288,0.6049
1788524339,2026-09-04T12:18:59Z,106269293,183105925,524288,0.5165
1788524351,2026-09-04T12:19:11Z,106707822,183280687,393216,0.1492
1788524363,2026-09-04T12:19:23Z,97348419,183411759,917504,0.7272
1788524375,2026-09-04T12:19:35Z,102878649,182494255,1441792,0.502
1788524387,2026-09-04T12:19:47Z,102928974,182974852,1048576,0.5224
1788524399,2026-09-04T12:19:59Z,103505354,183324377,393216,0.5123
1788524411,2026-09-04T12:20:11Z,103824174,181882585,393216,0.5465
1788524423,2026-09-04T12:20:23Z,105030431,182013657,1835008,0.4774
1788524435,2026-09-04T12:20:35Z,104437018,182625326,524288,0.3418
1788524447,2026-09-04T12:20:47Z,100305683,182800088,1310720,0.4356
1788524459,2026-09-04T12:20:59Z,98689530,183236994,0,0.4948
1788524471,2026-09-04T12:21:11Z,98561843,181401986,393216,0.5809
1788524483,2026-09-04T12:21:23Z,100554433,181533058,1835008,0.4733
1788524495,2026-09-04T12:21:35Z,99882394,182144727,131072,0.4142
1788524507,2026-09-04T12:21:47Z,97739121,182188417,524288,0.4679
1788524519,2026-09-04T12:21:59Z,96954737,182363179,1179648,0.5614
1788524531,2026-09-04T12:22:11Z,98443356,182756395,393216,0.4474
1788524543,2026-09-04T12:22:23Z,97148057,181314603,1310720,0.3987
1788524555,2026-09-04T12:22:35Z,94687484,181751509,0,0.3747
1788524567,2026-09-04T12:22:47Z,91720606,181751509,1179648,0.586
1788524579,2026-09-04T12:22:59Z,93692600,182144725,786432,0.4986
1788524591,2026-09-04T12:23:11Z,93658802,181096149,262144,0.621
1788524603,2026-09-04T12:23:23Z,96491188,181183530,2752512,0.5625
1788524615,2026-09-04T12:23:35Z,97999113,182101034,917504,0.3929
1788524627,2026-09-04T12:23:47Z,95374839,182406868,393216,0.5059
1788524639,2026-09-04T12:23:59Z,95514830,180965076,524288,0.1307
1788524651,2026-09-04T12:24:11Z,86697460,181139838,393216,0.929
1788524663,2026-09-04T12:24:23Z,95994798,181270910,1310720,0.5241
1788524675,2026-09-04T12:24:35Z,96573215,181707816,1179648,0.669
1788524687,2026-09-04T12:24:47Z,100653568,182101032,524288,0.4244
1788524699,2026-09-04T12:24:59Z,98750047,182275794,393216,0.4388
1788524711,2026-09-04T12:25:11Z,97239036,182406866,1048576,0.5043
1788524723,2026-09-04T12:25:23Z,97342484,182756391,2097152,0.353
1788524735,2026-09-04T12:25:35Z,93765818,183018535,524288,0.1374
1788524747,2026-09-04T12:25:47Z,85264925,181707815,0,0.7324
1788524759,2026-09-04T12:25:59Z,90217974,179872807,0,0.3213
1788524771,2026-09-04T12:26:11Z,86188173,179872807,2097152,0.7408
1788524783,2026-09-04T12:26:23Z,91377775,180571857,786432,0.0648
1788524795,2026-09-04T12:26:35Z,81435173,180834001,1703936,0.2161
1788524807,2026-09-04T12:26:47Z,75654788,180702929,1310720,0.6683
1788524819,2026-09-04T12:26:59Z,78838178,180178641,131072,0.9824
1788524831,2026-09-04T12:27:11Z,88346976,178474705,0,0.5627
1788524843,2026-09-04T12:27:23Z,89732293,178474705,2490368,0.902
1788524855,2026-09-04T12:27:35Z,98750883,179304827,1179648,0.503
1788524867,2026-09-04T12:27:47Z,98825367,179698043,131072,0.3918
1788524879,2026-09-04T12:27:59Z,96151217,179741733,2097152,0.5458
1788524891,2026-09-04T12:28:11Z,97251722,180440783,1179648,0.6198
1788524903,2026-09-04T12:28:23Z,100164093,180833999,1310720,0.4087
1788524915,2026-09-04T12:28:35Z,97878728,181270905,393216,0.6613
1788524927,2026-09-04T12:28:47Z,101824815,181401977,786432,0.3278
1788524939,2026-09-04T12:28:59Z,97441837,181664121,1966080,0.5482
1788524951,2026-09-04T12:29:11Z,98615490,182319481,1048576,0.6129
1788524963,2026-09-04T12:29:23Z,101399583,182669006,0,0.6126
1788524975,2026-09-04T12:29:35Z,104254443,182669006,0,0.4662
1788524987,2026-09-04T12:29:47Z,103373897,182669006,1703936,0.1816
1788524999,2026-09-04T12:29:59Z,95145692,183236984,0,0.2177
1788525011,2026-09-04T12:30:11Z,88429871,181401976,0,0.4934
1788525023,2026-09-04T12:30:23Z,88283617,181401976,0,0.999
1788525035,2026-09-04T12:30:35Z,99298098,179566968,0,0.9342
1788525047,2026-09-04T12:30:47Z,110075949,179566968,0,0.9855
1788525059,2026-09-04T12:30:59Z,123437786,179566968,655360,0.9995
1788525071,2026-09-04T12:31:11Z,138851862,179785421,524288,0.6931
1788525083,2026-09-04T12:31:23Z,145555756,179960183,2621440,0.9186
1788525095,2026-09-04T12:31:35Z,160789493,180833996,393216,0.7672
1788525107,2026-09-04T12:31:47Z,171531017,180965068,0,0.8343
1788525119,2026-09-04T12:31:59Z,185864756,180965068,0,0.4694
1788525131,2026-09-04T12:32:11Z,184441851,180965068,0,0.9473
1788525143,2026-09-04T12:32:23Z,205068500,180965068,131072,0.8458
1788525155,2026-09-04T12:32:35Z,222794738,181008758,0,0.6946
1788525167,2026-09-04T12:32:47Z,233631475,181008758,0,0.3482
1788525179,2026-09-04T12:32:59Z,224767037,181008758,917504,0.8184
1788525191,2026-09-04T12:33:11Z,242655741,181314592,1703936,0.8368
1788525203,2026-09-04T12:33:23Z,263089097,181882570,2490368,0.9999
1788525215,2026-09-04T12:33:35Z,295969835,182712692,1441792,0.9106
1788525227,2026-09-04T12:33:47Z,326351787,183193289,0,0.6165
1788525239,2026-09-04T12:33:59Z,335856047,183193289,917504,0.8493
1788525251,2026-09-04T12:34:11Z,365188790,183499123,2359296,0.4002
1788525263,2026-09-04T12:34:23Z,356079199,184285555,2359296,0.9427
1788525275,2026-09-04T12:34:35Z,395484305,185071987,2228224,0.9764
1788525287,2026-09-04T12:34:47Z,442582473,185814728,2621440,0.7936
1788525299,2026-09-04T12:34:59Z,475064402,186688541,131072,0.9961
1788525311,2026-09-04T12:35:11Z,533989375,186732231,131072,0.808
1788525323,2026-09-04T12:35:23Z,575111861,186775921,1572864,0.8407
1788525335,2026-09-04T12:35:35Z,624098046,187300209,2621440,0.9867
1788525347,2026-09-04T12:35:47Z,700033425,188174022,786432,0.6586
1788525359,2026-09-04T12:35:59Z,727798273,188436166,0,0.2718
1788525371,2026-09-04T12:36:11Z,686272287,188436166,2359296,0.2199
1788525383,2026-09-04T12:36:23Z,638209448,189222598,0,0.5894
1788525395,2026-09-04T12:36:35Z,652466321,189222598,1966080,0.8558
1788525407,2026-09-04T12:36:47Z,710503898,189877958,0,0.2555
1788525419,2026-09-04T12:36:59Z,667068282,189877958,1441792,0.5435
1788525431,2026-09-04T12:37:11Z,674328161,190358555,655360,0.736
1788525443,2026-09-04T12:37:23Z,714111662,190577008,2490368,0.8979
1788525455,2026-09-04T12:37:35Z,785146708,191407130,2490368,0.9779
1788525467,2026-09-04T12:37:47Z,878960027,192237252,2752512,0.9979
1788525479,2026-09-04T12:37:59Z,988366006,193154756,0,0.0813
1788525491,2026-09-04T12:38:11Z,884914285,193154756,131072,0.9436
1788525503,2026-09-04T12:38:23Z,983047670,193198446,2752512,0.9966
1788525515,2026-09-04T12:38:35Z,1105096694,194115950,2621440,0.1762
1788525527,2026-09-04T12:38:47Z,1015640070,194989763,1179648,0.4145
1788525539,2026-09-04T12:38:59Z,993927510,195382979,2752512,0.7584
1788525551,2026-09-04T12:39:11Z,1058137384,196300483,0,0.0587
1788525563,2026-09-04T12:39:23Z,941392708,196300483,2490368,0.3909
1788525575,2026-09-04T12:39:35Z,915723479,197130605,2490368,0.9986
1788525587,2026-09-04T12:39:47Z,1029866193,197960727,1835008,0.3014
1788525599,2026-09-04T12:39:59Z,978721790,198572396,786432,0.1128
1788525611,2026-09-04T12:40:11Z,883992278,198834540,2621440,0.9904
1788525623,2026-09-04T12:40:23Z,992362137,199708353,786432,0.397
1788525635,2026-09-04T12:40:35Z,966805137,199970497,0,0.384
1788525647,2026-09-04T12:40:47Z,938776631,199970497,786432,0.2877
1788525659,2026-09-04T12:40:59Z,888952298,200232641,131072,0.2717
1788525671,2026-09-04T12:41:11Z,838219608,200276331,1572864,0.1459
1788525683,2026-09-04T12:41:23Z,764026309,200800619,1179648,0.9993
1788525695,2026-09-04T12:41:35Z,859401594,201193835,131072,0.9988
1788525707,2026-09-04T12:41:47Z,966565416,201237525,2621440,0.6857
1788525719,2026-09-04T12:41:59Z,1011429647,202111338,2752512,0.6208
1788525731,2026-09-04T12:42:11Z,1041970144,203028842,2490368,0.5614
1788525743,2026-09-04T12:42:23Z,1057971301,203858964,2097152,0.5087
1788525755,2026-09-04T12:42:35Z,1060275298,204558014,2752512,0.5451
1788525767,2026-09-04T12:42:47Z,1072223151,205475518,1703936,0.1717
1788525779,2026-09-04T12:42:59Z,984227616,206043496,131072,0.3899
1788525791,2026-09-04T12:43:11Z,957134726,206087186,2490368,0.8548
1788525803,2026-09-04T12:43:23Z,1042043914,206917308,786432,0.2367
1788525815,2026-09-04T12:43:35Z,973459849,207179452,0,0.1389
1788525827,2026-09-04T12:43:47Z,885585130,207179452,0,0.7702
1788525839,2026-09-04T12:43:59Z,945396538,207179452,393216,0.8031
1788525851,2026-09-04T12:44:11Z,1017040093,207310524,393216,0.3629
1788525863,2026-09-04T12:44:23Z,982174972,207441596,0,0.6323
1788525875,2026-09-04T12:44:35Z,1014655784,207441596,2097152,0.9984
1788525887,2026-09-04T12:44:47Z,1141091199,208140646,0,0.3295
1788525899,2026-09-04T12:44:59Z,1092455710,208140646,131072,0.5432
1788525911,2026-09-04T12:45:11Z,1104248701,208184336,1572864,0.3436
1788525923,2026-09-04T12:45:23Z,1061059087,208708624,655360,0.5528
1788525935,2026-09-04T12:45:35Z,1075074580,208927077,2228224,0.9933
1788525947,2026-09-04T12:45:47Z,1207647364,209669818,1835008,0.9998
1788525959,2026-09-04T12:45:59Z,1358552397,210281487,262144,0.5893
1788525971,2026-09-04T12:46:11Z,1388889098,210368868,786432,0.2141
1788525983,2026-09-04T12:46:23Z,1289627920,210631012,2490368,0.9948
1788525995,2026-09-04T12:46:35Z,1449162712,211461134,0,0.4665
1788526007,2026-09-04T12:46:47Z,1437037013,211461134,0,0.5896
1788526019,2026-09-04T12:46:59Z,1469228534,211461134,1966080,0.6149
1788526031,2026-09-04T12:47:11Z,1511445267,212116494,1966080,0.3357
1788526043,2026-09-04T12:47:23Z,1449378057,212771854,393216,0.769
1788526055,2026-09-04T12:47:35Z,1546856853,212902926,2490368,0.9999
1788526067,2026-09-04T12:47:47Z,1740158363,213733048,0,0.2447
1788526079,2026-09-04T12:47:59Z,1629091787,213733048,1048576,0.7354
1788526091,2026-09-04T12:48:11Z,1724968112,214082573,2752512,0.7741
1788526103,2026-09-04T12:48:23Z,1843153303,215000077,2621440,0.4273
1788526115,2026-09-04T12:48:35Z,1809664168,215873890,2752512,0.4313
1788526127,2026-09-04T12:48:47Z,1778571906,216791394,0,0.4165
1788526139,2026-09-04T12:48:59Z,1741456979,214956386,2621440,0.6936
1788526151,2026-09-04T12:49:11Z,1825764640,215830199,2490368,0.1469
1788526163,2026-09-04T12:49:23Z,1664598089,216660321,2621440,0.7136
1788526175,2026-09-04T12:49:35Z,1753467894,217446753,0,0.4538
1788526187,2026-09-04T12:49:47Z,1733207187,215611745,2490368,0.6605
1788526199,2026-09-04T12:49:59Z,1802751959,216441867,2490368,0.6854
1788526211,2026-09-04T12:50:11Z,1886317031,217271989,1179648,0.4119
1788526223,2026-09-04T12:50:23Z,1844749835,216616629,2490368,0.4524
1788526235,2026-09-04T12:50:35Z,1822812055,217446751,524288,0.3537
1788526247,2026-09-04T12:50:47Z,1756123341,216136031,1048576,0.4648
1788526259,2026-09-04T12:50:59Z,1740671541,216485556,0,0.4917
1788526271,2026-09-04T12:51:11Z,1737060627,214650548,0,0.4121
1788526283,2026-09-04T12:51:23Z,1698888177,214650548,2359296,0.7947
1788526295,2026-09-04T12:51:35Z,1824035394,215436980,2621440,0.4253
1788526307,2026-09-04T12:51:47Z,1789982539,216310793,2490368,0.4547
1788526319,2026-09-04T12:51:59Z,1769724039,217140915,2490368,0.3885
1788526331,2026-09-04T12:52:11Z,1720388152,217796275,2621440,0.4514
1788526343,2026-09-04T12:52:23Z,1699505615,218582707,1441792,0.2756
1788526355,2026-09-04T12:52:35Z,1604183192,218189491,2359296,0.5809
1788526367,2026-09-04T12:52:47Z,1636632208,218713779,1572864,0.3804
1788526379,2026-09-04T12:52:59Z,1587715686,218451635,2752512,0.6601
1788526391,2026-09-04T12:53:11Z,1651265157,219369139,2228224,0.1657
1788526403,2026-09-04T12:53:23Z,1513250847,219762355,786432,0.9966
1788526415,2026-09-04T12:53:35Z,1701136305,218713779,0,0.1906
1788526427,2026-09-04T12:53:47Z,1569560933,216878771,917504,0.6177
1788526439,2026-09-04T12:53:59Z,1615729253,215961267,2490368,0.3316
1788526451,2026-09-04T12:54:11Z,1547695244,216616627,1048576,0.9997
1788526463,2026-09-04T12:54:23Z,1741031347,215830195,2752512,0.8704
1788526475,2026-09-04T12:54:35Z,1902244328,216747699,1048576,0.4088
1788526487,2026-09-04T12:54:47Z,1858873261,217097224,2752512,0.4639
1788526499,2026-09-04T12:54:59Z,1842082640,218014728,2490368,0.5793
1788526511,2026-09-04T12:55:11Z,1878584512,218670088,2228224,0.4869
1788526523,2026-09-04T12:55:23Z,1872430778,219063304,262144,0.4251
1788526535,2026-09-04T12:55:35Z,1837350889,217490440,786432,0.3623
1788526547,2026-09-04T12:55:47Z,1774080357,216441864,917504,0.7832
1788526559,2026-09-04T12:55:59Z,1899678482,216747698,2621440,0.4697
1788526571,2026-09-04T12:56:11Z,1885265843,217621511,786432,0.2851
1788526583,2026-09-04T12:56:23Z,1783993549,216572935,0,0.2534
1788526595,2026-09-04T12:56:35Z,1673999725,214737927,1310720,0.7132
1788526607,2026-09-04T12:56:47Z,1763205098,215174833,2621440,0.8903
1788526619,2026-09-04T12:56:59Z,1935257542,216048646,1048576,0.5595
1788526631,2026-09-04T12:57:11Z,1964041570,216398171,1179648,0.4255
1788526643,2026-09-04T12:57:23Z,1927472868,216791387,786432,0.4025
1788526655,2026-09-04T12:57:35Z,1880491986,217053531,1572864,0.4711
1788526667,2026-09-04T12:57:47Z,1866907579,217577819,917504,0.3916
1788526679,2026-09-04T12:57:59Z,1816316897,216660315,786432,0.4335
1788526691,2026-09-04T12:58:11Z,1786099128,216922459,2490368,0.3294
1788526703,2026-09-04T12:58:23Z,1709914157,217577819,131072,0.4281
1788526715,2026-09-04T12:58:35Z,1679170649,215873883,786432,0.3781
1788526727,2026-09-04T12:58:47Z,1628003542,214825307,393216,0.409
1788526739,2026-09-04T12:58:59Z,1590983861,214956379,131072,0.3175
1788526751,2026-09-04T12:59:11Z,1518376622,215000069,786432,0.1299
1788526763,2026-09-04T12:59:23Z,1377892870,213951493,917504,0.7289
1788526775,2026-09-04T12:59:35Z,1456732397,213033989,2752512,0.439
1788526787,2026-09-04T12:59:47Z,1434502145,213951493,786432,0.327
1788526799,2026-09-04T12:59:59Z,1372464291,214213637,2097152,0.7423
1788526811,2026-09-04T13:00:11Z,1455597192,214475781,786432,0.1956
1788526823,2026-09-04T13:00:23Z,1344844147,213427205,393216,0.8125
1788526835,2026-09-04T13:00:35Z,1449921275,211985413,786432,0.2953
1788526847,2026-09-04T13:00:47Z,1375730483,212247557,0,0.3148
1788526859,2026-09-04T13:00:59Z,1312031348,212247557,917504,1.0
1788526871,2026-09-04T13:01:11Z,1476025575,212553391,0,0.2782
1788526883,2026-09-04T13:01:23Z,1394192806,212553391,0,0.5943
1788526895,2026-09-04T13:01:35Z,1427072879,212553391,2621440,0.7371
1788526907,2026-09-04T13:01:47Z,1511679802,213427204,0,0.2178
1788526919,2026-09-04T13:01:59Z,1405025464,213427204,1703936,0.4864
1788526931,2026-09-04T13:02:11Z,1400256732,213995182,131072,0.5219
1788526943,2026-09-04T13:02:23Z,1407933330,212291246,1572864,0.7688
1788526955,2026-09-04T13:02:35Z,1502552016,212815534,917504,0.3533
1788526967,2026-09-04T13:02:47Z,1447427728,213121368,2490368,0.4442
1788526979,2026-09-04T13:02:59Z,1427233012,213951490,1572864,0.3365
1788526991,2026-09-04T13:03:11Z,1368887245,213689346,2490368,0.6685
1788527003,2026-09-04T13:03:23Z,1426550513,214344706,786432,0.4018
1788527015,2026-09-04T13:03:35Z,1391521976,213296130,1179648,0.4323
1788527027,2026-09-04T13:03:47Z,1367975303,213689346,393216,0.3512
1788527039,2026-09-04T13:03:59Z,1317096164,212247554,1966080,0.4202
1788527051,2026-09-04T13:04:11Z,1290821281,212902914,524288,0.4656
1788527063,2026-09-04T13:04:23Z,1279731389,211592194,786432,0.3468
1788527075,2026-09-04T13:04:35Z,1230703168,211854338,786432,0.4267
1788527087,2026-09-04T13:04:47Z,1208143364,212116482,0,0.2756
1788527099,2026-09-04T13:04:59Z,1140378412,210281474,917504,0.5381
1788527111,2026-09-04T13:05:11Z,1151227017,210587308,1310720,0.607
1788527123,2026-09-04T13:05:23Z,1182020339,211024214,0,0.3064
1788527135,2026-09-04T13:05:35Z,1124807477,211024214,393216,0.4488
1788527147,2026-09-04T13:05:47Z,1110414319,211155286,1966080,0.262
1788527159,2026-09-04T13:05:59Z,1044338967,211286358,524288,0.5179
1788527171,2026-09-04T13:06:11Z,1049020799,209975638,0,0.3245
1788527183,2026-09-04T13:06:23Z,1002986472,209975638,2228224,0.5979
1788527195,2026-09-04T13:06:35Z,1027536486,210368854,524288,0.518
1788527207,2026-09-04T13:06:47Z,1032171266,209058134,786432,0.3198
1788527219,2026-09-04T13:06:59Z,985663165,209320278,393216,0.3536
1788527231,2026-09-04T13:07:11Z,949585039,209451350,1179648,0.4529
1788527243,2026-09-04T13:07:23Z,938403466,208795990,1179648,0.3546
1788527255,2026-09-04T13:07:35Z,904300008,209189206,655360,0.5999
1788527267,2026-09-04T13:07:47Z,926882820,208009558,393216,0.4153
1788527279,2026-09-04T13:07:59Z,907254910,208140630,1179648,0.4805
1788527291,2026-09-04T13:08:11Z,902838390,208533846,1179648,0.4666
1788527303,2026-09-04T13:08:23Z,895292931,208927062,1179648,0.3347
1788527315,2026-09-04T13:08:35Z,858288044,208271702,393216,0.6555
1788527327,2026-09-04T13:08:47Z,891651034,206829910,917504,0.4996
1788527339,2026-09-04T13:08:59Z,891563010,207135744,1441792,0.497
1788527351,2026-09-04T13:09:11Z,890884862,207616341,393216,0.4492
1788527363,2026-09-04T13:09:23Z,879566096,207747413,1048576,0.6564
1788527375,2026-09-04T13:09:35Z,913958907,208096938,1441792,0.5179
1788527387,2026-09-04T13:09:47Z,918055278,208577535,262144,0.3856
1788527399,2026-09-04T13:09:59Z,891801096,208664916,0,0.2121
1788527411,2026-09-04T13:10:11Z,827623680,206829908,2621440,0.8663
1788527423,2026-09-04T13:10:23Z,903422805,207703721,1048576,0.1945
1788527435,2026-09-04T13:10:35Z,834421946,208053246,0,0.5132
1788527447,2026-09-04T13:10:47Z,837170577,206218238,2359296,0.7241
1788527459,2026-09-04T13:10:59Z,884073839,207004670,393216,0.3893
1788527471,2026-09-04T13:11:11Z,859609409,207135742,917504,0.53
1788527483,2026-09-04T13:11:23Z,866052274,207441576,786432,0.4634
1788527495,2026-09-04T13:11:35Z,858126954,207703720,1835008,0.3274
1788527507,2026-09-04T13:11:47Z,821091618,208315389,1179648,0.5877
1788527519,2026-09-04T13:11:59Z,839102967,207660029,1310720,0.4014
1788527531,2026-09-04T13:12:11Z,818421516,208096935,1310720,0.5674
1788527543,2026-09-04T13:12:23Z,832217596,207572647,131072,0.6492
1788527555,2026-09-04T13:12:35Z,863252748,207616337,393216,0.5146
1788527567,2026-09-04T13:12:47Z,866406753,207747409,1835008,0.5187
1788527579,2026-09-04T13:12:59Z,870466262,208359078,917504,0.6745
1788527591,2026-09-04T13:13:11Z,908433142,207441574,1179648,0.6808
1788527603,2026-09-04T13:13:23Z,949505281,207834790,393216,0.5333
1788527615,2026-09-04T13:13:35Z,957417781,207965862,131072,0.2768
1788527627,2026-09-04T13:13:47Z,903994284,208009552,1703936,0.6189
1788527639,2026-09-04T13:13:59Z,930864353,208577530,917504,0.2455
1788527651,2026-09-04T13:14:11Z,871631787,208883364,524288,0.5315
1788527663,2026-09-04T13:14:23Z,878499330,207572644,393216,0.4423
1788527675,2026-09-04T13:14:35Z,865818412,207703716,2097152,0.4068
1788527687,2026-09-04T13:14:47Z,845642971,208402766,917504,0.3561
1788527699,2026-09-04T13:14:59Z,815212611,207485262,524288,0.5225
1788527711,2026-09-04T13:15:11Z,819802607,206174542,1179648,0.5443
1788527723,2026-09-04T13:15:23Z,828883164,206567758,655360,0.4799
1788527735,2026-09-04T13:15:35Z,824722554,206786211,393216,0.4663
1788527747,2026-09-04T13:15:47Z,817765171,206917283,1179648,0.1093
1788527759,2026-09-04T13:15:59Z,737882026,207310499,1966080,0.1934
1788527771,2026-09-04T13:16:11Z,681322373,207441571,393216,0.9641
1788527783,2026-09-04T13:16:23Z,760369888,205999779,786432,0.1778
1788527795,2026-09-04T13:16:35Z,699114595,206261923,1441792,0.7453
1788527807,2026-09-04T13:16:47Z,741987410,205868707,0,0.5087
1788527819,2026-09-04T13:16:59Z,743599461,205868707,2359296,0.6513
1788527843,2026-09-04T13:17:23Z,771717057,206655139,1703936,0.4785
1788527855,2026-09-04T13:17:35Z,767560380,207223117,1179648,0.792
1788527867,2026-09-04T13:17:47Z,823591245,206567757,0,0.4368
1788527879,2026-09-04T13:17:59Z,810572471,206567757,2490368,0.2902
1788527891,2026-09-04T13:18:11Z,768048695,207397879,786432,0.9754
1788527903,2026-09-04T13:18:23Z,859326968,206349303,655360,0.4593
1788527915,2026-09-04T13:18:35Z,850573578,206567756,524288,0.5658
1788527927,2026-09-04T13:18:47Z,864556564,206742518,1310720,0.4949
1788527939,2026-09-04T13:18:59Z,863452908,207179424,393216,0.293
1788527951,2026-09-04T13:19:11Z,818777355,207310496,524288,0.572
1788527963,2026-09-04T13:19:23Z,833516845,207485258,1310720,0.4993
1788527975,2026-09-04T13:19:35Z,833370185,207922164,786432,0.337
1788527987,2026-09-04T13:19:47Z,799420504,206873588,524288,0.4904
1788527999,2026-09-04T13:19:59Z,797504164,207048350,1179648,0.5034
1788528011,2026-09-04T13:20:11Z,798183733,207441566,1179648,0.5815
1788528023,2026-09-04T13:20:23Z,814439363,206786206,131072,0.4228
1788528035,2026-09-04T13:20:35Z,798729904,206829896,2097152,0.6072
1788528047,2026-09-04T13:20:47Z,820140960,207528946,786432,0.2173
1788528059,2026-09-04T13:20:59Z,762186352,206480370,1441792,0.4764
1788528071,2026-09-04T13:21:11Z,757683336,206960967,524288,0.6991
1788528083,2026-09-04T13:21:23Z,795391540,205650247,786432,0.3936
1788528095,2026-09-04T13:21:35Z,774243942,205912391,524288,0.4714
1788528107,2026-09-04T13:21:47Z,768706530,206087153,1048576,0.5118
1788528119,2026-09-04T13:21:59Z,770981461,206436678,262144,0.6456
1788528131,2026-09-04T13:22:11Z,799039951,206524059,1179648,0.5751
1788528143,2026-09-04T13:22:23Z,814044706,206917275,131072,0.5203
1788528155,2026-09-04T13:22:35Z,818177729,206960965,0,0.5495
1788528167,2026-09-04T13:22:47Z,828311016,206960965,1179648,0.1521
1788528179,2026-09-04T13:22:59Z,756276711,207354181,786432,0.186
1788528191,2026-09-04T13:23:11Z,696904118,206305605,1179648,0.9996
1788528203,2026-09-04T13:23:23Z,783946408,205650245,1179648,0.6621
1788528215,2026-09-04T13:23:35Z,815721656,206043461,524288,0.5186
1788528227,2026-09-04T13:23:47Z,819507005,206218223,0,0.4358
1788528239,2026-09-04T13:23:59Z,806359976,206218223,655360,0.5186
1788528251,2026-09-04T13:24:11Z,810119219,206436676,2097152,0.6813
1788528263,2026-09-04T13:24:23Z,846839128,207135726,1441792,0.4569
1788528275,2026-09-04T13:24:35Z,837722217,207616323,0,0.4847
1788528287,2026-09-04T13:24:47Z,834508774,207616323,1179648,0.3907
1788528299,2026-09-04T13:24:59Z,811706156,208009539,1179648,0.6025
1788528311,2026-09-04T13:25:11Z,832497342,207354179,1048576,0.4538
1788528323,2026-09-04T13:25:23Z,822887798,207703704,786432,0.1718
1788528335,2026-09-04T13:25:35Z,755375803,206655128,2228224,0.7419
1788528347,2026-09-04T13:25:47Z,801053355,207048344,131072,0.5886
1788528359,2026-09-04T13:25:59Z,818802524,207092034,1310720,0.4688
1788528371,2026-09-04T13:26:11Z,812411126,207528940,1048576,0.4248
1788528383,2026-09-04T13:26:23Z,797143115,206742508,1179648,0.606
1788528395,2026-09-04T13:26:35Z,818265766,207135724,0,0.3265
1788528407,2026-09-04T13:26:47Z,782767604,207135724,524288,0.1618
1788528419,2026-09-04T13:26:59Z,716593044,205825004,1179648,0.7682
1788528431,2026-09-04T13:27:11Z,764634283,206218220,524288,0.5476
1788528443,2026-09-04T13:27:23Z,773729761,206392982,1966080,0.4795
1788528455,2026-09-04T13:27:35Z,769772095,207048342,524288,0.3485
1788528467,2026-09-04T13:27:47Z,740625156,205737622,393216,0.299
1788528479,2026-09-04T13:27:59Z,703409233,205868694,1572864,0.6487
1788528491,2026-09-04T13:28:11Z,729560264,205606550,0,0.4559
1788528503,2026-09-04T13:28:23Z,721508044,205606550,786432,0.1408
1788528515,2026-09-04T13:28:35Z,656721646,205868694,1835008,0.8618
1788528527,2026-09-04T13:28:47Z,716119615,205868694,0,0.1385
1788528539,2026-09-04T13:28:59Z,651401654,204033686,393216,0.6319
1788528551,2026-09-04T13:29:11Z,672875055,204164758,2228224,0.5282
1788528563,2026-09-04T13:29:23Z,677616623,204907499,393216,0.2383
1788528575,2026-09-04T13:29:35Z,633276579,205038571,1572864,0.8255
1788528587,2026-09-04T13:29:47Z,684808041,204776427,1441792,0.4961
1788528599,2026-09-04T13:29:59Z,684144562,205257024,393216,0.4551
1788528611,2026-09-04T13:30:11Z,676467018,205388096,917504,0.7775
1788528623,2026-09-04T13:30:23Z,723400967,204470592,655360,0.6505
