block,timestamp,time_utc,gas_used,tx_count_incl_arbos_internal
53410000,1788437758,2026-09-03T12:15:58Z,2099597,10
53410030,1788437761,2026-09-03T12:16:01Z,3878034,14
53410060,1788437765,2026-09-03T12:16:05Z,5532595,15
53410090,1788437768,2026-09-03T12:16:08Z,5269605,26
53410120,1788437771,2026-09-03T12:16:11Z,2124583,6
53410150,1788437774,2026-09-03T12:16:14Z,3715920,11
53410180,1788437777,2026-09-03T12:16:17Z,5560987,17
53410210,1788437780,2026-09-03T12:16:20Z,3847461,10
53410240,1788437783,2026-09-03T12:16:23Z,2958439,15
53410270,1788437787,2026-09-03T12:16:27Z,1666441,8
53410300,1788437790,2026-09-03T12:16:30Z,2180776,17
53410330,1788437793,2026-09-03T12:16:33Z,2873779,11
53410360,1788437796,2026-09-03T12:16:36Z,3593939,15
53410390,1788437799,2026-09-03T12:16:39Z,10235368,12
53410420,1788437802,2026-09-03T12:16:42Z,866289,7
53410450,1788437805,2026-09-03T12:16:45Z,2533887,12
53410480,1788437809,2026-09-03T12:16:49Z,3297064,8
53410510,1788437812,2026-09-03T12:16:52Z,764941,7
53410540,1788437815,2026-09-03T12:16:55Z,7213472,14
53410570,1788437818,2026-09-03T12:16:58Z,5650506,25
53410600,1788437821,2026-09-03T12:17:01Z,3355743,15
53410630,1788437825,2026-09-03T12:17:05Z,5079252,25
53410660,1788437828,2026-09-03T12:17:08Z,3593646,16
53410690,1788437831,2026-09-03T12:17:11Z,5352257,13
53410720,1788437834,2026-09-03T12:17:14Z,4729842,20
53410750,1788437839,2026-09-03T12:17:19Z,1838024,11
53410780,1788437842,2026-09-03T12:17:22Z,2047701,13
53410810,1788437846,2026-09-03T12:17:26Z,2634007,10
53410840,1788437849,2026-09-03T12:17:29Z,3402005,14
53410870,1788437852,2026-09-03T12:17:32Z,6420614,13
53410900,1788437855,2026-09-03T12:17:35Z,4765500,26
53410930,1788437858,2026-09-03T12:17:38Z,5881764,31
53410960,1788437861,2026-09-03T12:17:41Z,4760998,19
53410990,1788437864,2026-09-03T12:17:44Z,3508873,17
53411020,1788437868,2026-09-03T12:17:48Z,3186371,11
53411050,1788437871,2026-09-03T12:17:51Z,6911373,17
53411080,1788437874,2026-09-03T12:17:54Z,2613214,16
53411110,1788437877,2026-09-03T12:17:57Z,2560469,10
53411140,1788437880,2026-09-03T12:18:00Z,6014511,17
53411170,1788437884,2026-09-03T12:18:04Z,4126784,17
53411200,1788437887,2026-09-03T12:18:07Z,1929499,15
53411230,1788437890,2026-09-03T12:18:10Z,3156161,15
53411260,1788437893,2026-09-03T12:18:13Z,2414865,16
53411290,1788437896,2026-09-03T12:18:16Z,2198572,9
53411320,1788437899,2026-09-03T12:18:19Z,10087632,27
53411350,1788437902,2026-09-03T12:18:22Z,1757866,10
53411380,1788437906,2026-09-03T12:18:26Z,3104574,12
53411410,1788437909,2026-09-03T12:18:29Z,4284832,11
53411440,1788437912,2026-09-03T12:18:32Z,6984826,37
53411470,1788437915,2026-09-03T12:18:35Z,9360737,12
53411500,1788437918,2026-09-03T12:18:38Z,1345108,8
53411530,1788437921,2026-09-03T12:18:41Z,1911559,13
53411560,1788437924,2026-09-03T12:18:44Z,3660082,14
53411590,1788437927,2026-09-03T12:18:47Z,5115298,14
53411620,1788437930,2026-09-03T12:18:50Z,3669234,8
53411650,1788437933,2026-09-03T12:18:53Z,3091735,10
53411680,1788437937,2026-09-03T12:18:57Z,1478168,11
53411710,1788437940,2026-09-03T12:19:00Z,2103090,7
53411740,1788437943,2026-09-03T12:19:03Z,2774994,8
53411770,1788437946,2026-09-03T12:19:06Z,5424939,20
53411800,1788437949,2026-09-03T12:19:09Z,3237411,11
53411830,1788437952,2026-09-03T12:19:12Z,3914429,14
53411860,1788437955,2026-09-03T12:19:15Z,6320096,24
53411890,1788437958,2026-09-03T12:19:18Z,1517975,8
53411920,1788437961,2026-09-03T12:19:21Z,2379358,14
53411950,1788437964,2026-09-03T12:19:24Z,3459800,18
53411980,1788437968,2026-09-03T12:19:28Z,6171124,14
53412010,1788437971,2026-09-03T12:19:31Z,2255668,16
53412040,1788437974,2026-09-03T12:19:34Z,2237643,9
53412070,1788437977,2026-09-03T12:19:37Z,2017408,12
53412100,1788437980,2026-09-03T12:19:40Z,5101805,24
53412130,1788437983,2026-09-03T12:19:43Z,5968603,18
53412160,1788437986,2026-09-03T12:19:46Z,2006945,13
53412190,1788437989,2026-09-03T12:19:49Z,1822605,9
53412220,1788437992,2026-09-03T12:19:52Z,2890262,14
53412250,1788437995,2026-09-03T12:19:55Z,591787,7
53412280,1788437998,2026-09-03T12:19:58Z,3480931,11
53412310,1788437999,2026-09-03T12:19:59Z,0,2
53412340,1788438002,2026-09-03T12:20:02Z,2179543,13
53412370,1788438005,2026-09-03T12:20:05Z,4749792,19
53412400,1788438008,2026-09-03T12:20:08Z,3465461,13
53412430,1788438011,2026-09-03T12:20:11Z,1023861,7
53412460,1788438014,2026-09-03T12:20:14Z,6199649,26
53412490,1788438017,2026-09-03T12:20:17Z,3539447,13
53412520,1788438021,2026-09-03T12:20:21Z,4413922,13
53412550,1788438024,2026-09-03T12:20:24Z,2446798,10
53412580,1788438027,2026-09-03T12:20:27Z,7201129,19
53412610,1788438030,2026-09-03T12:20:30Z,1827813,5
53412640,1788438033,2026-09-03T12:20:33Z,3490051,10
53412670,1788438037,2026-09-03T12:20:37Z,4645310,15
53412700,1788438040,2026-09-03T12:20:40Z,15063704,72
53412730,1788438043,2026-09-03T12:20:43Z,5964944,25
53412760,1788438046,2026-09-03T12:20:46Z,1233250,15
53412790,1788438049,2026-09-03T12:20:49Z,2856145,11
53412820,1788438052,2026-09-03T12:20:52Z,5740902,15
53412850,1788438055,2026-09-03T12:20:55Z,8007090,25
53412880,1788438059,2026-09-03T12:20:59Z,6432619,21
53412910,1788438062,2026-09-03T12:21:02Z,3582411,14
53412940,1788438065,2026-09-03T12:21:05Z,3493299,15
53412970,1788438068,2026-09-03T12:21:08Z,5928267,17
53413000,1788438071,2026-09-03T12:21:11Z,4334581,22
53413030,1788438074,2026-09-03T12:21:14Z,4605470,19
53413060,1788438077,2026-09-03T12:21:17Z,2832786,10
53413090,1788438080,2026-09-03T12:21:20Z,2020250,8
53413120,1788438083,2026-09-03T12:21:23Z,1573319,8
53413150,1788438086,2026-09-03T12:21:26Z,7078086,15
53413180,1788438090,2026-09-03T12:21:30Z,4244652,25
53413210,1788438093,2026-09-03T12:21:33Z,2410107,10
53413240,1788438096,2026-09-03T12:21:36Z,7365812,21
53413270,1788438099,2026-09-03T12:21:39Z,2156173,9
53413300,1788438102,2026-09-03T12:21:42Z,2302883,9
53413330,1788438105,2026-09-03T12:21:45Z,2817626,17
53413360,1788438108,2026-09-03T12:21:48Z,3865887,12
53413390,1788438111,2026-09-03T12:21:51Z,3129372,9
53413420,1788438115,2026-09-03T12:21:55Z,4034042,12
53413450,1788438118,2026-09-03T12:21:58Z,2850140,15
53413480,1788438121,2026-09-03T12:22:01Z,4158451,21
53413510,1788438124,2026-09-03T12:22:04Z,3863941,11
53413540,1788438127,2026-09-03T12:22:07Z,5660593,23
53413570,1788438130,2026-09-03T12:22:10Z,3337340,14
53413600,1788438133,2026-09-03T12:22:13Z,2006477,13
53413630,1788438136,2026-09-03T12:22:16Z,2911968,9
53413660,1788438140,2026-09-03T12:22:20Z,3801730,20
53413690,1788438143,2026-09-03T12:22:23Z,1112142,7
53413720,1788438146,2026-09-03T12:22:26Z,6317405,13
53413750,1788438149,2026-09-03T12:22:29Z,1811106,9
53413780,1788438152,2026-09-03T12:22:32Z,1504349,8
53413810,1788438155,2026-09-03T12:22:35Z,4947592,11
53413840,1788438158,2026-09-03T12:22:38Z,6313735,13
53413870,1788438161,2026-09-03T12:22:41Z,3653724,12
53413900,1788438164,2026-09-03T12:22:44Z,542095,3
53413930,1788438167,2026-09-03T12:22:47Z,9367862,21
53413960,1788438170,2026-09-03T12:22:50Z,5717981,10
53413990,1788438173,2026-09-03T12:22:53Z,6177048,11
53414020,1788438177,2026-09-03T12:22:57Z,98896,4
53414050,1788438180,2026-09-03T12:23:00Z,6334579,11
53414080,1788438183,2026-09-03T12:23:03Z,2521145,4
53414110,1788438186,2026-09-03T12:23:06Z,2670273,11
53414140,1788438189,2026-09-03T12:23:09Z,4323698,14
53414170,1788438192,2026-09-03T12:23:12Z,1279465,10
53414200,1788438195,2026-09-03T12:23:15Z,1763101,8
53414230,1788438198,2026-09-03T12:23:18Z,2789494,13
53414260,1788438201,2026-09-03T12:23:21Z,1508673,6
53414290,1788438204,2026-09-03T12:23:24Z,6822025,14
53414320,1788438208,2026-09-03T12:23:28Z,2589217,12
53414350,1788438211,2026-09-03T12:23:31Z,5670283,10
53414380,1788438214,2026-09-03T12:23:34Z,1441694,10
53414410,1788438217,2026-09-03T12:23:37Z,4090289,18
53414440,1788438220,2026-09-03T12:23:40Z,2638384,10
53414470,1788438223,2026-09-03T12:23:43Z,2839097,14
53414500,1788438226,2026-09-03T12:23:46Z,5621086,13
53414530,1788438229,2026-09-03T12:23:49Z,3204086,10
53414560,1788438232,2026-09-03T12:23:52Z,5296611,8
53414590,1788438235,2026-09-03T12:23:55Z,2695359,13
53414620,1788438238,2026-09-03T12:23:58Z,5110433,16
53414650,1788438241,2026-09-03T12:24:01Z,3009122,17
53414680,1788438244,2026-09-03T12:24:04Z,1756920,7
53414710,1788438248,2026-09-03T12:24:08Z,6027324,34
53414740,1788438251,2026-09-03T12:24:11Z,4520921,16
53414770,1788438254,2026-09-03T12:24:14Z,3556714,14
53414800,1788438257,2026-09-03T12:24:17Z,5268898,17
53414830,1788438260,2026-09-03T12:24:20Z,4402747,13
53414860,1788438263,2026-09-03T12:24:23Z,4139418,22
53414890,1788438266,2026-09-03T12:24:26Z,857289,7
53414920,1788438269,2026-09-03T12:24:29Z,6406795,28
53414950,1788438272,2026-09-03T12:24:32Z,8062426,28
53414980,1788438275,2026-09-03T12:24:35Z,1655766,9
53415010,1788438278,2026-09-03T12:24:38Z,2796755,11
53415040,1788438281,2026-09-03T12:24:41Z,3484141,12
53415070,1788438284,2026-09-03T12:24:44Z,4954455,20
53415100,1788438287,2026-09-03T12:24:47Z,2226032,13
53415130,1788438291,2026-09-03T12:24:51Z,2725721,11
53415160,1788438294,2026-09-03T12:24:54Z,1986311,9
53415190,1788438297,2026-09-03T12:24:57Z,4450551,19
53415220,1788438300,2026-09-03T12:25:00Z,3445629,14
53415250,1788438303,2026-09-03T12:25:03Z,2307824,13
53415280,1788438306,2026-09-03T12:25:06Z,5988084,21
53415310,1788438309,2026-09-03T12:25:09Z,4348738,18
53415340,1788438312,2026-09-03T12:25:12Z,7214602,20
53415370,1788438315,2026-09-03T12:25:15Z,6256768,25
53415400,1788438319,2026-09-03T12:25:19Z,2047074,13
53415430,1788438322,2026-09-03T12:25:22Z,1887660,9
53415460,1788438325,2026-09-03T12:25:25Z,4831815,22
53415490,1788438328,2026-09-03T12:25:28Z,5381621,21
53415520,1788438331,2026-09-03T12:25:31Z,754464,4
53415550,1788438334,2026-09-03T12:25:34Z,8325666,14
53415580,1788438337,2026-09-03T12:25:37Z,3075861,9
53415610,1788438340,2026-09-03T12:25:40Z,5209011,22
53415640,1788438343,2026-09-03T12:25:43Z,4192080,12
53415670,1788438346,2026-09-03T12:25:46Z,7857664,20
53415700,1788438349,2026-09-03T12:25:49Z,2960590,12
53415730,1788438352,2026-09-03T12:25:52Z,7802091,16
53415760,1788438355,2026-09-03T12:25:55Z,4231393,15
53415790,1788438359,2026-09-03T12:25:59Z,2137438,9
53415820,1788438362,2026-09-03T12:26:02Z,5736654,29
53415850,1788438365,2026-09-03T12:26:05Z,3702290,17
53415880,1788438368,2026-09-03T12:26:08Z,6248266,14
53415910,1788438371,2026-09-03T12:26:11Z,4077366,17
53415940,1788438374,2026-09-03T12:26:14Z,6002312,23
53415970,1788438375,2026-09-03T12:26:15Z,0,2
53416000,1788438377,2026-09-03T12:26:17Z,3638824,19
53416030,1788438380,2026-09-03T12:26:20Z,6614948,18
53416060,1788438383,2026-09-03T12:26:23Z,4894773,33
53416090,1788438386,2026-09-03T12:26:26Z,5641068,15
53416120,1788438390,2026-09-03T12:26:30Z,13453813,33
53416150,1788438393,2026-09-03T12:26:33Z,4122604,15
53416180,1788438396,2026-09-03T12:26:36Z,3513755,17
53416210,1788438400,2026-09-03T12:26:40Z,2867100,16
53416240,1788438403,2026-09-03T12:26:43Z,7115112,20
53416270,1788438406,2026-09-03T12:26:46Z,2750230,19
53416300,1788438409,2026-09-03T12:26:49Z,8231897,16
53416330,1788438412,2026-09-03T12:26:52Z,5250127,20
53416360,1788438415,2026-09-03T12:26:55Z,3803732,15
53416390,1788438418,2026-09-03T12:26:58Z,1525238,11
53416420,1788438421,2026-09-03T12:27:01Z,9127727,28
53416450,1788438424,2026-09-03T12:27:04Z,2351747,16
53416480,1788438428,2026-09-03T12:27:08Z,2816276,17
53416510,1788438431,2026-09-03T12:27:11Z,3613123,20
53416540,1788438434,2026-09-03T12:27:14Z,2514038,15
53416570,1788438437,2026-09-03T12:27:17Z,6943707,17
53416600,1788438440,2026-09-03T12:27:20Z,3045961,8
53416630,1788438443,2026-09-03T12:27:23Z,5918863,24
53416660,1788438446,2026-09-03T12:27:26Z,5938068,20
53416690,1788438449,2026-09-03T12:27:29Z,4992007,14
53416720,1788438452,2026-09-03T12:27:32Z,1884097,9
53416750,1788438455,2026-09-03T12:27:35Z,10525559,21
53416780,1788438459,2026-09-03T12:27:39Z,4648525,13
53416810,1788438462,2026-09-03T12:27:42Z,2281248,8
53416840,1788438465,2026-09-03T12:27:45Z,2738946,8
53416870,1788438469,2026-09-03T12:27:49Z,2031666,10
53416900,1788438472,2026-09-03T12:27:52Z,971570,8
53416930,1788438476,2026-09-03T12:27:56Z,3783531,13
53416960,1788438479,2026-09-03T12:27:59Z,8948179,15
53416990,1788438482,2026-09-03T12:28:02Z,3299742,20
53417020,1788438485,2026-09-03T12:28:05Z,4931198,14
53417050,1788438488,2026-09-03T12:28:08Z,2862985,13
53417080,1788438491,2026-09-03T12:28:11Z,3093887,10
53417110,1788438494,2026-09-03T12:28:14Z,1549469,9
53417140,1788438497,2026-09-03T12:28:17Z,1845075,10
53417170,1788438500,2026-09-03T12:28:20Z,2709025,14
53417200,1788438504,2026-09-03T12:28:24Z,18190167,41
53417230,1788438507,2026-09-03T12:28:27Z,3283184,14
53417260,1788438510,2026-09-03T12:28:30Z,4332868,17
53417290,1788438513,2026-09-03T12:28:33Z,3275901,11
53417320,1788438516,2026-09-03T12:28:36Z,3059830,15
53417350,1788438519,2026-09-03T12:28:39Z,2451437,10
53417380,1788438522,2026-09-03T12:28:42Z,4367415,19
53417410,1788438525,2026-09-03T12:28:45Z,8712546,13
53417440,1788438528,2026-09-03T12:28:48Z,2397590,7
53417470,1788438531,2026-09-03T12:28:51Z,2814390,11
53417500,1788438534,2026-09-03T12:28:54Z,694503,7
53417530,1788438538,2026-09-03T12:28:58Z,2317156,8
53417560,1788438541,2026-09-03T12:29:01Z,7842646,15
53417590,1788438544,2026-09-03T12:29:04Z,2947762,15
53417620,1788438547,2026-09-03T12:29:07Z,3270433,9
53417650,1788438550,2026-09-03T12:29:10Z,2893559,9
53417680,1788438553,2026-09-03T12:29:13Z,540614,4
53417710,1788438556,2026-09-03T12:29:16Z,718824,6
53417740,1788438559,2026-09-03T12:29:19Z,3730342,18
53417770,1788438562,2026-09-03T12:29:22Z,2599585,13
53417800,1788438565,2026-09-03T12:29:25Z,1117072,9
53417830,1788438568,2026-09-03T12:29:28Z,3099158,14
53417860,1788438572,2026-09-03T12:29:32Z,1723926,17
53417890,1788438575,2026-09-03T12:29:35Z,2738665,17
53417920,1788438578,2026-09-03T12:29:38Z,5828321,15
53417950,1788438581,2026-09-03T12:29:41Z,1477466,9
53417980,1788438584,2026-09-03T12:29:44Z,5234597,11
53418010,1788438587,2026-09-03T12:29:47Z,3748752,12
53418040,1788438590,2026-09-03T12:29:50Z,789818,7
53418070,1788438593,2026-09-03T12:29:53Z,2816315,12
53418100,1788438596,2026-09-03T12:29:56Z,1529102,7
53418130,1788438599,2026-09-03T12:29:59Z,720200,4
53418160,1788438602,2026-09-03T12:30:02Z,3545704,19
53418190,1788438605,2026-09-03T12:30:05Z,926175,9
53418220,1788438608,2026-09-03T12:30:08Z,1616650,7
53418250,1788438611,2026-09-03T12:30:11Z,3857929,11
53418280,1788438615,2026-09-03T12:30:15Z,5155574,13
53418310,1788438618,2026-09-03T12:30:18Z,5448464,12
53418340,1788438621,2026-09-03T12:30:21Z,1561468,8
53418370,1788438624,2026-09-03T12:30:24Z,2084195,11
53418400,1788438627,2026-09-03T12:30:27Z,3780143,13
53418430,1788438630,2026-09-03T12:30:30Z,1879462,10
53418460,1788438633,2026-09-03T12:30:33Z,1312885,9
53418490,1788438636,2026-09-03T12:30:36Z,2498398,12
53418520,1788438639,2026-09-03T12:30:39Z,6791271,15
53418550,1788438642,2026-09-03T12:30:42Z,2717385,8
53418580,1788438645,2026-09-03T12:30:45Z,2468095,8
53418610,1788438648,2026-09-03T12:30:48Z,3874312,22
53418640,1788438652,2026-09-03T12:30:52Z,8709953,28
53418670,1788438655,2026-09-03T12:30:55Z,4046773,25
53418700,1788438658,2026-09-03T12:30:58Z,3778252,16
53418730,1788438661,2026-09-03T12:31:01Z,3018269,12
53418760,1788438664,2026-09-03T12:31:04Z,4321585,15
53418790,1788438667,2026-09-03T12:31:07Z,4223372,13
53418820,1788438670,2026-09-03T12:31:10Z,2097644,5
53418850,1788438673,2026-09-03T12:31:13Z,4479485,18
53418880,1788438676,2026-09-03T12:31:16Z,800954,5
53418910,1788438679,2026-09-03T12:31:19Z,4459272,20
53418940,1788438682,2026-09-03T12:31:22Z,1676438,7
53418970,1788438685,2026-09-03T12:31:25Z,5519248,13
53419000,1788438688,2026-09-03T12:31:28Z,3604106,15
53419030,1788438691,2026-09-03T12:31:31Z,1487279,9
53419060,1788438695,2026-09-03T12:31:35Z,5345096,18
53419090,1788438698,2026-09-03T12:31:38Z,3332035,9
53419120,1788438701,2026-09-03T12:31:41Z,2238157,14
53419150,1788438704,2026-09-03T12:31:44Z,4492596,14
53419180,1788438707,2026-09-03T12:31:47Z,5248792,21
53419210,1788438710,2026-09-03T12:31:50Z,5145864,14
53419240,1788438713,2026-09-03T12:31:53Z,1551892,7
53419270,1788438716,2026-09-03T12:31:56Z,3890640,13
53419300,1788438719,2026-09-03T12:31:59Z,649522,6
53419330,1788438723,2026-09-03T12:32:03Z,3649208,11
53419360,1788438726,2026-09-03T12:32:06Z,2906421,9
53419390,1788438729,2026-09-03T12:32:09Z,1755889,9
53419420,1788438732,2026-09-03T12:32:12Z,4007700,14
53419450,1788438735,2026-09-03T12:32:15Z,4400920,19
53419480,1788438738,2026-09-03T12:32:18Z,2710718,15
53419510,1788438741,2026-09-03T12:32:21Z,3163451,17
53419540,1788438744,2026-09-03T12:32:24Z,4558448,14
53419570,1788438748,2026-09-03T12:32:28Z,3964745,9
53419600,1788438751,2026-09-03T12:32:31Z,2842771,12
53419630,1788438754,2026-09-03T12:32:34Z,8685768,38
53419660,1788438757,2026-09-03T12:32:37Z,7142953,18
53419690,1788438760,2026-09-03T12:32:40Z,3144161,13
53419720,1788438763,2026-09-03T12:32:43Z,4655256,13
53419750,1788438765,2026-09-03T12:32:45Z,0,2
53419780,1788438766,2026-09-03T12:32:46Z,3544631,12
53419810,1788438769,2026-09-03T12:32:49Z,17053705,63
53419840,1788438772,2026-09-03T12:32:52Z,4264746,19
53419870,1788438775,2026-09-03T12:32:55Z,3984945,16
53419900,1788438778,2026-09-03T12:32:58Z,5168176,13
53419930,1788438781,2026-09-03T12:33:01Z,4652973,13
53419960,1788438784,2026-09-03T12:33:04Z,4028979,18
53419990,1788438788,2026-09-03T12:33:08Z,2128782,13
53420020,1788438791,2026-09-03T12:33:11Z,5315574,15
53420050,1788438794,2026-09-03T12:33:14Z,3746786,12
53420080,1788438797,2026-09-03T12:33:17Z,1816008,9
53420110,1788438800,2026-09-03T12:33:20Z,1588649,11
53420140,1788438803,2026-09-03T12:33:23Z,4160176,10
53420170,1788438806,2026-09-03T12:33:26Z,4211692,8
53420200,1788438809,2026-09-03T12:33:29Z,2380467,6
53420230,1788438812,2026-09-03T12:33:32Z,1591104,7
53420260,1788438816,2026-09-03T12:33:36Z,11517643,21
53420290,1788438819,2026-09-03T12:33:39Z,1774047,5
53420320,1788438822,2026-09-03T12:33:42Z,2260390,11
53420350,1788438825,2026-09-03T12:33:45Z,1162382,6
53420380,1788438828,2026-09-03T12:33:48Z,1938957,9
53420410,1788438831,2026-09-03T12:33:51Z,2474113,10
53420440,1788438834,2026-09-03T12:33:54Z,1417846,4
53420470,1788438837,2026-09-03T12:33:57Z,4405019,13
53420500,1788438840,2026-09-03T12:34:00Z,7718510,16
53420530,1788438843,2026-09-03T12:34:03Z,5380664,9
53420560,1788438846,2026-09-03T12:34:06Z,1431178,5
53420590,1788438849,2026-09-03T12:34:09Z,2868696,17
53420620,1788438853,2026-09-03T12:34:13Z,4025631,14
53420650,1788438856,2026-09-03T12:34:16Z,4849504,13
53420680,1788438859,2026-09-03T12:34:19Z,2815524,9
53420710,1788438862,2026-09-03T12:34:22Z,1349737,7
53420740,1788438865,2026-09-03T12:34:25Z,3769676,18
53420770,1788438868,2026-09-03T12:34:28Z,4310927,14
53420800,1788438871,2026-09-03T12:34:31Z,3169829,15
53420830,1788438874,2026-09-03T12:34:34Z,3587888,12
53420860,1788438877,2026-09-03T12:34:37Z,1994019,10
53420890,1788438880,2026-09-03T12:34:40Z,2151636,7
53420920,1788438884,2026-09-03T12:34:44Z,3882676,13
53420950,1788438887,2026-09-03T12:34:47Z,2777789,18
53420980,1788438890,2026-09-03T12:34:50Z,1790793,11
53421010,1788438893,2026-09-03T12:34:53Z,3206177,17
53421040,1788438896,2026-09-03T12:34:56Z,6476300,17
53421070,1788438899,2026-09-03T12:34:59Z,9352251,18
53421100,1788438902,2026-09-03T12:35:02Z,3239344,20
53421130,1788438905,2026-09-03T12:35:05Z,1610506,10
53421160,1788438908,2026-09-03T12:35:08Z,4764765,20
53421190,1788438912,2026-09-03T12:35:12Z,1146130,13
53421220,1788438915,2026-09-03T12:35:15Z,6231198,20
53421250,1788438918,2026-09-03T12:35:18Z,2848492,19
53421280,1788438921,2026-09-03T12:35:21Z,2492067,20
53421310,1788438924,2026-09-03T12:35:24Z,3059040,19
53421340,1788438927,2026-09-03T12:35:27Z,4653827,11
53421370,1788438930,2026-09-03T12:35:30Z,4005408,18
53421400,1788438933,2026-09-03T12:35:33Z,1289514,14
53421430,1788438936,2026-09-03T12:35:36Z,2450371,22
53421460,1788438939,2026-09-03T12:35:39Z,3273389,12
53421490,1788438942,2026-09-03T12:35:42Z,3679415,17
53421520,1788438945,2026-09-03T12:35:45Z,3480764,12
53421550,1788438949,2026-09-03T12:35:49Z,1852547,10
53421580,1788438952,2026-09-03T12:35:52Z,3352126,10
53421610,1788438955,2026-09-03T12:35:55Z,1270725,6
53421640,1788438958,2026-09-03T12:35:58Z,5151420,24
53421670,1788438961,2026-09-03T12:36:01Z,6600790,21
53421700,1788438964,2026-09-03T12:36:04Z,3992995,16
53421730,1788438967,2026-09-03T12:36:07Z,1969788,8
53421760,1788438970,2026-09-03T12:36:10Z,5162594,11
53421790,1788438973,2026-09-03T12:36:13Z,5009968,20
53421820,1788438976,2026-09-03T12:36:16Z,14511143,45
53421850,1788438979,2026-09-03T12:36:19Z,11748689,39
53421880,1788438983,2026-09-03T12:36:23Z,5286865,15
53421910,1788438986,2026-09-03T12:36:26Z,7832502,33
53421940,1788438989,2026-09-03T12:36:29Z,11843098,42
53421970,1788438992,2026-09-03T12:36:32Z,12160137,40
53422000,1788438995,2026-09-03T12:36:35Z,10721804,39
53422030,1788438998,2026-09-03T12:36:38Z,3471932,12
53422060,1788439001,2026-09-03T12:36:41Z,3489770,19
53422090,1788439004,2026-09-03T12:36:44Z,4364998,21
53422120,1788439007,2026-09-03T12:36:47Z,5779825,19
53422150,1788439011,2026-09-03T12:36:51Z,3299637,9
53422180,1788439014,2026-09-03T12:36:54Z,5441129,13
53422210,1788439017,2026-09-03T12:36:57Z,9174524,17
53422240,1788439020,2026-09-03T12:37:00Z,3563912,10
53422270,1788439023,2026-09-03T12:37:03Z,9704770,19
53422300,1788439026,2026-09-03T12:37:06Z,2218280,9
53422330,1788439029,2026-09-03T12:37:09Z,5893357,18
53422360,1788439033,2026-09-03T12:37:13Z,3331704,11
53422390,1788439036,2026-09-03T12:37:16Z,9983163,31
53422420,1788439039,2026-09-03T12:37:19Z,3087562,9
53422450,1788439042,2026-09-03T12:37:22Z,4438746,12
53422480,1788439045,2026-09-03T12:37:25Z,7162268,16
53422510,1788439048,2026-09-03T12:37:28Z,1294207,8
53422540,1788439052,2026-09-03T12:37:32Z,3132774,10
53422570,1788439055,2026-09-03T12:37:35Z,5333365,13
53422600,1788439058,2026-09-03T12:37:38Z,10225286,34
53422630,1788439061,2026-09-03T12:37:41Z,4749045,20
53422660,1788439064,2026-09-03T12:37:44Z,7027405,23
53422690,1788439067,2026-09-03T12:37:47Z,8929477,29
53422720,1788439070,2026-09-03T12:37:50Z,4250042,9
53422750,1788439073,2026-09-03T12:37:53Z,7553296,26
53422780,1788439076,2026-09-03T12:37:56Z,5196638,9
53422810,1788439080,2026-09-03T12:38:00Z,8299108,38
53422840,1788439083,2026-09-03T12:38:03Z,6166033,20
53422870,1788439086,2026-09-03T12:38:06Z,4668760,24
53422900,1788439089,2026-09-03T12:38:09Z,2219747,15
53422930,1788439092,2026-09-03T12:38:12Z,11232323,25
53422960,1788439095,2026-09-03T12:38:15Z,3962531,10
53422990,1788439100,2026-09-03T12:38:20Z,10902954,34
53423020,1788439103,2026-09-03T12:38:23Z,3157480,13
53423050,1788439106,2026-09-03T12:38:26Z,3891048,15
53423080,1788439110,2026-09-03T12:38:30Z,1883331,12
53423110,1788439113,2026-09-03T12:38:33Z,7907524,25
53423140,1788439116,2026-09-03T12:38:36Z,3206965,13
53423170,1788439119,2026-09-03T12:38:39Z,6146924,13
53423200,1788439122,2026-09-03T12:38:42Z,5881311,11
53423230,1788439125,2026-09-03T12:38:45Z,3592391,14
53423260,1788439128,2026-09-03T12:38:48Z,2698316,12
53423290,1788439131,2026-09-03T12:38:51Z,1688070,8
53423320,1788439135,2026-09-03T12:38:55Z,1009677,15
53423350,1788439138,2026-09-03T12:38:58Z,9713960,23
53423380,1788439141,2026-09-03T12:39:01Z,5887693,18
53423410,1788439144,2026-09-03T12:39:04Z,3580418,16
53423440,1788439147,2026-09-03T12:39:07Z,4141713,12
53423470,1788439150,2026-09-03T12:39:10Z,2836866,14
53423500,1788439153,2026-09-03T12:39:13Z,3533301,16
53423530,1788439155,2026-09-03T12:39:15Z,0,2
53423560,1788439157,2026-09-03T12:39:17Z,3049928,10
53423590,1788439160,2026-09-03T12:39:20Z,974307,6
53423620,1788439163,2026-09-03T12:39:23Z,1937000,13
53423650,1788439166,2026-09-03T12:39:26Z,2249099,14
53423680,1788439169,2026-09-03T12:39:29Z,5419393,22
53423710,1788439172,2026-09-03T12:39:32Z,4577877,15
53423740,1788439176,2026-09-03T12:39:36Z,6240249,26
53423770,1788439179,2026-09-03T12:39:39Z,3741656,14
53423800,1788439182,2026-09-03T12:39:42Z,1803307,5
53423830,1788439185,2026-09-03T12:39:45Z,3300722,9
53423860,1788439188,2026-09-03T12:39:48Z,4240624,12
53423890,1788439191,2026-09-03T12:39:51Z,3868395,16
53423920,1788439194,2026-09-03T12:39:54Z,4781654,14
53423950,1788439197,2026-09-03T12:39:57Z,3407492,18
53423980,1788439200,2026-09-03T12:40:00Z,3364818,15
53424010,1788439204,2026-09-03T12:40:04Z,12153435,33
53424040,1788439207,2026-09-03T12:40:07Z,2843451,10
53424070,1788439210,2026-09-03T12:40:10Z,3737455,17
53424100,1788439213,2026-09-03T12:40:13Z,2453033,10
53424130,1788439216,2026-09-03T12:40:16Z,7696210,18
53424160,1788439219,2026-09-03T12:40:19Z,7423332,22
53424190,1788439222,2026-09-03T12:40:22Z,2653602,18
53424220,1788439225,2026-09-03T12:40:25Z,7832616,34
53424250,1788439228,2026-09-03T12:40:28Z,2217636,16
53424280,1788439231,2026-09-03T12:40:31Z,8586417,37
53424310,1788439234,2026-09-03T12:40:34Z,2442736,11
53424340,1788439238,2026-09-03T12:40:38Z,5971933,28
53424370,1788439241,2026-09-03T12:40:41Z,3348850,13
53424400,1788439244,2026-09-03T12:40:44Z,2046858,16
53424430,1788439247,2026-09-03T12:40:47Z,4537206,18
53424460,1788439250,2026-09-03T12:40:50Z,1894693,5
53424490,1788439253,2026-09-03T12:40:53Z,4295265,15
53424520,1788439256,2026-09-03T12:40:56Z,7452775,18
53424550,1788439259,2026-09-03T12:40:59Z,7127506,20
53424580,1788439263,2026-09-03T12:41:03Z,5185787,26
53424610,1788439266,2026-09-03T12:41:06Z,2370259,20
53424640,1788439269,2026-09-03T12:41:09Z,7066282,23
53424670,1788439272,2026-09-03T12:41:12Z,3146845,12
53424700,1788439275,2026-09-03T12:41:15Z,4271412,16
53424730,1788439278,2026-09-03T12:41:18Z,3354904,15
53424760,1788439281,2026-09-03T12:41:21Z,2279214,8
53424790,1788439284,2026-09-03T12:41:24Z,2793406,12
53424820,1788439287,2026-09-03T12:41:27Z,3944332,10
53424850,1788439290,2026-09-03T12:41:30Z,2372669,10
53424880,1788439293,2026-09-03T12:41:33Z,4889870,12
53424910,1788439296,2026-09-03T12:41:36Z,6378781,13
53424940,1788439299,2026-09-03T12:41:39Z,2999789,11
53424970,1788439302,2026-09-03T12:41:42Z,2312687,8
53425000,1788439306,2026-09-03T12:41:46Z,3656351,13
53425030,1788439309,2026-09-03T12:41:49Z,4458062,16
53425060,1788439312,2026-09-03T12:41:52Z,6569216,14
53425090,1788439315,2026-09-03T12:41:55Z,3011003,12
53425120,1788439318,2026-09-03T12:41:58Z,8139111,34
53425150,1788439321,2026-09-03T12:42:01Z,1672846,11
53425180,1788439324,2026-09-03T12:42:04Z,2717122,10
53425210,1788439327,2026-09-03T12:42:07Z,2609399,14
53425240,1788439330,2026-09-03T12:42:10Z,3138256,9
53425270,1788439333,2026-09-03T12:42:13Z,8597361,14
53425300,1788439337,2026-09-03T12:42:17Z,2040639,11
53425330,1788439340,2026-09-03T12:42:20Z,3477653,15
53425360,1788439343,2026-09-03T12:42:23Z,2943270,9
53425390,1788439346,2026-09-03T12:42:26Z,2038702,12
53425420,1788439349,2026-09-03T12:42:29Z,4554918,18
53425450,1788439352,2026-09-03T12:42:32Z,2026019,7
53425480,1788439355,2026-09-03T12:42:35Z,2312484,10
53425510,1788439358,2026-09-03T12:42:38Z,3837921,14
53425540,1788439362,2026-09-03T12:42:42Z,939582,6
53425570,1788439365,2026-09-03T12:42:45Z,4170796,10
53425600,1788439368,2026-09-03T12:42:48Z,4697437,4
53425630,1788439371,2026-09-03T12:42:51Z,2463099,12
53425660,1788439374,2026-09-03T12:42:54Z,860096,7
53425690,1788439377,2026-09-03T12:42:57Z,2377546,9
53425720,1788439380,2026-09-03T12:43:00Z,4588832,22
53425750,1788439383,2026-09-03T12:43:03Z,4922537,17
53425780,1788439386,2026-09-03T12:43:06Z,4729769,19
53425810,1788439389,2026-09-03T12:43:09Z,2473032,7
53425840,1788439393,2026-09-03T12:43:13Z,4410330,18
53425870,1788439396,2026-09-03T12:43:16Z,1987365,17
53425900,1788439399,2026-09-03T12:43:19Z,3657700,14
53425930,1788439402,2026-09-03T12:43:22Z,7085351,14
53425960,1788439405,2026-09-03T12:43:25Z,655866,8
53425990,1788439408,2026-09-03T12:43:28Z,2060303,12
53426020,1788439411,2026-09-03T12:43:31Z,1663910,11
53426050,1788439414,2026-09-03T12:43:34Z,2916602,13
53426080,1788439418,2026-09-03T12:43:38Z,8841577,14
53426110,1788439421,2026-09-03T12:43:41Z,1165882,9
53426140,1788439424,2026-09-03T12:43:44Z,2202673,13
53426170,1788439427,2026-09-03T12:43:47Z,1840975,12
53426200,1788439430,2026-09-03T12:43:50Z,1512373,12
53426230,1788439433,2026-09-03T12:43:53Z,3033051,13
53426260,1788439436,2026-09-03T12:43:56Z,4456540,20
53426290,1788439439,2026-09-03T12:43:59Z,6308367,24
53426320,1788439442,2026-09-03T12:44:02Z,832905,11
53426350,1788439445,2026-09-03T12:44:05Z,4758915,19
53426380,1788439448,2026-09-03T12:44:08Z,1736017,11
53426410,1788439451,2026-09-03T12:44:11Z,7510367,12
53426440,1788439454,2026-09-03T12:44:14Z,6556439,28
53426470,1788439458,2026-09-03T12:44:18Z,1237855,7
53426500,1788439461,2026-09-03T12:44:21Z,4419700,17
53426530,1788439464,2026-09-03T12:44:24Z,1408752,6
53426560,1788439467,2026-09-03T12:44:27Z,2149450,30
53426590,1788439470,2026-09-03T12:44:30Z,3422626,13
53426620,1788439473,2026-09-03T12:44:33Z,1503461,6
53426650,1788439476,2026-09-03T12:44:36Z,3472882,7
53426680,1788439479,2026-09-03T12:44:39Z,2564802,9
53426710,1788439482,2026-09-03T12:44:42Z,840610,6
53426740,1788439485,2026-09-03T12:44:45Z,4541888,11
53426770,1788439488,2026-09-03T12:44:48Z,6881831,17
53426800,1788439491,2026-09-03T12:44:51Z,2884802,11
53426830,1788439494,2026-09-03T12:44:54Z,4166578,8
53426860,1788439498,2026-09-03T12:44:58Z,2333792,12
53426890,1788439501,2026-09-03T12:45:01Z,1011113,9
53426920,1788439504,2026-09-03T12:45:04Z,3822231,21
53426950,1788439507,2026-09-03T12:45:07Z,1791388,10
53426980,1788439510,2026-09-03T12:45:10Z,5661320,13
53427010,1788439513,2026-09-03T12:45:13Z,1070962,6
53427040,1788439516,2026-09-03T12:45:16Z,2248440,12
53427070,1788439519,2026-09-03T12:45:19Z,2108824,11
53427100,1788439522,2026-09-03T12:45:22Z,898537,9
53427130,1788439525,2026-09-03T12:45:25Z,5499327,9
53427160,1788439528,2026-09-03T12:45:28Z,1710230,10
53427190,1788439530,2026-09-03T12:45:30Z,0,2
53427220,1788439532,2026-09-03T12:45:32Z,2054331,17
53427250,1788439535,2026-09-03T12:45:35Z,4672020,17
53427280,1788439538,2026-09-03T12:45:38Z,2755436,10
53427310,1788439541,2026-09-03T12:45:41Z,2958626,17
53427340,1788439544,2026-09-03T12:45:44Z,1223842,9
53427370,1788439547,2026-09-03T12:45:47Z,3692121,14
53427400,1788439550,2026-09-03T12:45:50Z,7569126,14
53427430,1788439554,2026-09-03T12:45:54Z,3610498,13
53427460,1788439557,2026-09-03T12:45:57Z,5827757,16
53427490,1788439560,2026-09-03T12:46:00Z,2425804,13
53427520,1788439563,2026-09-03T12:46:03Z,4641661,19
53427550,1788439566,2026-09-03T12:46:06Z,6818748,11
53427580,1788439569,2026-09-03T12:46:09Z,2939537,14
53427610,1788439572,2026-09-03T12:46:12Z,2140680,16
53427640,1788439575,2026-09-03T12:46:15Z,2495220,21
53427670,1788439578,2026-09-03T12:46:18Z,916800,8
53427700,1788439581,2026-09-03T12:46:21Z,1250078,14
53427730,1788439584,2026-09-03T12:46:24Z,3926405,14
53427760,1788439587,2026-09-03T12:46:27Z,2793647,16
53427790,1788439591,2026-09-03T12:46:31Z,5205892,28
53427820,1788439594,2026-09-03T12:46:34Z,3553311,8
53427850,1788439597,2026-09-03T12:46:37Z,5918345,29
53427880,1788439600,2026-09-03T12:46:40Z,5275696,47
53427910,1788439603,2026-09-03T12:46:43Z,3766039,20
53427940,1788439606,2026-09-03T12:46:46Z,6297471,19
53427970,1788439609,2026-09-03T12:46:49Z,1162140,8
53428000,1788439612,2026-09-03T12:46:52Z,2641695,15
53428030,1788439615,2026-09-03T12:46:55Z,5776019,28
53428060,1788439618,2026-09-03T12:46:58Z,3397321,18
53428090,1788439622,2026-09-03T12:47:02Z,7013343,30
53428120,1788439625,2026-09-03T12:47:05Z,7033786,36
53428150,1788439628,2026-09-03T12:47:08Z,1737015,12
53428180,1788439631,2026-09-03T12:47:11Z,3484640,18
53428210,1788439634,2026-09-03T12:47:14Z,2375552,26
53428240,1788439637,2026-09-03T12:47:17Z,1752512,13
53428270,1788439640,2026-09-03T12:47:20Z,3652304,16
53428300,1788439644,2026-09-03T12:47:24Z,17417037,20
53428330,1788439647,2026-09-03T12:47:27Z,3475828,10
53428360,1788439650,2026-09-03T12:47:30Z,1764885,19
53428390,1788439653,2026-09-03T12:47:33Z,4741700,21
53428420,1788439656,2026-09-03T12:47:36Z,2377954,15
53428450,1788439659,2026-09-03T12:47:39Z,1714017,16
53428480,1788439662,2026-09-03T12:47:42Z,1865376,15
53428510,1788439666,2026-09-03T12:47:46Z,8090839,26
53428540,1788439669,2026-09-03T12:47:49Z,1141336,3
53428570,1788439672,2026-09-03T12:47:52Z,3649580,20
53428600,1788439675,2026-09-03T12:47:55Z,5463189,20
53428630,1788439678,2026-09-03T12:47:58Z,2985354,15
53428660,1788439681,2026-09-03T12:48:01Z,883788,11
53428690,1788439684,2026-09-03T12:48:04Z,3478380,18
53428720,1788439687,2026-09-03T12:48:07Z,1493947,16
53428750,1788439690,2026-09-03T12:48:10Z,3818355,23
53428780,1788439693,2026-09-03T12:48:13Z,3957387,19
53428810,1788439696,2026-09-03T12:48:16Z,6385490,21
53428840,1788439700,2026-09-03T12:48:20Z,2096263,15
53428870,1788439703,2026-09-03T12:48:23Z,1365346,15
53428900,1788439706,2026-09-03T12:48:26Z,2751272,13
53428930,1788439709,2026-09-03T12:48:29Z,843750,20
53428960,1788439712,2026-09-03T12:48:32Z,3016522,16
53428990,1788439715,2026-09-03T12:48:35Z,10746729,32
53429020,1788439718,2026-09-03T12:48:38Z,2421782,18
53429050,1788439721,2026-09-03T12:48:41Z,3042544,28
53429080,1788439726,2026-09-03T12:48:46Z,4041646,13
53429110,1788439729,2026-09-03T12:48:49Z,3723287,23
53429140,1788439732,2026-09-03T12:48:52Z,3148683,11
53429170,1788439735,2026-09-03T12:48:55Z,4966793,23
53429200,1788439738,2026-09-03T12:48:58Z,3120439,17
53429230,1788439741,2026-09-03T12:49:01Z,7257659,21
53429260,1788439744,2026-09-03T12:49:04Z,13405369,32
53429290,1788439747,2026-09-03T12:49:07Z,5194741,18
53429320,1788439751,2026-09-03T12:49:11Z,4075098,23
53429350,1788439754,2026-09-03T12:49:14Z,1400948,8
53429380,1788439757,2026-09-03T12:49:17Z,4908623,23
53429410,1788439760,2026-09-03T12:49:20Z,3250452,10
53429440,1788439763,2026-09-03T12:49:23Z,4183275,13
53429470,1788439766,2026-09-03T12:49:26Z,7444383,16
53429500,1788439769,2026-09-03T12:49:29Z,1585169,10
53429530,1788439772,2026-09-03T12:49:32Z,5827890,15
53429560,1788439775,2026-09-03T12:49:35Z,6153640,16
53429590,1788439778,2026-09-03T12:49:38Z,2244893,7
53429620,1788439781,2026-09-03T12:49:41Z,6299055,12
53429650,1788439784,2026-09-03T12:49:44Z,5748060,16
53429680,1788439788,2026-09-03T12:49:48Z,5205731,16
53429710,1788439791,2026-09-03T12:49:51Z,2240061,9
53429740,1788439794,2026-09-03T12:49:54Z,2246765,8
53429770,1788439797,2026-09-03T12:49:57Z,1598896,6
53429800,1788439800,2026-09-03T12:50:00Z,2593697,10
53429830,1788439803,2026-09-03T12:50:03Z,3037637,14
53429860,1788439806,2026-09-03T12:50:06Z,1270056,6
53429890,1788439809,2026-09-03T12:50:09Z,4471146,12
53429920,1788439812,2026-09-03T12:50:12Z,3860997,13
53429950,1788439815,2026-09-03T12:50:15Z,2656466,19
53429980,1788439818,2026-09-03T12:50:18Z,4613615,10
53430010,1788439821,2026-09-03T12:50:21Z,1873105,9
53430040,1788439824,2026-09-03T12:50:24Z,3336172,17
53430070,1788439828,2026-09-03T12:50:28Z,7094033,17
53430100,1788439831,2026-09-03T12:50:31Z,2495700,15
53430130,1788439834,2026-09-03T12:50:34Z,3747517,21
53430160,1788439837,2026-09-03T12:50:37Z,1677651,11
53430190,1788439840,2026-09-03T12:50:40Z,2632962,12
53430220,1788439843,2026-09-03T12:50:43Z,3930538,17
53430250,1788439846,2026-09-03T12:50:46Z,2387354,13
53430280,1788439849,2026-09-03T12:50:49Z,5409229,20
53430310,1788439852,2026-09-03T12:50:52Z,5667834,19
53430340,1788439855,2026-09-03T12:50:55Z,3602004,18
53430370,1788439858,2026-09-03T12:50:58Z,3144257,15
53430400,1788439862,2026-09-03T12:51:02Z,8546282,30
53430430,1788439865,2026-09-03T12:51:05Z,1513597,12
53430460,1788439868,2026-09-03T12:51:08Z,2756238,15
53430490,1788439871,2026-09-03T12:51:11Z,6325722,19
53430520,1788439874,2026-09-03T12:51:14Z,5493989,21
53430550,1788439877,2026-09-03T12:51:17Z,1638801,7
53430580,1788439880,2026-09-03T12:51:20Z,2264149,12
53430610,1788439883,2026-09-03T12:51:23Z,4355063,20
53430640,1788439886,2026-09-03T12:51:26Z,5614868,18
53430670,1788439889,2026-09-03T12:51:29Z,7697338,28
53430700,1788439892,2026-09-03T12:51:32Z,3553992,15
53430730,1788439895,2026-09-03T12:51:35Z,5088336,22
53430760,1788439898,2026-09-03T12:51:38Z,2241066,15
53430790,1788439901,2026-09-03T12:51:41Z,2145033,12
53430820,1788439905,2026-09-03T12:51:45Z,2336975,21
53430850,1788439905,2026-09-03T12:51:45Z,0,2
53430880,1788439908,2026-09-03T12:51:48Z,4819259,20
53430910,1788439911,2026-09-03T12:51:51Z,1891609,15
53430940,1788439914,2026-09-03T12:51:54Z,1501047,20
53430970,1788439918,2026-09-03T12:51:58Z,2883880,19
53431000,1788439921,2026-09-03T12:52:01Z,6777840,40
53431030,1788439924,2026-09-03T12:52:04Z,976356,6
53431060,1788439927,2026-09-03T12:52:07Z,5145577,22
53431090,1788439930,2026-09-03T12:52:10Z,3758518,15
53431120,1788439933,2026-09-03T12:52:13Z,1877414,13
53431150,1788439936,2026-09-03T12:52:16Z,3417135,14
53431180,1788439939,2026-09-03T12:52:19Z,4718160,20
53431210,1788439942,2026-09-03T12:52:22Z,1749604,10
53431240,1788439945,2026-09-03T12:52:25Z,1187382,13
53431270,1788439948,2026-09-03T12:52:28Z,4558492,19
53431300,1788439952,2026-09-03T12:52:32Z,6545144,23
53431330,1788439955,2026-09-03T12:52:35Z,5623853,17
53431360,1788439958,2026-09-03T12:52:38Z,3838983,22
53431390,1788439961,2026-09-03T12:52:41Z,7702158,29
53431420,1788439965,2026-09-03T12:52:45Z,6261744,14
53431450,1788439968,2026-09-03T12:52:48Z,1259424,16
53431480,1788439971,2026-09-03T12:52:51Z,3629358,18
53431510,1788439974,2026-09-03T12:52:54Z,5613928,28
53431540,1788439977,2026-09-03T12:52:57Z,7682822,31
53431570,1788439980,2026-09-03T12:53:00Z,8729093,39
53431600,1788439983,2026-09-03T12:53:03Z,2532406,16
53431630,1788439986,2026-09-03T12:53:06Z,1925569,16
53431660,1788439989,2026-09-03T12:53:09Z,2460894,15
53431690,1788439992,2026-09-03T12:53:12Z,2289245,16
53431720,1788439996,2026-09-03T12:53:16Z,4895783,24
53431750,1788439999,2026-09-03T12:53:19Z,1284846,14
53431780,1788440002,2026-09-03T12:53:22Z,2561877,25
53431810,1788440005,2026-09-03T12:53:25Z,4806818,18
53431840,1788440008,2026-09-03T12:53:28Z,6382860,27
53431870,1788440011,2026-09-03T12:53:31Z,3249834,34
53431900,1788440014,2026-09-03T12:53:34Z,2904539,18
53431930,1788440017,2026-09-03T12:53:37Z,2309253,19
53431960,1788440020,2026-09-03T12:53:40Z,1687977,15
53431990,1788440023,2026-09-03T12:53:43Z,7505169,25
53432020,1788440026,2026-09-03T12:53:46Z,5157822,36
53432050,1788440030,2026-09-03T12:53:50Z,1421364,12
53432080,1788440033,2026-09-03T12:53:53Z,3568213,17
53432110,1788440036,2026-09-03T12:53:56Z,2499938,14
53432140,1788440039,2026-09-03T12:53:59Z,3690345,18
53432170,1788440042,2026-09-03T12:54:02Z,2043305,20
53432200,1788440045,2026-09-03T12:54:05Z,5998691,20
53432230,1788440048,2026-09-03T12:54:08Z,4267198,22
53432260,1788440051,2026-09-03T12:54:11Z,2092854,17
53432290,1788440054,2026-09-03T12:54:14Z,5050099,28
53432320,1788440057,2026-09-03T12:54:17Z,3374954,19
53432350,1788440060,2026-09-03T12:54:20Z,2727735,20
53432380,1788440064,2026-09-03T12:54:24Z,2175125,26
53432410,1788440067,2026-09-03T12:54:27Z,5772011,47
53432440,1788440070,2026-09-03T12:54:30Z,5539810,36
53432470,1788440073,2026-09-03T12:54:33Z,4518731,29
53432500,1788440076,2026-09-03T12:54:36Z,5511665,24
53432530,1788440079,2026-09-03T12:54:39Z,1780327,16
53432560,1788440082,2026-09-03T12:54:42Z,5008726,27
53432590,1788440085,2026-09-03T12:54:45Z,2753659,22
53432620,1788440088,2026-09-03T12:54:48Z,2062317,15
53432650,1788440091,2026-09-03T12:54:51Z,4534347,21
53432680,1788440094,2026-09-03T12:54:54Z,5395672,31
53432710,1788440097,2026-09-03T12:54:57Z,3024963,22
53432740,1788440100,2026-09-03T12:55:00Z,462453,13
53432770,1788440104,2026-09-03T12:55:04Z,7753599,30
53432800,1788440107,2026-09-03T12:55:07Z,2871971,21
53432830,1788440110,2026-09-03T12:55:10Z,2859197,18
53432860,1788440113,2026-09-03T12:55:13Z,13985950,44
53432890,1788440116,2026-09-03T12:55:16Z,2320950,19
53432920,1788440119,2026-09-03T12:55:19Z,4125542,19
53432950,1788440122,2026-09-03T12:55:22Z,1676542,13
53432980,1788440125,2026-09-03T12:55:25Z,4730600,27
53433010,1788440128,2026-09-03T12:55:28Z,3463106,19
53433040,1788440131,2026-09-03T12:55:31Z,4668821,24
53433070,1788440134,2026-09-03T12:55:34Z,1336340,16
53433100,1788440138,2026-09-03T12:55:38Z,5845769,25
53433130,1788440141,2026-09-03T12:55:41Z,4652319,26
53433160,1788440144,2026-09-03T12:55:44Z,7309816,27
53433190,1788440147,2026-09-03T12:55:47Z,2607838,18
53433220,1788440150,2026-09-03T12:55:50Z,3939536,21
53433250,1788440153,2026-09-03T12:55:53Z,4985498,22
53433280,1788440156,2026-09-03T12:55:56Z,2839178,21
53433310,1788440159,2026-09-03T12:55:59Z,8160616,37
53433340,1788440162,2026-09-03T12:56:02Z,1706508,10
53433370,1788440166,2026-09-03T12:56:06Z,6453521,27
53433400,1788440169,2026-09-03T12:56:09Z,4771708,21
53433430,1788440172,2026-09-03T12:56:12Z,4428117,31
53433460,1788440175,2026-09-03T12:56:15Z,2536610,17
53433490,1788440178,2026-09-03T12:56:18Z,2958807,11
53433520,1788440181,2026-09-03T12:56:21Z,2859253,15
53433550,1788440184,2026-09-03T12:56:24Z,5202226,17
53433580,1788440187,2026-09-03T12:56:27Z,1999399,15
53433610,1788440190,2026-09-03T12:56:30Z,1824172,15
53433640,1788440193,2026-09-03T12:56:33Z,10120279,21
53433670,1788440196,2026-09-03T12:56:36Z,6980082,18
53433700,1788440199,2026-09-03T12:56:39Z,4364032,19
53433730,1788440203,2026-09-03T12:56:43Z,1597464,9
53433760,1788440206,2026-09-03T12:56:46Z,2685651,18
53433790,1788440209,2026-09-03T12:56:49Z,4000308,27
53433820,1788440212,2026-09-03T12:56:52Z,5451209,12
53433850,1788440215,2026-09-03T12:56:55Z,6702650,22
53433880,1788440218,2026-09-03T12:56:58Z,1372005,17
53433910,1788440221,2026-09-03T12:57:01Z,7449916,19
53433940,1788440224,2026-09-03T12:57:04Z,2572751,19
53433970,1788440227,2026-09-03T12:57:07Z,4191807,15
53434000,1788440231,2026-09-03T12:57:11Z,9640334,20
53434030,1788440234,2026-09-03T12:57:14Z,4930829,18
53434060,1788440237,2026-09-03T12:57:17Z,1990877,8
53434090,1788440240,2026-09-03T12:57:20Z,2224831,13
53434120,1788440243,2026-09-03T12:57:23Z,2021867,9
53434150,1788440246,2026-09-03T12:57:26Z,2144481,10
53434180,1788440249,2026-09-03T12:57:29Z,3952770,15
53434210,1788440252,2026-09-03T12:57:32Z,3446863,7
53434240,1788440255,2026-09-03T12:57:35Z,2531600,11
53434270,1788440259,2026-09-03T12:57:39Z,755534,6
53434300,1788440262,2026-09-03T12:57:42Z,1579518,11
53434330,1788440265,2026-09-03T12:57:45Z,6473834,18
53434360,1788440268,2026-09-03T12:57:48Z,3492036,13
53434390,1788440271,2026-09-03T12:57:51Z,4508929,15
53434420,1788440274,2026-09-03T12:57:54Z,3406829,15
53434450,1788440277,2026-09-03T12:57:57Z,2226638,11
53434480,1788440280,2026-09-03T12:58:00Z,5029622,15
53434510,1788440283,2026-09-03T12:58:03Z,11311422,16
53434540,1788440286,2026-09-03T12:58:06Z,4784706,13
53434570,1788440289,2026-09-03T12:58:09Z,4550022,13
53434600,1788440293,2026-09-03T12:58:13Z,2516386,8
53434630,1788440295,2026-09-03T12:58:15Z,0,2
53434660,1788440296,2026-09-03T12:58:16Z,0,2
53434690,1788440299,2026-09-03T12:58:19Z,2231289,9
53434720,1788440302,2026-09-03T12:58:22Z,4373023,12
53434750,1788440305,2026-09-03T12:58:25Z,2946987,10
53434780,1788440308,2026-09-03T12:58:28Z,4742616,16
53434810,1788440311,2026-09-03T12:58:31Z,3867467,16
53434840,1788440315,2026-09-03T12:58:35Z,708823,7
53434870,1788440318,2026-09-03T12:58:38Z,1756029,10
53434900,1788440321,2026-09-03T12:58:41Z,3818506,10
53434930,1788440324,2026-09-03T12:58:44Z,452529,5
53434960,1788440327,2026-09-03T12:58:47Z,12476284,42
53434990,1788440330,2026-09-03T12:58:50Z,3616484,17
53435020,1788440333,2026-09-03T12:58:53Z,7044621,16
53435050,1788440336,2026-09-03T12:58:56Z,4355434,14
53435080,1788440339,2026-09-03T12:58:59Z,1400073,12
53435110,1788440342,2026-09-03T12:59:02Z,3196132,12
53435140,1788440345,2026-09-03T12:59:05Z,1443175,7
53435170,1788440349,2026-09-03T12:59:09Z,1972074,10
53435200,1788440353,2026-09-03T12:59:13Z,1560515,9
53435230,1788440356,2026-09-03T12:59:16Z,1620772,10
53435260,1788440360,2026-09-03T12:59:20Z,2139093,15
53435290,1788440363,2026-09-03T12:59:23Z,3445394,20
53435320,1788440366,2026-09-03T12:59:26Z,2033862,19
53435350,1788440369,2026-09-03T12:59:29Z,6890335,29
53435380,1788440372,2026-09-03T12:59:32Z,3242219,16
53435410,1788440375,2026-09-03T12:59:35Z,3736911,19
53435440,1788440378,2026-09-03T12:59:38Z,5657218,28
53435470,1788440381,2026-09-03T12:59:41Z,2974904,22
53435500,1788440384,2026-09-03T12:59:44Z,7654196,30
53435530,1788440387,2026-09-03T12:59:47Z,1963725,14
53435560,1788440390,2026-09-03T12:59:50Z,3074690,20
53435590,1788440394,2026-09-03T12:59:54Z,2483233,24
53435620,1788440397,2026-09-03T12:59:57Z,2319017,18
53435650,1788440400,2026-09-03T13:00:00Z,4560155,24
53435680,1788440404,2026-09-03T13:00:04Z,2843103,20
53435710,1788440407,2026-09-03T13:00:07Z,3975789,20
53435740,1788440410,2026-09-03T13:00:10Z,4036368,21
53435770,1788440413,2026-09-03T13:00:13Z,2244671,20
53435800,1788440416,2026-09-03T13:00:16Z,2664685,19
53435830,1788440419,2026-09-03T13:00:19Z,4076149,38
53435860,1788440422,2026-09-03T13:00:22Z,2563089,20
53435890,1788440425,2026-09-03T13:00:25Z,7267599,30
53435920,1788440429,2026-09-03T13:00:29Z,1500841,10
53435950,1788440432,2026-09-03T13:00:32Z,2471937,29
53435980,1788440435,2026-09-03T13:00:35Z,3424947,22
53436010,1788440438,2026-09-03T13:00:38Z,3140744,20
53436040,1788440441,2026-09-03T13:00:41Z,5166011,32
53436070,1788440444,2026-09-03T13:00:44Z,7643127,34
53436100,1788440447,2026-09-03T13:00:47Z,4088971,23
53436130,1788440450,2026-09-03T13:00:50Z,6621921,29
53436160,1788440454,2026-09-03T13:00:54Z,3746502,21
53436190,1788440457,2026-09-03T13:00:57Z,4845276,28
53436220,1788440460,2026-09-03T13:01:00Z,5810044,28
53436250,1788440463,2026-09-03T13:01:03Z,3304683,20
53436280,1788440466,2026-09-03T13:01:06Z,2052799,16
53436310,1788440469,2026-09-03T13:01:09Z,1990569,9
53436340,1788440472,2026-09-03T13:01:12Z,2965301,14
53436370,1788440475,2026-09-03T13:01:15Z,5355782,17
53436400,1788440478,2026-09-03T13:01:18Z,4052456,19
53436430,1788440481,2026-09-03T13:01:21Z,2927573,20
53436460,1788440485,2026-09-03T13:01:25Z,3522838,17
53436490,1788440488,2026-09-03T13:01:28Z,4961176,41
53436520,1788440491,2026-09-03T13:01:31Z,6643174,16
53436550,1788440494,2026-09-03T13:01:34Z,4726012,21
53436580,1788440497,2026-09-03T13:01:37Z,10648403,21
53436610,1788440500,2026-09-03T13:01:40Z,2029234,15
53436640,1788440503,2026-09-03T13:01:43Z,3909118,32
53436670,1788440506,2026-09-03T13:01:46Z,5783716,25
53436700,1788440509,2026-09-03T13:01:49Z,4626276,38
53436730,1788440512,2026-09-03T13:01:52Z,2808214,16
53436760,1788440515,2026-09-03T13:01:55Z,7360003,24
53436790,1788440518,2026-09-03T13:01:58Z,2407393,20
53436820,1788440522,2026-09-03T13:02:02Z,1748267,15
53436850,1788440525,2026-09-03T13:02:05Z,4269351,20
53436880,1788440528,2026-09-03T13:02:08Z,1561875,16
53436910,1788440531,2026-09-03T13:02:11Z,5498298,26
53436940,1788440534,2026-09-03T13:02:14Z,9987021,40
53436970,1788440537,2026-09-03T13:02:17Z,8850477,49
53437000,1788440540,2026-09-03T13:02:20Z,4720805,36
53437030,1788440543,2026-09-03T13:02:23Z,1165540,14
53437060,1788440547,2026-09-03T13:02:27Z,4354635,21
53437090,1788440550,2026-09-03T13:02:30Z,2783807,18
53437120,1788440553,2026-09-03T13:02:33Z,3077499,8
53437150,1788440556,2026-09-03T13:02:36Z,3053243,19
53437180,1788440559,2026-09-03T13:02:39Z,1651864,14
53437210,1788440562,2026-09-03T13:02:42Z,3214076,30
53437240,1788440565,2026-09-03T13:02:45Z,3105553,25
53437270,1788440568,2026-09-03T13:02:48Z,5430720,27
53437300,1788440571,2026-09-03T13:02:51Z,1504952,15
53437330,1788440574,2026-09-03T13:02:54Z,2909395,21
53437360,1788440577,2026-09-03T13:02:57Z,4203924,23
53437390,1788440580,2026-09-03T13:03:00Z,3714570,20
53437420,1788440584,2026-09-03T13:03:04Z,1590686,14
53437450,1788440587,2026-09-03T13:03:07Z,6687570,35
53437480,1788440590,2026-09-03T13:03:10Z,9318420,48
53437510,1788440593,2026-09-03T13:03:13Z,3934485,26
53437540,1788440596,2026-09-03T13:03:16Z,4222102,20
53437570,1788440599,2026-09-03T13:03:19Z,2750550,19
53437600,1788440602,2026-09-03T13:03:22Z,7283730,12
53437630,1788440605,2026-09-03T13:03:25Z,5987985,18
53437660,1788440608,2026-09-03T13:03:28Z,4239521,20
53437690,1788440611,2026-09-03T13:03:31Z,2287841,16
53437720,1788440614,2026-09-03T13:03:34Z,3481647,17
53437750,1788440617,2026-09-03T13:03:37Z,4369758,14
53437780,1788440620,2026-09-03T13:03:40Z,1112026,10
53437810,1788440623,2026-09-03T13:03:43Z,7319330,21
53437840,1788440627,2026-09-03T13:03:47Z,2851452,20
53437870,1788440630,2026-09-03T13:03:50Z,4438994,30
53437900,1788440633,2026-09-03T13:03:53Z,4133073,14
53437930,1788440636,2026-09-03T13:03:56Z,1097752,22
53437960,1788440639,2026-09-03T13:03:59Z,1764904,18
53437990,1788440642,2026-09-03T13:04:02Z,10267016,30
53438020,1788440645,2026-09-03T13:04:05Z,1189712,13
53438050,1788440648,2026-09-03T13:04:08Z,4393787,25
53438080,1788440651,2026-09-03T13:04:11Z,2211186,14
53438110,1788440654,2026-09-03T13:04:14Z,2292190,21
53438140,1788440657,2026-09-03T13:04:17Z,1743919,11
53438170,1788440661,2026-09-03T13:04:21Z,2742950,22
53438200,1788440664,2026-09-03T13:04:24Z,2413616,19
53438230,1788440667,2026-09-03T13:04:27Z,10802906,41
53438260,1788440670,2026-09-03T13:04:30Z,4756271,22
53438290,1788440673,2026-09-03T13:04:33Z,5514430,22
53438320,1788440676,2026-09-03T13:04:36Z,5294265,32
53438350,1788440679,2026-09-03T13:04:39Z,2152868,18
53438380,1788440682,2026-09-03T13:04:42Z,700765,4
53438410,1788440685,2026-09-03T13:04:45Z,3947963,30
53438440,1788440686,2026-09-03T13:04:46Z,0,2
53438470,1788440688,2026-09-03T13:04:48Z,1517197,15
53438500,1788440692,2026-09-03T13:04:52Z,2446266,29
53438530,1788440695,2026-09-03T13:04:55Z,3470019,7
53438560,1788440698,2026-09-03T13:04:58Z,2167176,20
53438590,1788440701,2026-09-03T13:05:01Z,2903194,20
53438620,1788440704,2026-09-03T13:05:04Z,1941550,18
53438650,1788440707,2026-09-03T13:05:07Z,8619273,19
53438680,1788440710,2026-09-03T13:05:10Z,1223493,13
53438710,1788440713,2026-09-03T13:05:13Z,1549113,19
53438740,1788440716,2026-09-03T13:05:16Z,1306172,16
53438770,1788440719,2026-09-03T13:05:19Z,1594459,16
53438800,1788440722,2026-09-03T13:05:22Z,2803275,16
53438830,1788440725,2026-09-03T13:05:25Z,2496192,15
53438860,1788440729,2026-09-03T13:05:29Z,3342730,25
53438890,1788440732,2026-09-03T13:05:32Z,4311897,24
53438920,1788440735,2026-09-03T13:05:35Z,2160154,4
53438950,1788440738,2026-09-03T13:05:38Z,2983730,12
53438980,1788440741,2026-09-03T13:05:41Z,5065927,24
53439010,1788440744,2026-09-03T13:05:44Z,4119131,20
53439040,1788440747,2026-09-03T13:05:47Z,33789599,16
53439070,1788440750,2026-09-03T13:05:50Z,8283653,12
53439100,1788440754,2026-09-03T13:05:54Z,2927209,14
53439130,1788440757,2026-09-03T13:05:57Z,4622945,17
53439160,1788440760,2026-09-03T13:06:00Z,945731,17
53439190,1788440763,2026-09-03T13:06:03Z,696537,9
53439220,1788440766,2026-09-03T13:06:06Z,9013102,37
53439250,1788440769,2026-09-03T13:06:09Z,2590896,21
53439280,1788440772,2026-09-03T13:06:12Z,2763965,28
53439310,1788440775,2026-09-03T13:06:15Z,6525622,29
53439340,1788440778,2026-09-03T13:06:18Z,4471768,34
53439370,1788440781,2026-09-03T13:06:21Z,8453481,40
53439400,1788440785,2026-09-03T13:06:25Z,6312004,23
53439430,1788440788,2026-09-03T13:06:28Z,5188224,28
53439460,1788440791,2026-09-03T13:06:31Z,974965,15
53439490,1788440794,2026-09-03T13:06:34Z,1621394,21
53439520,1788440797,2026-09-03T13:06:37Z,1938127,13
53439550,1788440800,2026-09-03T13:06:40Z,4531945,25
53439580,1788440803,2026-09-03T13:06:43Z,1527610,14
53439610,1788440806,2026-09-03T13:06:46Z,4082767,25
53439640,1788440809,2026-09-03T13:06:49Z,3233985,20
53439670,1788440812,2026-09-03T13:06:52Z,2969718,10
53439700,1788440815,2026-09-03T13:06:55Z,2979626,21
53439730,1788440818,2026-09-03T13:06:58Z,2579028,8
53439760,1788440822,2026-09-03T13:07:02Z,3050428,17
53439790,1788440825,2026-09-03T13:07:05Z,4920598,20
53439820,1788440828,2026-09-03T13:07:08Z,2989815,20
53439850,1788440831,2026-09-03T13:07:11Z,3315757,22
53439880,1788440834,2026-09-03T13:07:14Z,2957482,21
53439910,1788440837,2026-09-03T13:07:17Z,2589800,16
53439940,1788440840,2026-09-03T13:07:20Z,3258704,22
53439970,1788440843,2026-09-03T13:07:23Z,3748613,18
53440000,1788440846,2026-09-03T13:07:26Z,6105900,21
53440030,1788440849,2026-09-03T13:07:29Z,3002526,21
53440060,1788440852,2026-09-03T13:07:32Z,5117300,25
53440090,1788440856,2026-09-03T13:07:36Z,5281743,20
53440120,1788440859,2026-09-03T13:07:39Z,1375014,13
53440150,1788440862,2026-09-03T13:07:42Z,708867,4
53440180,1788440865,2026-09-03T13:07:45Z,2330610,15
53440210,1788440868,2026-09-03T13:07:48Z,7325972,19
53440240,1788440871,2026-09-03T13:07:51Z,2661772,21
53440270,1788440874,2026-09-03T13:07:54Z,4024695,19
53440300,1788440877,2026-09-03T13:07:57Z,5080321,11
53440330,1788440880,2026-09-03T13:08:00Z,5900769,23
53440360,1788440883,2026-09-03T13:08:03Z,772831,8
53440390,1788440886,2026-09-03T13:08:06Z,5971909,25
53440420,1788440890,2026-09-03T13:08:10Z,6879474,17
53440450,1788440893,2026-09-03T13:08:13Z,559244,5
53440480,1788440896,2026-09-03T13:08:16Z,6872422,10
53440510,1788440899,2026-09-03T13:08:19Z,2916373,11
53440540,1788440902,2026-09-03T13:08:22Z,2498416,13
53440570,1788440905,2026-09-03T13:08:25Z,1075852,10
53440600,1788440908,2026-09-03T13:08:28Z,970805,6
53440630,1788440911,2026-09-03T13:08:31Z,982225,5
53440660,1788440914,2026-09-03T13:08:34Z,3060403,6
53440690,1788440917,2026-09-03T13:08:37Z,5846202,11
53440720,1788440920,2026-09-03T13:08:40Z,3769654,33
53440750,1788440923,2026-09-03T13:08:43Z,6743908,38
53440780,1788440926,2026-09-03T13:08:46Z,2127712,17
53440810,1788440930,2026-09-03T13:08:50Z,1332618,9
53440840,1788440933,2026-09-03T13:08:53Z,4100672,11
53440870,1788440936,2026-09-03T13:08:56Z,3053849,10
53440900,1788440939,2026-09-03T13:08:59Z,2986365,10
53440930,1788440942,2026-09-03T13:09:02Z,2332864,12
53440960,1788440945,2026-09-03T13:09:05Z,4723616,13
53440990,1788440948,2026-09-03T13:09:08Z,2052278,9
53441020,1788440951,2026-09-03T13:09:11Z,4362918,9
53441050,1788440954,2026-09-03T13:09:14Z,2965878,17
53441080,1788440958,2026-09-03T13:09:18Z,1473307,11
53441110,1788440961,2026-09-03T13:09:21Z,3846586,21
53441140,1788440964,2026-09-03T13:09:24Z,2091166,12
53441170,1788440967,2026-09-03T13:09:27Z,3727372,13
53441200,1788440970,2026-09-03T13:09:30Z,4198490,17
53441230,1788440973,2026-09-03T13:09:33Z,1711876,12
53441260,1788440976,2026-09-03T13:09:36Z,4248720,9
53441290,1788440979,2026-09-03T13:09:39Z,2888955,10
53441320,1788440984,2026-09-03T13:09:44Z,1570158,7
53441350,1788440987,2026-09-03T13:09:47Z,1977412,12
53441380,1788440990,2026-09-03T13:09:50Z,2103267,4
53441410,1788440993,2026-09-03T13:09:53Z,3812169,16
53441440,1788440996,2026-09-03T13:09:56Z,3108682,13
53441470,1788440999,2026-09-03T13:09:59Z,6419610,14
53441500,1788441002,2026-09-03T13:10:02Z,2321304,8
53441530,1788441005,2026-09-03T13:10:05Z,4064932,11
53441560,1788441008,2026-09-03T13:10:08Z,860195,8
53441590,1788441011,2026-09-03T13:10:11Z,2761233,22
53441620,1788441014,2026-09-03T13:10:14Z,3521871,15
53441650,1788441017,2026-09-03T13:10:17Z,3400867,13
53441680,1788441021,2026-09-03T13:10:21Z,3362927,13
53441710,1788441024,2026-09-03T13:10:24Z,5441724,20
53441740,1788441027,2026-09-03T13:10:27Z,9904014,34
53441770,1788441030,2026-09-03T13:10:30Z,3084478,8
53441800,1788441033,2026-09-03T13:10:33Z,4112329,14
53441830,1788441036,2026-09-03T13:10:36Z,7162743,22
53441860,1788441039,2026-09-03T13:10:39Z,8053941,13
53441890,1788441042,2026-09-03T13:10:42Z,1687461,12
53441920,1788441045,2026-09-03T13:10:45Z,6224900,28
53441950,1788441049,2026-09-03T13:10:49Z,4678559,21
53441980,1788441052,2026-09-03T13:10:52Z,7947807,22
53442010,1788441055,2026-09-03T13:10:55Z,5855700,17
53442040,1788441058,2026-09-03T13:10:58Z,11518765,35
53442070,1788441061,2026-09-03T13:11:01Z,0,2
53442100,1788441062,2026-09-03T13:11:02Z,7413556,20
53442130,1788441065,2026-09-03T13:11:05Z,10786352,42
53442160,1788441068,2026-09-03T13:11:08Z,13766411,37
53442190,1788441071,2026-09-03T13:11:11Z,23640060,78
53442220,1788441074,2026-09-03T13:11:14Z,6540339,20
53442250,1788441077,2026-09-03T13:11:17Z,7277293,49
53442280,1788441081,2026-09-03T13:11:21Z,3985310,15
53442310,1788441084,2026-09-03T13:11:24Z,3760616,17
53442340,1788441087,2026-09-03T13:11:27Z,8309082,18
53442370,1788441090,2026-09-03T13:11:30Z,7718622,20
53442400,1788441093,2026-09-03T13:11:33Z,19798919,58
53442430,1788441097,2026-09-03T13:11:37Z,12582317,25
53442460,1788441100,2026-09-03T13:11:40Z,3203900,11
53442490,1788441103,2026-09-03T13:11:43Z,6903123,20
53442520,1788441106,2026-09-03T13:11:46Z,5690814,18
53442550,1788441109,2026-09-03T13:11:49Z,13381944,20
53442580,1788441112,2026-09-03T13:11:52Z,5603565,17
53442610,1788441115,2026-09-03T13:11:55Z,5617148,20
53442640,1788441118,2026-09-03T13:11:58Z,2480952,10
53442670,1788441122,2026-09-03T13:12:02Z,3599342,11
53442700,1788441125,2026-09-03T13:12:05Z,1522980,8
53442730,1788441128,2026-09-03T13:12:08Z,5896805,17
53442760,1788441131,2026-09-03T13:12:11Z,4297740,14
53442790,1788441134,2026-09-03T13:12:14Z,4584927,15
53442820,1788441137,2026-09-03T13:12:17Z,705535,8
53442850,1788441140,2026-09-03T13:12:20Z,7536189,23
53442880,1788441144,2026-09-03T13:12:24Z,6558361,20
53442910,1788441147,2026-09-03T13:12:27Z,4208244,23
53442940,1788441150,2026-09-03T13:12:30Z,5132875,18
53442970,1788441153,2026-09-03T13:12:33Z,4814236,17
53443000,1788441156,2026-09-03T13:12:36Z,5058666,20
53443030,1788441159,2026-09-03T13:12:39Z,3488989,13
53443060,1788441162,2026-09-03T13:12:42Z,7707679,24
53443090,1788441165,2026-09-03T13:12:45Z,4949063,16
53443120,1788441169,2026-09-03T13:12:49Z,4113948,18
53443150,1788441172,2026-09-03T13:12:52Z,2648093,19
53443180,1788441175,2026-09-03T13:12:55Z,7219445,22
53443210,1788441178,2026-09-03T13:12:58Z,12370457,26
53443240,1788441181,2026-09-03T13:13:01Z,5443343,10
53443270,1788441184,2026-09-03T13:13:04Z,10892145,44
53443300,1788441187,2026-09-03T13:13:07Z,12341749,42
53443330,1788441190,2026-09-03T13:13:10Z,6428448,20
53443360,1788441194,2026-09-03T13:13:14Z,6148384,31
53443390,1788441197,2026-09-03T13:13:17Z,8747349,33
53443420,1788441200,2026-09-03T13:13:20Z,14278113,23
53443450,1788441203,2026-09-03T13:13:23Z,4275453,18
53443480,1788441206,2026-09-03T13:13:26Z,2900459,8
53443510,1788441209,2026-09-03T13:13:29Z,4465422,12
53443540,1788441212,2026-09-03T13:13:32Z,5133327,24
53443570,1788441215,2026-09-03T13:13:35Z,3413651,22
53443600,1788441219,2026-09-03T13:13:39Z,5174448,25
53443630,1788441222,2026-09-03T13:13:42Z,2760035,10
53443660,1788441225,2026-09-03T13:13:45Z,987946,7
53443690,1788441228,2026-09-03T13:13:48Z,3351102,12
53443720,1788441231,2026-09-03T13:13:51Z,5840015,23
53443750,1788441234,2026-09-03T13:13:54Z,6715899,22
53443780,1788441237,2026-09-03T13:13:57Z,6604530,18
53443810,1788441240,2026-09-03T13:14:00Z,5412078,19
53443840,1788441243,2026-09-03T13:14:03Z,3261348,14
53443870,1788441246,2026-09-03T13:14:06Z,4494530,25
53443900,1788441250,2026-09-03T13:14:10Z,7341370,17
53443930,1788441253,2026-09-03T13:14:13Z,5850970,25
53443960,1788441256,2026-09-03T13:14:16Z,4573460,15
53443990,1788441259,2026-09-03T13:14:19Z,14337541,14
53444020,1788441262,2026-09-03T13:14:22Z,7571849,22
53444050,1788441265,2026-09-03T13:14:25Z,1940357,9
53444080,1788441268,2026-09-03T13:14:28Z,6997961,19
53444110,1788441271,2026-09-03T13:14:31Z,5716826,13
53444140,1788441274,2026-09-03T13:14:34Z,3940923,18
53444170,1788441277,2026-09-03T13:14:37Z,4583808,20
53444200,1788441281,2026-09-03T13:14:41Z,3573966,13
53444230,1788441284,2026-09-03T13:14:44Z,1234825,8
53444260,1788441287,2026-09-03T13:14:47Z,3021702,15
53444290,1788441290,2026-09-03T13:14:50Z,5301224,16
53444320,1788441293,2026-09-03T13:14:53Z,1755131,8
53444350,1788441296,2026-09-03T13:14:56Z,3514604,14
53444380,1788441299,2026-09-03T13:14:59Z,5739675,15
53444410,1788441302,2026-09-03T13:15:02Z,4676502,13
53444440,1788441305,2026-09-03T13:15:05Z,4596732,10
53444470,1788441309,2026-09-03T13:15:09Z,7473516,25
53444500,1788441312,2026-09-03T13:15:12Z,1069742,6
53444530,1788441315,2026-09-03T13:15:15Z,1125062,6
53444560,1788441318,2026-09-03T13:15:18Z,2986672,13
53444590,1788441321,2026-09-03T13:15:21Z,2434405,12
53444620,1788441324,2026-09-03T13:15:24Z,3477551,15
53444650,1788441327,2026-09-03T13:15:27Z,3462200,12
53444680,1788441330,2026-09-03T13:15:30Z,2651844,8
53444710,1788441333,2026-09-03T13:15:33Z,6712185,11
53444740,1788441336,2026-09-03T13:15:36Z,1356243,8
53444770,1788441339,2026-09-03T13:15:39Z,3438563,9
53444800,1788441342,2026-09-03T13:15:42Z,1887013,7
53444830,1788441345,2026-09-03T13:15:45Z,5775373,21
53444860,1788441348,2026-09-03T13:15:48Z,8990005,14
53444890,1788441352,2026-09-03T13:15:52Z,5560008,26
53444920,1788441355,2026-09-03T13:15:55Z,1538478,7
53444950,1788441358,2026-09-03T13:15:58Z,3501978,13
53444980,1788441361,2026-09-03T13:16:01Z,2006435,10
53445010,1788441364,2026-09-03T13:16:04Z,3604296,8
53445040,1788441367,2026-09-03T13:16:07Z,1956905,9
53445070,1788441370,2026-09-03T13:16:10Z,244721,5
53445100,1788441373,2026-09-03T13:16:13Z,3441379,15
53445130,1788441376,2026-09-03T13:16:16Z,3263183,14
53445160,1788441379,2026-09-03T13:16:19Z,2983221,11
53445190,1788441382,2026-09-03T13:16:22Z,1263476,8
53445220,1788441386,2026-09-03T13:16:26Z,1805055,6
53445250,1788441389,2026-09-03T13:16:29Z,4042973,13
53445280,1788441392,2026-09-03T13:16:32Z,2248878,11
53445310,1788441395,2026-09-03T13:16:35Z,4336736,16
53445340,1788441398,2026-09-03T13:16:38Z,2621160,9
53445370,1788441401,2026-09-03T13:16:41Z,3665342,11
53445400,1788441404,2026-09-03T13:16:44Z,3840838,16
53445430,1788441407,2026-09-03T13:16:47Z,1208163,10
53445460,1788441410,2026-09-03T13:16:50Z,5514946,12
53445490,1788441414,2026-09-03T13:16:54Z,2284900,10
53445520,1788441417,2026-09-03T13:16:57Z,3961235,14
53445550,1788441420,2026-09-03T13:17:00Z,2912544,13
53445580,1788441423,2026-09-03T13:17:03Z,8341694,41
53445610,1788441426,2026-09-03T13:17:06Z,2343720,10
53445640,1788441429,2026-09-03T13:17:09Z,1877334,9
53445670,1788441433,2026-09-03T13:17:13Z,1400161,6
53445700,1788441436,2026-09-03T13:17:16Z,1585910,8
53445730,1788441439,2026-09-03T13:17:19Z,640161,5
53445760,1788441442,2026-09-03T13:17:22Z,570203,5
53445790,1788441445,2026-09-03T13:17:25Z,805258,6
53445820,1788441448,2026-09-03T13:17:28Z,1844716,7
53445850,1788441451,2026-09-03T13:17:31Z,2200270,8
53445880,1788441452,2026-09-03T13:17:32Z,0,2
53445910,1788441455,2026-09-03T13:17:35Z,4563441,14
53445940,1788441458,2026-09-03T13:17:38Z,3451301,10
53445970,1788441461,2026-09-03T13:17:41Z,11034106,28
53446000,1788441464,2026-09-03T13:17:44Z,3240914,9
53446030,1788441467,2026-09-03T13:17:47Z,7902939,12
53446060,1788441470,2026-09-03T13:17:50Z,402032,3
53446090,1788441473,2026-09-03T13:17:53Z,6729548,12
53446120,1788441476,2026-09-03T13:17:56Z,4554145,4
53446150,1788441479,2026-09-03T13:17:59Z,2118438,12
53446180,1788441482,2026-09-03T13:18:02Z,3174770,12
53446210,1788441486,2026-09-03T13:18:06Z,2128083,10
53446240,1788441489,2026-09-03T13:18:09Z,6730728,17
53446270,1788441492,2026-09-03T13:18:12Z,3198816,10
53446300,1788441495,2026-09-03T13:18:15Z,4599402,14
53446330,1788441498,2026-09-03T13:18:18Z,3143312,8
53446360,1788441501,2026-09-03T13:18:21Z,3101947,21
53446390,1788441504,2026-09-03T13:18:24Z,2206233,10
53446420,1788441507,2026-09-03T13:18:27Z,2092644,12
53446450,1788441510,2026-09-03T13:18:30Z,3360451,17
53446480,1788441513,2026-09-03T13:18:33Z,15982173,18
53446510,1788441516,2026-09-03T13:18:36Z,3769480,18
53446540,1788441520,2026-09-03T13:18:40Z,3456033,12
53446570,1788441523,2026-09-03T13:18:43Z,11111520,18
53446600,1788441526,2026-09-03T13:18:46Z,4067000,11
53446630,1788441529,2026-09-03T13:18:49Z,2414046,10
53446660,1788441532,2026-09-03T13:18:52Z,3512398,7
53446690,1788441535,2026-09-03T13:18:55Z,6381253,11
53446720,1788441538,2026-09-03T13:18:58Z,4827142,13
53446750,1788441541,2026-09-03T13:19:01Z,7763752,20
53446780,1788441544,2026-09-03T13:19:04Z,1465780,9
53446810,1788441547,2026-09-03T13:19:07Z,657201,4
53446840,1788441550,2026-09-03T13:19:10Z,2558645,11
53446870,1788441553,2026-09-03T13:19:13Z,1205427,8
53446900,1788441557,2026-09-03T13:19:17Z,5608438,15
53446930,1788441560,2026-09-03T13:19:20Z,5667448,11
53446960,1788441563,2026-09-03T13:19:23Z,4159416,10
53446990,1788441566,2026-09-03T13:19:26Z,1498557,5
53447020,1788441569,2026-09-03T13:19:29Z,2082371,9
53447050,1788441572,2026-09-03T13:19:32Z,2592628,8
53447080,1788441575,2026-09-03T13:19:35Z,4142169,14
53447110,1788441578,2026-09-03T13:19:38Z,5858270,10
53447140,1788441581,2026-09-03T13:19:41Z,11324173,16
53447170,1788441584,2026-09-03T13:19:44Z,3996911,12
53447200,1788441587,2026-09-03T13:19:47Z,2925518,14
53447230,1788441591,2026-09-03T13:19:51Z,914866,7
53447260,1788441594,2026-09-03T13:19:54Z,4094287,14
53447290,1788441597,2026-09-03T13:19:57Z,4714176,21
53447320,1788441600,2026-09-03T13:20:00Z,7836629,14
53447350,1788441603,2026-09-03T13:20:03Z,7463088,23
53447380,1788441606,2026-09-03T13:20:06Z,4899318,15
53447410,1788441609,2026-09-03T13:20:09Z,12019516,30
53447440,1788441614,2026-09-03T13:20:14Z,4974263,21
53447470,1788441617,2026-09-03T13:20:17Z,4858903,14
53447500,1788441620,2026-09-03T13:20:20Z,9759195,14
53447530,1788441624,2026-09-03T13:20:24Z,5314312,14
53447560,1788441627,2026-09-03T13:20:27Z,5798525,22
53447590,1788441630,2026-09-03T13:20:30Z,3130988,11
53447620,1788441633,2026-09-03T13:20:33Z,2643488,8
53447650,1788441636,2026-09-03T13:20:36Z,4014983,13
53447680,1788441639,2026-09-03T13:20:39Z,7862831,21
53447710,1788441643,2026-09-03T13:20:43Z,15093815,33
53447740,1788441646,2026-09-03T13:20:46Z,10663511,26
53447770,1788441649,2026-09-03T13:20:49Z,8678083,30
53447800,1788441652,2026-09-03T13:20:52Z,3935073,12
53447830,1788441655,2026-09-03T13:20:55Z,3995863,12
53447860,1788441658,2026-09-03T13:20:58Z,2431464,7
53447890,1788441661,2026-09-03T13:21:01Z,10091614,20
53447920,1788441664,2026-09-03T13:21:04Z,18329857,36
53447950,1788441668,2026-09-03T13:21:08Z,9699840,25
53447980,1788441671,2026-09-03T13:21:11Z,2201671,10
53448010,1788441674,2026-09-03T13:21:14Z,1206481,5
53448040,1788441677,2026-09-03T13:21:17Z,2197101,6
53448070,1788441680,2026-09-03T13:21:20Z,5885219,14
53448100,1788441683,2026-09-03T13:21:23Z,8423187,14
53448130,1788441686,2026-09-03T13:21:26Z,5122701,16
53448160,1788441689,2026-09-03T13:21:29Z,2493384,10
53448190,1788441693,2026-09-03T13:21:33Z,9381265,24
53448220,1788441696,2026-09-03T13:21:36Z,2188546,8
53448250,1788441699,2026-09-03T13:21:39Z,5995410,18
53448280,1788441702,2026-09-03T13:21:42Z,4343084,14
53448310,1788441705,2026-09-03T13:21:45Z,3956985,14
53448340,1788441708,2026-09-03T13:21:48Z,3746924,9
53448370,1788441711,2026-09-03T13:21:51Z,7444901,11
53448400,1788441714,2026-09-03T13:21:54Z,3474991,12
53448430,1788441717,2026-09-03T13:21:57Z,2228546,12
53448460,1788441721,2026-09-03T13:22:01Z,2837479,10
53448490,1788441724,2026-09-03T13:22:04Z,3479509,10
53448520,1788441727,2026-09-03T13:22:07Z,11300644,27
53448550,1788441730,2026-09-03T13:22:10Z,4152482,13
53448580,1788441733,2026-09-03T13:22:13Z,3385557,9
53448610,1788441736,2026-09-03T13:22:16Z,2758226,8
53448640,1788441739,2026-09-03T13:22:19Z,6150723,13
53448670,1788441742,2026-09-03T13:22:22Z,4823453,18
53448700,1788441746,2026-09-03T13:22:26Z,4531153,25
53448730,1788441749,2026-09-03T13:22:29Z,4494125,12
53448760,1788441752,2026-09-03T13:22:32Z,11972812,20
53448790,1788441755,2026-09-03T13:22:35Z,3299740,12
53448820,1788441758,2026-09-03T13:22:38Z,2702525,10
53448850,1788441761,2026-09-03T13:22:41Z,4351792,12
53448880,1788441764,2026-09-03T13:22:44Z,5688674,14
53448910,1788441767,2026-09-03T13:22:47Z,6361229,10
53448940,1788441770,2026-09-03T13:22:50Z,3325286,14
53448970,1788441774,2026-09-03T13:22:54Z,10793199,27
53449000,1788441777,2026-09-03T13:22:57Z,2561880,8
53449030,1788441780,2026-09-03T13:23:00Z,3965562,14
53449060,1788441783,2026-09-03T13:23:03Z,2394803,11
53449090,1788441786,2026-09-03T13:23:06Z,2330596,9
53449120,1788441789,2026-09-03T13:23:09Z,2285872,9
53449150,1788441792,2026-09-03T13:23:12Z,2233972,5
53449180,1788441795,2026-09-03T13:23:15Z,751923,5
53449210,1788441799,2026-09-03T13:23:19Z,5562990,10
53449240,1788441802,2026-09-03T13:23:22Z,6945237,11
53449270,1788441805,2026-09-03T13:23:25Z,3467627,12
53449300,1788441808,2026-09-03T13:23:28Z,2518620,8
53449330,1788441811,2026-09-03T13:23:31Z,3262995,8
53449360,1788441814,2026-09-03T13:23:34Z,5552125,12
53449390,1788441817,2026-09-03T13:23:37Z,3977168,10
53449420,1788441820,2026-09-03T13:23:40Z,4531796,17
53449450,1788441823,2026-09-03T13:23:43Z,4922174,12
53449480,1788441826,2026-09-03T13:23:46Z,3358517,9
53449510,1788441830,2026-09-03T13:23:50Z,13213261,35
53449540,1788441833,2026-09-03T13:23:53Z,21532103,40
53449570,1788441836,2026-09-03T13:23:56Z,4691225,14
53449600,1788441839,2026-09-03T13:23:59Z,11518929,21
53449630,1788441842,2026-09-03T13:24:02Z,3130210,15
53449660,1788441842,2026-09-03T13:24:02Z,4333434,15
53449690,1788441845,2026-09-03T13:24:05Z,799205,3
53449720,1788441848,2026-09-03T13:24:08Z,6885673,26
53449750,1788441852,2026-09-03T13:24:12Z,5876072,27
53449780,1788441855,2026-09-03T13:24:15Z,2457225,15
53449810,1788441858,2026-09-03T13:24:18Z,4122011,15
53449840,1788441861,2026-09-03T13:24:21Z,3741589,9
53449870,1788441864,2026-09-03T13:24:24Z,2292541,10
53449900,1788441867,2026-09-03T13:24:27Z,10878371,49
53449930,1788441870,2026-09-03T13:24:30Z,5992175,27
53449960,1788441874,2026-09-03T13:24:34Z,3719341,11
53449990,1788441877,2026-09-03T13:24:37Z,2051909,11
53450020,1788441880,2026-09-03T13:24:40Z,1529857,14
53450050,1788441883,2026-09-03T13:24:43Z,1903020,5
53450080,1788441886,2026-09-03T13:24:46Z,12144640,23
53450110,1788441889,2026-09-03T13:24:49Z,3615425,19
53450140,1788441892,2026-09-03T13:24:52Z,3156911,15
53450170,1788441895,2026-09-03T13:24:55Z,1175688,8
53450200,1788441898,2026-09-03T13:24:58Z,8193429,19
53450230,1788441901,2026-09-03T13:25:01Z,1598727,11
53450260,1788441904,2026-09-03T13:25:04Z,8152101,25
53450290,1788441908,2026-09-03T13:25:08Z,5335490,13
53450320,1788441911,2026-09-03T13:25:11Z,5748268,9
53450350,1788441914,2026-09-03T13:25:14Z,7411903,22
53450380,1788441917,2026-09-03T13:25:17Z,2622276,12
53450410,1788441920,2026-09-03T13:25:20Z,3467164,17
53450440,1788441923,2026-09-03T13:25:23Z,5227652,19
53450470,1788441926,2026-09-03T13:25:26Z,3253499,9
53450500,1788441929,2026-09-03T13:25:29Z,7616909,14
53450530,1788441932,2026-09-03T13:25:32Z,2398077,14
53450560,1788441935,2026-09-03T13:25:35Z,4643427,14
53450590,1788441938,2026-09-03T13:25:38Z,6227837,10
53450620,1788441942,2026-09-03T13:25:42Z,10796025,16
53450650,1788441945,2026-09-03T13:25:45Z,3344168,11
53450680,1788441948,2026-09-03T13:25:48Z,4398601,14
53450710,1788441951,2026-09-03T13:25:51Z,2202389,10
53450740,1788441954,2026-09-03T13:25:54Z,3082337,9
53450770,1788441957,2026-09-03T13:25:57Z,2885742,8
53450800,1788441960,2026-09-03T13:26:00Z,2072282,7
53450830,1788441963,2026-09-03T13:26:03Z,1088450,9
53450860,1788441966,2026-09-03T13:26:06Z,2306612,12
53450890,1788441969,2026-09-03T13:26:09Z,3977484,16
53450920,1788441973,2026-09-03T13:26:13Z,2292327,13
53450950,1788441976,2026-09-03T13:26:16Z,1698232,7
53450980,1788441979,2026-09-03T13:26:19Z,4913718,17
53451010,1788441982,2026-09-03T13:26:22Z,10792288,12
53451040,1788441985,2026-09-03T13:26:25Z,4784720,14
53451070,1788441988,2026-09-03T13:26:28Z,3493456,9
53451100,1788441991,2026-09-03T13:26:31Z,3592373,9
53451130,1788441994,2026-09-03T13:26:34Z,5669576,18
53451160,1788441997,2026-09-03T13:26:37Z,1422908,8
53451190,1788442001,2026-09-03T13:26:41Z,4042230,15
53451220,1788442004,2026-09-03T13:26:44Z,7299409,16
53451250,1788442007,2026-09-03T13:26:47Z,3088233,11
53451280,1788442010,2026-09-03T13:26:50Z,3793809,10
53451310,1788442013,2026-09-03T13:26:53Z,11096694,20
53451340,1788442016,2026-09-03T13:26:56Z,4431298,10
53451370,1788442019,2026-09-03T13:26:59Z,4059759,10
53451400,1788442022,2026-09-03T13:27:02Z,4437477,13
53451430,1788442025,2026-09-03T13:27:05Z,4057087,17
53451460,1788442028,2026-09-03T13:27:08Z,4734700,13
53451490,1788442032,2026-09-03T13:27:12Z,2723886,15
53451520,1788442035,2026-09-03T13:27:15Z,4421081,14
53451550,1788442038,2026-09-03T13:27:18Z,3399574,11
53451580,1788442041,2026-09-03T13:27:21Z,8391564,18
53451610,1788442044,2026-09-03T13:27:24Z,1155931,9
53451640,1788442047,2026-09-03T13:27:27Z,5364076,14
53451670,1788442050,2026-09-03T13:27:30Z,445644,2
53451700,1788442053,2026-09-03T13:27:33Z,3596694,13
53451730,1788442056,2026-09-03T13:27:36Z,5292507,16
53451760,1788442059,2026-09-03T13:27:39Z,12152793,25
53451790,1788442063,2026-09-03T13:27:43Z,8343050,19
53451820,1788442066,2026-09-03T13:27:46Z,10397299,26
53451850,1788442069,2026-09-03T13:27:49Z,4832620,17
53451880,1788442072,2026-09-03T13:27:52Z,6840988,19
53451910,1788442075,2026-09-03T13:27:55Z,5906316,18
53451940,1788442078,2026-09-03T13:27:58Z,4279541,12
53451970,1788442082,2026-09-03T13:28:02Z,10343170,29
53452000,1788442085,2026-09-03T13:28:05Z,5924083,16
