block,timestamp,time_utc
53704000,1788468090,2026-09-03T20:41:30Z
53708000,1788468513,2026-09-03T20:48:33Z
53712000,1788468932,2026-09-03T20:55:32Z
53716000,1788469350,2026-09-03T21:02:30Z
53720000,1788469767,2026-09-03T21:09:27Z
53724000,1788470173,2026-09-03T21:16:13Z
53728000,1788470576,2026-09-03T21:22:56Z
53732000,1788470981,2026-09-03T21:29:41Z
53736000,1788471385,2026-09-03T21:36:25Z
53740000,1788471785,2026-09-03T21:43:05Z
53744000,1788472192,2026-09-03T21:49:52Z
53748000,1788472596,2026-09-03T21:56:36Z
53752000,1788473000,2026-09-03T22:03:20Z
53756000,1788473407,2026-09-03T22:10:07Z
53760000,1788473812,2026-09-03T22:16:52Z
53764000,1788474216,2026-09-03T22:23:36Z
53768000,1788474620,2026-09-03T22:30:20Z
53772000,1788475025,2026-09-03T22:37:05Z
53776000,1788475427,2026-09-03T22:43:47Z
53780000,1788475830,2026-09-03T22:50:30Z
53784000,1788476234,2026-09-03T22:57:14Z
53788000,1788476638,2026-09-03T23:03:58Z
53792000,1788477042,2026-09-03T23:10:42Z
53796000,1788477447,2026-09-03T23:17:27Z
53800000,1788477849,2026-09-03T23:24:09Z
53804000,1788478254,2026-09-03T23:30:54Z
53808000,1788478658,2026-09-03T23:37:38Z
53812000,1788479064,2026-09-03T23:44:24Z
53816000,1788479465,2026-09-03T23:51:05Z
53820000,1788479867,2026-09-03T23:57:47Z
53824000,1788480271,2026-09-04T00:04:31Z
53828000,1788480677,2026-09-04T00:11:17Z
53832000,1788481081,2026-09-04T00:18:01Z
53836000,1788481487,2026-09-04T00:24:47Z
53840000,1788481892,2026-09-04T00:31:32Z
53844000,1788482294,2026-09-04T00:38:14Z
53848000,1788482698,2026-09-04T00:44:58Z
53852000,1788483102,2026-09-04T00:51:42Z
53856000,1788483505,2026-09-04T00:58:25Z
53860000,1788483911,2026-09-04T01:05:11Z
53864000,1788484315,2026-09-04T01:11:55Z
53868000,1788484718,2026-09-04T01:18:38Z
53872000,1788485122,2026-09-04T01:25:22Z
53876000,1788485528,2026-09-04T01:32:08Z
53880000,1788485931,2026-09-04T01:38:51Z
53884000,1788486335,2026-09-04T01:45:35Z
53888000,1788486739,2026-09-04T01:52:19Z
53892000,1788487142,2026-09-04T01:59:02Z
53896000,1788487542,2026-09-04T02:05:42Z
53900000,1788487946,2026-09-04T02:12:26Z
53904000,1788488349,2026-09-04T02:19:09Z
53908000,1788488752,2026-09-04T02:25:52Z
53912000,1788489156,2026-09-04T02:32:36Z
53916000,1788489560,2026-09-04T02:39:20Z
53920000,1788489964,2026-09-04T02:46:04Z
53924000,1788490367,2026-09-04T02:52:47Z
53928000,1788490772,2026-09-04T02:59:32Z
53932000,1788491177,2026-09-04T03:06:17Z
53936000,1788491580,2026-09-04T03:13:00Z
53940000,1788491987,2026-09-04T03:19:47Z
53944000,1788492395,2026-09-04T03:26:35Z
53948000,1788492801,2026-09-04T03:33:21Z
53952000,1788493208,2026-09-04T03:40:08Z
53956000,1788493615,2026-09-04T03:46:55Z
53960000,1788494020,2026-09-04T03:53:40Z
53964000,1788494425,2026-09-04T04:00:25Z
53968000,1788494828,2026-09-04T04:07:08Z
53972000,1788495231,2026-09-04T04:13:51Z
53976000,1788495636,2026-09-04T04:20:36Z
53980000,1788496043,2026-09-04T04:27:23Z
53984000,1788496446,2026-09-04T04:34:06Z
53988000,1788496851,2026-09-04T04:40:51Z
53992000,1788497257,2026-09-04T04:47:37Z
53996000,1788497661,2026-09-04T04:54:21Z
54000000,1788498066,2026-09-04T05:01:06Z
54004000,1788498470,2026-09-04T05:07:50Z
54008000,1788498873,2026-09-04T05:14:33Z
54012000,1788499279,2026-09-04T05:21:19Z
54016000,1788499684,2026-09-04T05:28:04Z
54020000,1788500089,2026-09-04T05:34:49Z
54024000,1788500494,2026-09-04T05:41:34Z
54028000,1788500898,2026-09-04T05:48:18Z
54032000,1788501303,2026-09-04T05:55:03Z
54036000,1788501708,2026-09-04T06:01:48Z
54040000,1788502111,2026-09-04T06:08:31Z
54044000,1788502514,2026-09-04T06:15:14Z
54048000,1788502920,2026-09-04T06:22:00Z
54052000,1788503324,2026-09-04T06:28:44Z
54056000,1788503735,2026-09-04T06:35:35Z
54060000,1788504141,2026-09-04T06:42:21Z
54064000,1788504546,2026-09-04T06:49:06Z
54068000,1788504952,2026-09-04T06:55:52Z
54072000,1788505358,2026-09-04T07:02:38Z
54076000,1788505761,2026-09-04T07:09:21Z
54080000,1788506168,2026-09-04T07:16:08Z
54084000,1788506575,2026-09-04T07:22:55Z
54088000,1788506979,2026-09-04T07:29:39Z
54092000,1788507385,2026-09-04T07:36:25Z
54096000,1788507790,2026-09-04T07:43:10Z
54100000,1788508194,2026-09-04T07:49:54Z
54104000,1788508600,2026-09-04T07:56:40Z
54108000,1788509007,2026-09-04T08:03:27Z
54112000,1788509411,2026-09-04T08:10:11Z
54116000,1788509814,2026-09-04T08:16:54Z
54120000,1788510219,2026-09-04T08:23:39Z
54124000,1788510623,2026-09-04T08:30:23Z
54128000,1788511029,2026-09-04T08:37:09Z
54132000,1788511434,2026-09-04T08:43:54Z
54136000,1788511838,2026-09-04T08:50:38Z
54140000,1788512246,2026-09-04T08:57:26Z
54144000,1788512649,2026-09-04T09:04:09Z
54148000,1788513054,2026-09-04T09:10:54Z
54152000,1788513461,2026-09-04T09:17:41Z
54156000,1788513865,2026-09-04T09:24:25Z
54160000,1788514272,2026-09-04T09:31:12Z
54164000,1788514675,2026-09-04T09:37:55Z
54168000,1788515077,2026-09-04T09:44:37Z
54172000,1788515481,2026-09-04T09:51:21Z
54176000,1788515886,2026-09-04T09:58:06Z
54180000,1788516290,2026-09-04T10:04:50Z
54184000,1788516695,2026-09-04T10:11:35Z
54188000,1788517099,2026-09-04T10:18:19Z
54192000,1788517500,2026-09-04T10:25:00Z
54196000,1788517904,2026-09-04T10:31:44Z
54200000,1788518309,2026-09-04T10:38:29Z
54204000,1788518712,2026-09-04T10:45:12Z
54208000,1788519116,2026-09-04T10:51:56Z
54212000,1788519521,2026-09-04T10:58:41Z
54216000,1788519926,2026-09-04T11:05:26Z
54220000,1788520331,2026-09-04T11:12:11Z
54224000,1788520736,2026-09-04T11:18:56Z
54228000,1788521141,2026-09-04T11:25:41Z
54232000,1788521547,2026-09-04T11:32:27Z
54236000,1788521953,2026-09-04T11:39:13Z
54240000,1788522356,2026-09-04T11:45:56Z
54244000,1788522760,2026-09-04T11:52:40Z
54248000,1788523163,2026-09-04T11:59:23Z
54252000,1788523570,2026-09-04T12:06:10Z
54256000,1788523975,2026-09-04T12:12:55Z
54260000,1788524379,2026-09-04T12:19:39Z
54264000,1788524781,2026-09-04T12:26:21Z
54268000,1788525189,2026-09-04T12:33:09Z
54272000,1788525596,2026-09-04T12:39:56Z
54276000,1788526004,2026-09-04T12:46:44Z
54280000,1788526408,2026-09-04T12:53:28Z
54284000,1788526810,2026-09-04T13:00:10Z
54288000,1788527210,2026-09-04T13:06:50Z
54292000,1788527615,2026-09-04T13:13:35Z
54296000,1788528017,2026-09-04T13:20:17Z
54300000,1788528422,2026-09-04T13:27:02Z
54304000,1788528827,2026-09-04T13:33:47Z
54308000,1788529232,2026-09-04T13:40:32Z
54312000,1788529639,2026-09-04T13:47:19Z
54316000,1788530042,2026-09-04T13:54:02Z
54320000,1788530447,2026-09-04T14:00:47Z
54324000,1788530853,2026-09-04T14:07:33Z
54328000,1788531259,2026-09-04T14:14:19Z
54332000,1788531666,2026-09-04T14:21:06Z
54336000,1788532071,2026-09-04T14:27:51Z
54340000,1788532473,2026-09-04T14:34:33Z
54344000,1788532877,2026-09-04T14:41:17Z
54348000,1788533283,2026-09-04T14:48:03Z
54352000,1788533687,2026-09-04T14:54:47Z
54356000,1788534092,2026-09-04T15:01:32Z
54360000,1788534497,2026-09-04T15:08:17Z
54364000,1788534902,2026-09-04T15:15:02Z
54368000,1788535306,2026-09-04T15:21:46Z
54372000,1788535710,2026-09-04T15:28:30Z
54376000,1788536115,2026-09-04T15:35:15Z
54380000,1788536520,2026-09-04T15:42:00Z
54384000,1788536925,2026-09-04T15:48:45Z
54388000,1788537329,2026-09-04T15:55:29Z
54392000,1788537735,2026-09-04T16:02:15Z
54396000,1788538140,2026-09-04T16:09:00Z
54400000,1788538544,2026-09-04T16:15:44Z
54404000,1788538948,2026-09-04T16:22:28Z
54408000,1788539352,2026-09-04T16:29:12Z
54412000,1788539755,2026-09-04T16:35:55Z
54416000,1788540157,2026-09-04T16:42:37Z
54420000,1788540565,2026-09-04T16:49:25Z
54424000,1788540969,2026-09-04T16:56:09Z
54428000,1788541375,2026-09-04T17:02:55Z
54432000,1788541778,2026-09-04T17:09:38Z
54436000,1788542184,2026-09-04T17:16:24Z
54440000,1788542589,2026-09-04T17:23:09Z
54444000,1788542993,2026-09-04T17:29:53Z
54448000,1788543397,2026-09-04T17:36:37Z
54452000,1788543804,2026-09-04T17:43:24Z
54456000,1788544207,2026-09-04T17:50:07Z
54460000,1788544614,2026-09-04T17:56:54Z
54464000,1788545019,2026-09-04T18:03:39Z
54468000,1788545424,2026-09-04T18:10:24Z
54472000,1788545831,2026-09-04T18:17:11Z
54476000,1788546237,2026-09-04T18:23:57Z
54480000,1788546642,2026-09-04T18:30:42Z
54484000,1788547049,2026-09-04T18:37:29Z
54488000,1788547452,2026-09-04T18:44:12Z
54492000,1788547856,2026-09-04T18:50:56Z
54496000,1788548261,2026-09-04T18:57:41Z
54500000,1788548667,2026-09-04T19:04:27Z
54504000,1788549071,2026-09-04T19:11:11Z
54508000,1788549477,2026-09-04T19:17:57Z
54512000,1788549882,2026-09-04T19:24:42Z
54516000,1788550286,2026-09-04T19:31:26Z
54520000,1788550690,2026-09-04T19:38:10Z
54524000,1788551095,2026-09-04T19:44:55Z
54528000,1788551498,2026-09-04T19:51:38Z
54532000,1788551903,2026-09-04T19:58:23Z
54536000,1788552307,2026-09-04T20:05:07Z
54540000,1788552709,2026-09-04T20:11:49Z
54544000,1788553114,2026-09-04T20:18:34Z
54548000,1788553519,2026-09-04T20:25:19Z
54552000,1788553922,2026-09-04T20:32:02Z
54556000,1788554327,2026-09-04T20:38:47Z
54560000,1788554728,2026-09-04T20:45:28Z
54564000,1788555133,2026-09-04T20:52:13Z
54568000,1788555537,2026-09-04T20:58:57Z
54572000,1788555941,2026-09-04T21:05:41Z
54576000,1788556345,2026-09-04T21:12:25Z
54580000,1788556750,2026-09-04T21:19:10Z
54584000,1788557153,2026-09-04T21:25:53Z
54588000,1788557559,2026-09-04T21:32:39Z
54592000,1788557964,2026-09-04T21:39:24Z
54596000,1788558367,2026-09-04T21:46:07Z
54600000,1788558772,2026-09-04T21:52:52Z
54604000,1788559177,2026-09-04T21:59:37Z
54608000,1788559581,2026-09-04T22:06:21Z
54612000,1788559986,2026-09-04T22:13:06Z
54616000,1788560392,2026-09-04T22:19:52Z
54620000,1788560795,2026-09-04T22:26:35Z
54624000,1788561200,2026-09-04T22:33:20Z
54628000,1788561604,2026-09-04T22:40:04Z
54632000,1788562007,2026-09-04T22:46:47Z
54636000,1788562411,2026-09-04T22:53:31Z
54640000,1788562812,2026-09-04T23:00:12Z
54644000,1788563214,2026-09-04T23:06:54Z
54648000,1788563618,2026-09-04T23:13:38Z
54652000,1788564022,2026-09-04T23:20:22Z
54656000,1788564425,2026-09-04T23:27:05Z
54660000,1788564833,2026-09-04T23:33:53Z
54664000,1788565238,2026-09-04T23:40:38Z
54668000,1788565640,2026-09-04T23:47:20Z
54672000,1788566044,2026-09-04T23:54:04Z
54676000,1788566446,2026-09-05T00:00:46Z
54680000,1788566850,2026-09-05T00:07:30Z
54684000,1788567255,2026-09-05T00:14:15Z
54688000,1788567657,2026-09-05T00:20:57Z
54692000,1788568061,2026-09-05T00:27:41Z
54696000,1788568465,2026-09-05T00:34:25Z
54700000,1788568867,2026-09-05T00:41:07Z
54704000,1788569270,2026-09-05T00:47:50Z
54708000,1788569674,2026-09-05T00:54:34Z
54712000,1788570076,2026-09-05T01:01:16Z
54716000,1788570477,2026-09-05T01:07:57Z
54720000,1788570882,2026-09-05T01:14:42Z
54724000,1788571285,2026-09-05T01:21:25Z
54728000,1788571690,2026-09-05T01:28:10Z
54732000,1788572094,2026-09-05T01:34:54Z
54736000,1788572496,2026-09-05T01:41:36Z
54740000,1788572900,2026-09-05T01:48:20Z
54744000,1788573304,2026-09-05T01:55:04Z
54748000,1788573707,2026-09-05T02:01:47Z
54752000,1788574111,2026-09-05T02:08:31Z
54756000,1788574514,2026-09-05T02:15:14Z
54760000,1788574916,2026-09-05T02:21:56Z
54764000,1788575320,2026-09-05T02:28:40Z
54768000,1788575723,2026-09-05T02:35:23Z
54772000,1788576126,2026-09-05T02:42:06Z
54776000,1788576529,2026-09-05T02:48:49Z
54780000,1788576932,2026-09-05T02:55:32Z
54784000,1788577336,2026-09-05T03:02:16Z
54788000,1788577740,2026-09-05T03:09:00Z
54792000,1788578142,2026-09-05T03:15:42Z
54796000,1788578543,2026-09-05T03:22:23Z
54800000,1788578948,2026-09-05T03:29:08Z
54804000,1788579350,2026-09-05T03:35:50Z
54808000,1788579754,2026-09-05T03:42:34Z
54812000,1788580158,2026-09-05T03:49:18Z
54816000,1788580561,2026-09-05T03:56:01Z
54820000,1788580965,2026-09-05T04:02:45Z
54824000,1788581370,2026-09-05T04:09:30Z
54828000,1788581773,2026-09-05T04:16:13Z
54832000,1788582177,2026-09-05T04:22:57Z
54836000,1788582580,2026-09-05T04:29:40Z
54840000,1788582982,2026-09-05T04:36:22Z
54844000,1788583386,2026-09-05T04:43:06Z
54848000,1788583789,2026-09-05T04:49:49Z
54852000,1788584192,2026-09-05T04:56:32Z
54856000,1788584596,2026-09-05T05:03:16Z
54860000,1788585000,2026-09-05T05:10:00Z
54864000,1788585403,2026-09-05T05:16:43Z
54868000,1788585807,2026-09-05T05:23:27Z
54872000,1788586211,2026-09-05T05:30:11Z
54876000,1788586610,2026-09-05T05:36:50Z
54880000,1788587014,2026-09-05T05:43:34Z
54884000,1788587418,2026-09-05T05:50:18Z
54888000,1788587820,2026-09-05T05:57:00Z
54892000,1788588223,2026-09-05T06:03:43Z
54896000,1788588626,2026-09-05T06:10:26Z
