tx_hash,revert,op_index,reason
0xaa148c21248c0b762f3966771922c78a70925ce92a349a8c3631f0329ccdd965,FailedOp,0,AA25 invalid account nonce
0xc81f18a5e871a2f2be3b408eaba53c8ecc9af719e90c744a3358a8c5ca89d3ab,FailedOp,0,AA25 invalid account nonce
0xe6f6158226ad27a97211a09af5cf76c18101a7191d6abd96fe34912c45b323ec,FailedOp,0,AA25 invalid account nonce
0x89bf3fd637e6f0c014b1a66517f29e4019bc458d2196fb9177b00d9e58c61419,FailedOp,0,AA25 invalid account nonce
0x255238e9a05abb34250609f4bff6ef97494c6b26b758524250262725a3f2bbdf,FailedOp,0,AA25 invalid account nonce
0xc328cb9100f1fd193640543acb0e74930fcf2073c3299cabc915d43c654a8111,FailedOp,0,AA25 invalid account nonce
0x84eaf2d11d94e7bac64a2aabb4e965a97bc28745287ebff60de320917d88aa59,FailedOp,0,AA25 invalid account nonce
0x3aca33b32651bf7f52cc2dfc89d70f38dc46f40fb64a723ad433f561ecaf502e,FailedOp,0,AA25 invalid account nonce
0x3c876960bd5b90d9222a0fa680a894d2e56b3b4b87fdd1149f1c9e95281ba534,FailedOp,0,AA25 invalid account nonce
0x343314952c2467d4647ec6576c928ff5918f7e0751cdce566b0743493cb8d12a,FailedOp,0,AA25 invalid account nonce
0xb46757fd332a66785c6143d2b965a999dbea24ed38ca2891a3032282b72c1f63,FailedOp,0,AA25 invalid account nonce
0x81ff4c064823534a3887c20212863fbc2bb33cb5cdc638b8fe550fa114a5fcd1,FailedOp,0,AA25 invalid account nonce
