block,block_timestamp,block_time_utc,observations_timestamp,inclusion_delay_s,aggregator,transmitter,tx_hash
60285456,1789132600,2026-09-11T13:16:40Z,1789132587,13,0x7b2fdfcea772f093dd33b3acf8ee294b368f6c23,0xa211fbdde369d28efb235bcd3a77f3a77790ba94,0x459c2c9adc8073139403b1f57f5b5c453afbf54bf3fdbc1f57f143004ea6e094
60286331,1789132687,2026-09-11T13:18:07Z,1789132675,12,0xf83cde62d1cd90de8d2bf3332b90c590985ad679,0x4fea9e9741b57bbaad4cf0e60e99a983bb908b3b,0xbf6486c95b520cd9407a2aeaab1bf4dc071cc8d732c5c7b3b023ac11fa13258c
60287757,1789132834,2026-09-11T13:20:34Z,1789132822,12,0x815d23392a48bee944c872cbbb4bc47691ef710f,0x4fea9e9741b57bbaad4cf0e60e99a983bb908b3b,0xfb10a3cdc7715a490b962d65a91c2881a410b96fdcc567dbef97d495d2c1d302
60287763,1789132835,2026-09-11T13:20:35Z,1789132822,13,0x4a9abc759e0b7b0ba98b5fd39c419a5d3e962aaf,0x67a2da43031e8876acc515a21cb0d95648efd807,0xb951089bf33ab0f2095911ad0814c2179cd9fd8001dcbf45bfe5a2ab1cc7938f
60288327,1789132894,2026-09-11T13:21:34Z,1789132882,12,0x815d23392a48bee944c872cbbb4bc47691ef710f,0xa211fbdde369d28efb235bcd3a77f3a77790ba94,0xf583632e0ac967f52580a9a1910e8aa68eb20e5a17f9ccc9b720764fb6938133
60288843,1789132948,2026-09-11T13:22:28Z,1789132936,12,0x6091e64eb7138eef066a80fd3a0d7427b91f2721,0x67a2da43031e8876acc515a21cb0d95648efd807,0xfc69c23bc03efff426ab5c8db6a171ff496f1cd8346236779e276dea11b52ab2
60288899,1789132954,2026-09-11T13:22:34Z,1789132942,12,0x815d23392a48bee944c872cbbb4bc47691ef710f,0x67a2da43031e8876acc515a21cb0d95648efd807,0x9e41bb7d6c2c70e011df0c29d603b9bac6a359669135af6a78e64cd4218493d4
60289701,1789133033,2026-09-11T13:23:53Z,1789133021,12,0x94201f15c0b7701d3f93f3c780042e6a76214104,0x83b351d4ed8de251ccf65fd44b42d27c41b5d8a6,0x772ff71f5d5a184ecd94756332fa4fb2ec2aa0a613f95f9b2db602544b944180
60289837,1789133047,2026-09-11T13:24:07Z,1789133035,12,0xf83cde62d1cd90de8d2bf3332b90c590985ad679,0x67a2da43031e8876acc515a21cb0d95648efd807,0x0614fa580b343925c8005eb5843e6f1596697fc7e7c0a5ca3d77174e8ceef679
60290503,1789133115,2026-09-11T13:25:15Z,1789133103,12,0xc190b6164b9e320a6400cdab0085a2e0e2b9738e,0xbe328e128835dae56a42f1e67de4a0daeec61a5f,0xded92832c09604161791fd54447db93a6c17974294d0847bf773f1f07ffa389e
60290640,1789133129,2026-09-11T13:25:29Z,1789133117,12,0x76ba75c6c362900b275d9d4d5c422f0275e85578,0x2df4c8f0095d7323a1521ce82fbf21629fdba7df,0x0066efa9e2e9232cd33f249b6f988424e347b3537cfc2c7cae80cf038b58ac84
60290691,1789133134,2026-09-11T13:25:34Z,1789133122,12,0x815d23392a48bee944c872cbbb4bc47691ef710f,0xbe328e128835dae56a42f1e67de4a0daeec61a5f,0x8410f7c7a3d503189c5656cac02125d18bcbeb79ff86a2d3b85cddbfeada8940
60290719,1789133137,2026-09-11T13:25:37Z,1789133125,12,0x59ab60b1d63de8b282852573d18a3a99c04c787c,0x1dd2dea254a9b9244d2de4139042c65ab9ecdaae,0x4e6e9e90a855752717859e99e17dca1cd92102a8ab1e6dab1bef5d3d76b4543a
60290818,1789133147,2026-09-11T13:25:47Z,1789133135,12,0x55bd01f666c99e4590e084fdeff88041bb50ccd1,0xbe328e128835dae56a42f1e67de4a0daeec61a5f,0xa6208c54c41206144d3bd0799703f00fe1831f1ba26f043c79261ab532e11826
60290828,1789133148,2026-09-11T13:25:48Z,1789133136,12,0xd9c04b7353421fc4deb1614ed13fe10d90e586cc,0x67a2da43031e8876acc515a21cb0d95648efd807,0x9005c45400be74346dbf62989e3f84dba4b01326fb4366228a5d60debf4f2a82
60291059,1789133172,2026-09-11T13:26:12Z,1789133160,12,0x42b1c5174ce84be751a23489d7dbdc969bc17ea2,0x67a2da43031e8876acc515a21cb0d95648efd807,0x267e23560cce2be9f1d9138ac658978cf2154cb6f8a7227de1f8ddbc8b68eac0
60291076,1789133174,2026-09-11T13:26:14Z,1789133161,13,0x901d8df245e48dfc82d6483fc45b5be6ddc5281a,0x4af41cd301e74b05410df9f6b5fc3d99ddce7cd5,0x4dd885576795077bed3ddc918d40eaa22aa45dd497711f50244adf88d70b632a
60291169,1789133184,2026-09-11T13:26:24Z,1789133171,13,0xe50c4775fefc1e3c9206771dd0056aee30f51b2f,0x5d4faed290f0422c7b33586aa772d81785a01d7c,0xcfdbdbf319b70d02608de36b8a07e1d143715b03a03d595bb7ad309b276d80e3
60291749,1789133243,2026-09-11T13:27:23Z,1789133231,12,0x30398b0b0df82a009bb2d507bc7fe1dc6d3ca294,0x83b351d4ed8de251ccf65fd44b42d27c41b5d8a6,0x027ee9eaba49a3c1a2d6216c1f4cbb550b60d5a9e1e3380bc23b176a3f247241
60292069,1789133276,2026-09-11T13:27:56Z,1789133264,12,0xeff19b88e3c72f046e4a19a1e62544d5869d4275,0x2df4c8f0095d7323a1521ce82fbf21629fdba7df,0x54488f33afa46713d695d59c296da15c30a94e299b06dc9023c1b0eb2ab5c5ae
60292100,1789133279,2026-09-11T13:27:59Z,1789133267,12,0x76ba75c6c362900b275d9d4d5c422f0275e85578,0xa211fbdde369d28efb235bcd3a77f3a77790ba94,0x290f79e219a08555f2dc259754b516216173571db1dc6d6b68e6f3cbb1f1fd1e
60292159,1789133285,2026-09-11T13:28:05Z,1789133273,12,0x95fb52f75aecbca8e12aa4403f840c8bc18cfbd4,0xbe328e128835dae56a42f1e67de4a0daeec61a5f,0x270a7aafb5c326b8680a3c34bd85367fb48cffff4ec56bf8ebb0409d3c448971
60292287,1789133299,2026-09-11T13:28:19Z,1789133286,13,0xd9c04b7353421fc4deb1614ed13fe10d90e586cc,0x1dd2dea254a9b9244d2de4139042c65ab9ecdaae,0x82b0b3231dc05920202977b0e12c5ecac31de3af7549ed6c11972f62e1f55e03
60292358,1789133306,2026-09-11T13:28:26Z,1789133294,12,0xeff19b88e3c72f046e4a19a1e62544d5869d4275,0x83b351d4ed8de251ccf65fd44b42d27c41b5d8a6,0x9fc12e6c61f5fcbb3616126d94e654853e3ed499ec717a5d223635bbbe1a2584
60292376,1789133308,2026-09-11T13:28:28Z,1789133295,13,0x886e11c1053289eed882c734e1864efe3430bc24,0xa211fbdde369d28efb235bcd3a77f3a77790ba94,0x2a352b8512bd8ca679a96d3a7ab799864b42ee47b17c78e192e0cdb5f46299f0
60292438,1789133314,2026-09-11T13:28:34Z,1789133302,12,0x815d23392a48bee944c872cbbb4bc47691ef710f,0x2df4c8f0095d7323a1521ce82fbf21629fdba7df,0xf9fbcdd286e3ab5998d27dc762a034c0e893817f157805f68e88532b8aaa1e72
60292464,1789133317,2026-09-11T13:28:37Z,1789133305,12,0x59ab60b1d63de8b282852573d18a3a99c04c787c,0x5d4faed290f0422c7b33586aa772d81785a01d7c,0x546549ad869f11777acd14e9aedd4be323d9c9301f270a88bf54d69c9aa9566c
60293115,1789133384,2026-09-11T13:29:44Z,1789133371,13,0x901d8df245e48dfc82d6483fc45b5be6ddc5281a,0x67a2da43031e8876acc515a21cb0d95648efd807,0x9144d72fcf1759a6b10f10f4945561584a485cbc4d3a4be86fcb8935e179e9dc
60293184,1789133391,2026-09-11T13:29:51Z,1789133378,13,0xdad54b8ee51af258e5a6faa9a84a3300f4775f7d,0x4af41cd301e74b05410df9f6b5fc3d99ddce7cd5,0x7e8e3dfeff63aca9c0bf217d19aff53edd7e4c2fc55ef600fa351fe0b0a508f2
60293442,1789133418,2026-09-11T13:30:18Z,1789133405,13,0x55bd01f666c99e4590e084fdeff88041bb50ccd1,0x2df4c8f0095d7323a1521ce82fbf21629fdba7df,0xf5a1087586a713ee4e35de87678491374e45b63b4fdf783e147fb9d12394b1e9
60293560,1789133426,2026-09-11T13:30:26Z,1789133414,12,0xeff19b88e3c72f046e4a19a1e62544d5869d4275,0x5d4faed290f0422c7b33586aa772d81785a01d7c,0x500b36c604a56d58d0fec5621fe9933a6d1d5f902b1f668b717260cb741e8f75
60293562,1789133426,2026-09-11T13:30:26Z,1789133414,12,0x2b3a9a18998e9464760658233ab093e6aebf45d0,0x2df4c8f0095d7323a1521ce82fbf21629fdba7df,0x955c352df5303f42c39ff442b8f55df4d1ba0afac2ec0789b6ba842093e276be
60293581,1789133428,2026-09-11T13:30:28Z,1789133415,13,0x886e11c1053289eed882c734e1864efe3430bc24,0xa211fbdde369d28efb235bcd3a77f3a77790ba94,0xddeeee18d66b4ac40e3caa957d39149a4dc20b743c1e89aae7da55aed1f6aed0
60293622,1789133432,2026-09-11T13:30:32Z,1789133420,12,0xf795030a46ad6ca4b07bf5fb704dc36039118c9f,0xa211fbdde369d28efb235bcd3a77f3a77790ba94,0x2209467861c8448149d2f7d43571c90a19e8bc15cf9f769cd07e606a10d8afbe
60293651,1789133435,2026-09-11T13:30:35Z,1789133423,12,0x95fb52f75aecbca8e12aa4403f840c8bc18cfbd4,0x1dd2dea254a9b9244d2de4139042c65ab9ecdaae,0xe82d43b9c4e021839c969610c7d04f605eadc6408b5f29dfcb403e924e88545d
60293664,1789133436,2026-09-11T13:30:36Z,1789133424,12,0x315afd0f71d5407b99ad19ab001a67af40fbaaf4,0xa211fbdde369d28efb235bcd3a77f3a77790ba94,0x4b508ee7568dc950a707f3d668ae716f8c69281a30e4d0b4ae40358ceb9c1253
60293671,1789133437,2026-09-11T13:30:37Z,1789133425,12,0x59ab60b1d63de8b282852573d18a3a99c04c787c,0x83b351d4ed8de251ccf65fd44b42d27c41b5d8a6,0xdb7cef0f538cc442e5441e3780dc77bda7aec35434bca0a924359a09cd631684
60293699,1789133440,2026-09-11T13:30:40Z,1789133428,12,0x7b2fdfcea772f093dd33b3acf8ee294b368f6c23,0x4fea9e9741b57bbaad4cf0e60e99a983bb908b3b,0x27d62e765c31b6481f9347298b200bd58d92636737bab52f7ed2e848a17f06ea
60293750,1789133445,2026-09-11T13:30:45Z,1789133433,12,0xc190b6164b9e320a6400cdab0085a2e0e2b9738e,0x67a2da43031e8876acc515a21cb0d95648efd807,0x437728d57e9e572a4899e748bc6df0f383698b76f6364b8e1455cbe91a93addf
60293770,1789133447,2026-09-11T13:30:47Z,1789133435,12,0xd6ed4e7d4aba1111eb42a349899b5c72ee1c9fef,0x74d14b5e642ea3331c88bcc72649997f447a7a5f,0x673ccd28dd25ea64ef82067763db1b0e32856766406cfbd9c22fc9371636ed96
60293803,1789133451,2026-09-11T13:30:51Z,1789133438,13,0xdad54b8ee51af258e5a6faa9a84a3300f4775f7d,0x4fea9e9741b57bbaad4cf0e60e99a983bb908b3b,0xf687181767c24065be207d9652ef67a3ddc5e1978b0ff422df0761ceccb3ceb3
60293804,1789133451,2026-09-11T13:30:51Z,1789133438,13,0xbb11a21267cfdb63d4935d99a499133dd1744acb,0x74d14b5e642ea3331c88bcc72649997f447a7a5f,0x84c3efec16dbfdb3b050dc72cc1745a4b2fda830b8468f7fadb0e35120409457
60293940,1789133465,2026-09-11T13:31:05Z,1789133452,13,0x4a9abc759e0b7b0ba98b5fd39c419a5d3e962aaf,0x5d4faed290f0422c7b33586aa772d81785a01d7c,0xc2b7c2f834ebe6f85f1ae1ec6bfc3dc38b002c27f86066a481a7c6238f871e6b
60293945,1789133465,2026-09-11T13:31:05Z,1789133453,12,0x95fb52f75aecbca8e12aa4403f840c8bc18cfbd4,0xbe328e128835dae56a42f1e67de4a0daeec61a5f,0xef6e30c574aceca9cd41e863dddc3a19f378f086a3f7e3166df17d2904a095e5
60294012,1789133474,2026-09-11T13:31:14Z,1789133461,13,0x901d8df245e48dfc82d6483fc45b5be6ddc5281a,0xa211fbdde369d28efb235bcd3a77f3a77790ba94,0x7d5ac43c0e1df0a11fec5fce20a52f748efa8ea9567158c50a08fdfdecb4c3e8
60294043,1789133477,2026-09-11T13:31:17Z,1789133465,12,0xff5f85e4888782e66f1dd9cabadf4822fbeb1439,0x5d4faed290f0422c7b33586aa772d81785a01d7c,0x0406355c76f5286458a554cb5b6df055ee767a96949cc9b92bf627dfbab76aed
60294044,1789133477,2026-09-11T13:31:17Z,1789133465,12,0xd6ed4e7d4aba1111eb42a349899b5c72ee1c9fef,0x4fea9e9741b57bbaad4cf0e60e99a983bb908b3b,0x0bde03e9dbe2f7d90b931619d62b40b4769090aab0423ddfeb5acdeb7ec9192a
60294053,1789133478,2026-09-11T13:31:18Z,1789133466,12,0xd9c04b7353421fc4deb1614ed13fe10d90e586cc,0x5d4faed290f0422c7b33586aa772d81785a01d7c,0x633d522011301098c620ea5609d410131de902d1f952379abb81f91bd0913aae
60294105,1789133484,2026-09-11T13:31:24Z,1789133471,13,0xe50c4775fefc1e3c9206771dd0056aee30f51b2f,0x4af41cd301e74b05410df9f6b5fc3d99ddce7cd5,0x0892411d422940d06cd987608fe866913c840242096ec255878bfc1f2b00bfe8
60294125,1789133486,2026-09-11T13:31:26Z,1789133474,12,0xeff19b88e3c72f046e4a19a1e62544d5869d4275,0xbe328e128835dae56a42f1e67de4a0daeec61a5f,0xa3179b98a5212cc282b3d5a1ee9208109a139fd282fe1555b902f4e6e7ab6ac6
60294156,1789133489,2026-09-11T13:31:29Z,1789133477,12,0x76ba75c6c362900b275d9d4d5c422f0275e85578,0x4fea9e9741b57bbaad4cf0e60e99a983bb908b3b,0xf38dc6cfba5e457b889426b15882502341012738abf37d9f34cb0f2dfcd17d13
60294269,1789133501,2026-09-11T13:31:41Z,1789133488,13,0x5eaa223c585f40cdca2d119ea91b97c491245631,0x4af41cd301e74b05410df9f6b5fc3d99ddce7cd5,0xe5e2c634cc60561766b11283d29acca83b0cda1fafbc1f47625d3f0f1b65ebff
60294283,1789133502,2026-09-11T13:31:42Z,1789133490,12,0x42b1c5174ce84be751a23489d7dbdc969bc17ea2,0x5d4faed290f0422c7b33586aa772d81785a01d7c,0x7571337b29fdb7efe2155d5961e608446ba4a68502468fdd1043f94326d294c3
60294312,1789133505,2026-09-11T13:31:45Z,1789133493,12,0xc190b6164b9e320a6400cdab0085a2e0e2b9738e,0xa211fbdde369d28efb235bcd3a77f3a77790ba94,0x61ebc3eb5485c5b70bc1c36a98e2291adebcf323e914edee2212aed0f435733c
60294332,1789133507,2026-09-11T13:31:47Z,1789133495,12,0xd6ed4e7d4aba1111eb42a349899b5c72ee1c9fef,0x4af41cd301e74b05410df9f6b5fc3d99ddce7cd5,0x04a47d9a74b651fc001c2d5c4858991962a9e7e0b6dbb71f337acfc629f2a37b
60294333,1789133507,2026-09-11T13:31:47Z,1789133495,12,0xa088fad0a0a62693af068e2edb80b1578c8a9365,0x1dd2dea254a9b9244d2de4139042c65ab9ecdaae,0x88352d8bb9b3853a4b794894c7a3853753bbc1cbe3149c93e56b33494000e660
60294350,1789133509,2026-09-11T13:31:49Z,1789133497,12,0xc3b117f52cf17dd4369eaf5eaf7cf0e2f91b4e30,0xa211fbdde369d28efb235bcd3a77f3a77790ba94,0x464614efad50ea5ddce49bc952a3de0f854268bfae5f13366df084213ace9714
60294498,1789133525,2026-09-11T13:32:05Z,1789133512,13,0x4a9abc759e0b7b0ba98b5fd39c419a5d3e962aaf,0x4fea9e9741b57bbaad4cf0e60e99a983bb908b3b,0x1791662b42161cd87c04c5aea5b316da10027267de59fed99cb613142ebee459
60294524,1789133528,2026-09-11T13:32:08Z,1789133515,13,0xf83cde62d1cd90de8d2bf3332b90c590985ad679,0x67a2da43031e8876acc515a21cb0d95648efd807,0x0d9180c1c283a804dab1b4132fbeb46e8abaa344bd981e35e48445ec96ee5ae0
60294593,1789133535,2026-09-11T13:32:15Z,1789133522,13,0x11ed6d598ef565dda86fafe7e779303e7cc6b2bd,0x4fea9e9741b57bbaad4cf0e60e99a983bb908b3b,0x8672214b42ad25da053cf6c70609f809b3fc50c0ab97910369dc5c3f44d8473a
60294632,1789133539,2026-09-11T13:32:19Z,1789133526,13,0xd9c04b7353421fc4deb1614ed13fe10d90e586cc,0x1dd2dea254a9b9244d2de4139042c65ab9ecdaae,0xfc81a4f81b7a5c89b403bf4cd20e38dc991e3edf3ef67ebfa09046a83a634e9b
60294675,1789133543,2026-09-11T13:32:23Z,1789133531,12,0xe50c4775fefc1e3c9206771dd0056aee30f51b2f,0x4fea9e9741b57bbaad4cf0e60e99a983bb908b3b,0x2309adc675bbf285e699a1dee9fc2df33456ec9bef5310b76ec8d4671299fa35
60294675,1789133543,2026-09-11T13:32:23Z,1789133531,12,0x30398b0b0df82a009bb2d507bc7fe1dc6d3ca294,0x83b351d4ed8de251ccf65fd44b42d27c41b5d8a6,0x625196055321c183e1b1f4ff06ddd2fda0f1df75c7b2ad5e3ceaac80adeedfed
60294699,1789133546,2026-09-11T13:32:26Z,1789133534,12,0xeff19b88e3c72f046e4a19a1e62544d5869d4275,0x74d14b5e642ea3331c88bcc72649997f447a7a5f,0x64a4fdaa6b0ac1dd81be27273a4c64c4122401604199c411cd7e16bccf92396b
60294784,1789133555,2026-09-11T13:32:35Z,1789133542,13,0x4a9abc759e0b7b0ba98b5fd39c419a5d3e962aaf,0x74d14b5e642ea3331c88bcc72649997f447a7a5f,0x90a77bf87b913dbad4be547b046c5bf9c842beb4944db1bbcb0098cf3d05a9f8
60294792,1789133556,2026-09-11T13:32:36Z,1789133543,13,0xc9d16e4f2569b9e3ea0468fd85844953713dc2a2,0xa211fbdde369d28efb235bcd3a77f3a77790ba94,0x6a028f9eb5cb2c2e218b9bf883af810e1ac0fdfdec3f9c681f0fc14858d8b6ee
60294916,1789133569,2026-09-11T13:32:49Z,1789133556,13,0xd9c04b7353421fc4deb1614ed13fe10d90e586cc,0x4fea9e9741b57bbaad4cf0e60e99a983bb908b3b,0xce8f904eec5c50cefe85ac6febe224c3b24b3bb055c290ce31516e065ebf4aec
60295048,1789133582,2026-09-11T13:33:02Z,1789133570,12,0xf795030a46ad6ca4b07bf5fb704dc36039118c9f,0x74d14b5e642ea3331c88bcc72649997f447a7a5f,0xfd9e339b4009d9ad33dd47ed79aec771dec202f0effa56f7de3d68288596f831
60295073,1789133585,2026-09-11T13:33:05Z,1789133572,13,0x815d23392a48bee944c872cbbb4bc47691ef710f,0x4af41cd301e74b05410df9f6b5fc3d99ddce7cd5,0xc002202b99f50dddbce07c764b68e8ceaebb31bede5592f1c7ac86c600d4dac6
60295074,1789133585,2026-09-11T13:33:05Z,1789133572,13,0x4a9abc759e0b7b0ba98b5fd39c419a5d3e962aaf,0x67a2da43031e8876acc515a21cb0d95648efd807,0x7c590b263e7b276ee7134c00ef144e2b2ef495d1c86ed41beeef7d73e83ee8d6
60295127,1789133590,2026-09-11T13:33:10Z,1789133578,12,0x7b2fdfcea772f093dd33b3acf8ee294b368f6c23,0x1dd2dea254a9b9244d2de4139042c65ab9ecdaae,0xdfbfb9a54769d1b106d16dfd6cc640d13a000d8ff7617de445e44eb457d9f130
60295130,1789133591,2026-09-11T13:33:11Z,1789133578,13,0x5eaa223c585f40cdca2d119ea91b97c491245631,0x4fea9e9741b57bbaad4cf0e60e99a983bb908b3b,0xb9dca26715521c0ba447c13fde43d3ebc3525aba5bcb178d7c69c5b0d9eec792
60295158,1789133594,2026-09-11T13:33:14Z,1789133581,13,0xd6fe4540bdf692cbe147fe19f75f9fd542d733bd,0x2df4c8f0095d7323a1521ce82fbf21629fdba7df,0xa4b386fa5af6334311510a7564732bd46466bf249b9d611dc257afca8039c84f
60295198,1789133598,2026-09-11T13:33:18Z,1789133585,13,0x55bd01f666c99e4590e084fdeff88041bb50ccd1,0x1dd2dea254a9b9244d2de4139042c65ab9ecdaae,0xd4d4144306e412a6d95732df77c1a028dd3164c98885d1fe8277a0a94d370d12
60295224,1789133600,2026-09-11T13:33:20Z,1789133588,12,0x983f726bf320cdc1fdae041dba782cd08a55842f,0x83b351d4ed8de251ccf65fd44b42d27c41b5d8a6,0x4a192cdd96c1d4d178e1760d06d418e04869927b2f9d1565f8a32c95b2cae994
60295276,1789133606,2026-09-11T13:33:26Z,1789133594,12,0xeff19b88e3c72f046e4a19a1e62544d5869d4275,0x67a2da43031e8876acc515a21cb0d95648efd807,0xfbbb9af8da2c368b0641eeaea807698ef59b15a918479c65a43c943b436ec012
60295368,1789133615,2026-09-11T13:33:35Z,1789133603,12,0x95fb52f75aecbca8e12aa4403f840c8bc18cfbd4,0x2df4c8f0095d7323a1521ce82fbf21629fdba7df,0xc72625d251682665512e4747144d9c6adb5f11518b8f6d9eb9ffcd8d612072fa
60295412,1789133620,2026-09-11T13:33:40Z,1789133607,13,0x93503dfc97157cdb8aadccaf70452621d598fdeb,0x5d4faed290f0422c7b33586aa772d81785a01d7c,0xa00c68cd71675b7d113bc14ae3716e3726dee16c5d8051ad42f0c8b78f87cd1f
60295450,1789133624,2026-09-11T13:33:44Z,1789133611,13,0x901d8df245e48dfc82d6483fc45b5be6ddc5281a,0x67a2da43031e8876acc515a21cb0d95648efd807,0x07552d11a5244ee7a3b378f928d081939ad500bf66fa94f9f52f399e04b1823a
60295483,1789133627,2026-09-11T13:33:47Z,1789133615,12,0xd6ed4e7d4aba1111eb42a349899b5c72ee1c9fef,0x67a2da43031e8876acc515a21cb0d95648efd807,0x28dd8bd7a34a5ebdf15eadf657c7b8bcdfa1a4374f9aee04e44e880cd9321e72
60295520,1789133631,2026-09-11T13:33:51Z,1789133618,13,0xbb11a21267cfdb63d4935d99a499133dd1744acb,0x5d4faed290f0422c7b33586aa772d81785a01d7c,0x2e74c118ae5bf54309dc199bf853eac3ab8d1be20161d22dbc9a5173abaeb412
60295545,1789133633,2026-09-11T13:33:53Z,1789133621,12,0x94201f15c0b7701d3f93f3c780042e6a76214104,0x4af41cd301e74b05410df9f6b5fc3d99ddce7cd5,0x2730f8155eff76bc9010179fbafdd4901171e92e93e458fff3f2ec99bfb8bcf2
60295548,1789133634,2026-09-11T13:33:54Z,1789133621,13,0xe50c4775fefc1e3c9206771dd0056aee30f51b2f,0xa211fbdde369d28efb235bcd3a77f3a77790ba94,0xb1a01aab40504f251b20fa8fb6c6f44d98608e59b298a1ee32a382f82b3d453e
60295594,1789133638,2026-09-11T13:33:58Z,1789133626,12,0x6091e64eb7138eef066a80fd3a0d7427b91f2721,0xa211fbdde369d28efb235bcd3a77f3a77790ba94,0xe239e30b550589c4a8526b13065daf9535333db361a8a724a77c89b60572c5d4
60295755,1789133655,2026-09-11T13:34:15Z,1789133643,12,0x11ed6d598ef565dda86fafe7e779303e7cc6b2bd,0x67a2da43031e8876acc515a21cb0d95648efd807,0x314239c0215f3907e08e45095cae453cebd74b72de2c8c0a4cb753a956e9a1e4
60295760,1789133655,2026-09-11T13:34:15Z,1789133643,12,0xc190b6164b9e320a6400cdab0085a2e0e2b9738e,0x4fea9e9741b57bbaad4cf0e60e99a983bb908b3b,0x0cd6bacbc304e25794dea1c3538d067acf3b5bfb06587a04b9d7449b45491fe7
60295776,1789133657,2026-09-11T13:34:17Z,1789133645,12,0xd6ed4e7d4aba1111eb42a349899b5c72ee1c9fef,0x2df4c8f0095d7323a1521ce82fbf21629fdba7df,0x7ada5ed20707619311ea29c27dc86b3443592a70b4c8e96d96cfb97bc274e009
60295951,1789133675,2026-09-11T13:34:35Z,1789133662,13,0x4a9abc759e0b7b0ba98b5fd39c419a5d3e962aaf,0x67a2da43031e8876acc515a21cb0d95648efd807,0x1e6a9a2c995ca453027949f3339e31b92f832771e28bf8014b2a31be89788eb0
60296003,1789133680,2026-09-11T13:34:40Z,1789133668,12,0x7b2fdfcea772f093dd33b3acf8ee294b368f6c23,0x83b351d4ed8de251ccf65fd44b42d27c41b5d8a6,0xea1db88a304dba95ab9d20f45e696941558cab44ddee095094fb91330f5aa9d6
60296035,1789133684,2026-09-11T13:34:44Z,1789133671,13,0x901d8df245e48dfc82d6483fc45b5be6ddc5281a,0x2df4c8f0095d7323a1521ce82fbf21629fdba7df,0x7b5207dc612807553a8774c4af09105184761ec9d1a727e389e0682fc252aad5
60296190,1789133699,2026-09-11T13:34:59Z,1789133687,12,0x76ba75c6c362900b275d9d4d5c422f0275e85578,0x4af41cd301e74b05410df9f6b5fc3d99ddce7cd5,0x1e6efbf453fa4ae8f4638e728f4d24883e922fd80f98c4d6a32f93d8b64130c7
60296267,1789133708,2026-09-11T13:35:08Z,1789133695,13,0xf83cde62d1cd90de8d2bf3332b90c590985ad679,0x1dd2dea254a9b9244d2de4139042c65ab9ecdaae,0x7427929881b461faf9c9158900db44a056a14099f5c38201c2ed7817a78051c2
60296419,1789133723,2026-09-11T13:35:23Z,1789133711,12,0x30398b0b0df82a009bb2d507bc7fe1dc6d3ca294,0xbe328e128835dae56a42f1e67de4a0daeec61a5f,0x3ad9f0ecf9ca322324c5da29fcfd182edb85a183a64180bc0c82dcd8d024e1f5
60296523,1789133734,2026-09-11T13:35:34Z,1789133722,12,0x815d23392a48bee944c872cbbb4bc47691ef710f,0x5d4faed290f0422c7b33586aa772d81785a01d7c,0x9386dafdff70f8e87fdaefdc222f8687bf1a8ce1c5797cb9e8d77d93bc939459
60296646,1789133747,2026-09-11T13:35:47Z,1789133735,12,0xd6ed4e7d4aba1111eb42a349899b5c72ee1c9fef,0x2df4c8f0095d7323a1521ce82fbf21629fdba7df,0xcc934c8b2683a04c59b812ee267bfe60c3d47f418e8d9a88346fba8c076b5394
60296649,1789133748,2026-09-11T13:35:48Z,1789133735,13,0x55bd01f666c99e4590e084fdeff88041bb50ccd1,0x5d4faed290f0422c7b33586aa772d81785a01d7c,0x6ebdbbf6ab44fa7d419dede249338470b12fff24186989af4ff04076fcbcbdb7
60296657,1789133748,2026-09-11T13:35:48Z,1789133736,12,0xd9c04b7353421fc4deb1614ed13fe10d90e586cc,0x2df4c8f0095d7323a1521ce82fbf21629fdba7df,0x9918f579b66abcadee034e502df8203d8f506acde4f34fee9ee515869dee1715
60296684,1789133751,2026-09-11T13:35:51Z,1789133738,13,0xbb11a21267cfdb63d4935d99a499133dd1744acb,0x74d14b5e642ea3331c88bcc72649997f447a7a5f,0xb970dee6e316baf9af00dc7fc9cb756f3d83486a269c547e7f379f53858f649e
60296822,1789133765,2026-09-11T13:36:05Z,1789133753,12,0x4a9abc759e0b7b0ba98b5fd39c419a5d3e962aaf,0x4af41cd301e74b05410df9f6b5fc3d99ddce7cd5,0xbacadf65d9d6d130261a44f572f35760071b7e0ee7b429096df2520dfa828baf
60296824,1789133765,2026-09-11T13:36:05Z,1789133753,12,0x95fb52f75aecbca8e12aa4403f840c8bc18cfbd4,0x83b351d4ed8de251ccf65fd44b42d27c41b5d8a6,0x7024744d681c9adb727f92e44cbb141d4d378821516f80cca52c804017ac2de6
60296846,1789133768,2026-09-11T13:36:08Z,1789133755,13,0xf83cde62d1cd90de8d2bf3332b90c590985ad679,0x67a2da43031e8876acc515a21cb0d95648efd807,0x39f21a50c4acc73a8908c0066ad9f8b892dfeba8fbc63360d3ef0c19ba968abf
60296869,1789133770,2026-09-11T13:36:10Z,1789133758,12,0x7b2fdfcea772f093dd33b3acf8ee294b368f6c23,0x83b351d4ed8de251ccf65fd44b42d27c41b5d8a6,0xd4ddb7bab7c05273c568fe591a6e3257cc40e1dbcf93f3bb5501f16b0812be94
60296967,1789133780,2026-09-11T13:36:20Z,1789133767,13,0xc3b117f52cf17dd4369eaf5eaf7cf0e2f91b4e30,0x1dd2dea254a9b9244d2de4139042c65ab9ecdaae,0x8bad89b5814bde2a2ac99e6b68b34372cf812768c490e4b83c3dd2a5b39ba798
60296975,1789133781,2026-09-11T13:36:21Z,1789133769,12,0xdad54b8ee51af258e5a6faa9a84a3300f4775f7d,0xbe328e128835dae56a42f1e67de4a0daeec61a5f,0x6003989fc779705bb55dc8ee2f51646f4e2423c984fcda7fbded261bd5ed97b3
60296999,1789133784,2026-09-11T13:36:24Z,1789133771,13,0xe50c4775fefc1e3c9206771dd0056aee30f51b2f,0x2df4c8f0095d7323a1521ce82fbf21629fdba7df,0xf75f32f799ce78c664a5e4af3207aedd5d69702bbd81d509f6a83476044b9239
60297026,1789133786,2026-09-11T13:36:26Z,1789133774,12,0xeff19b88e3c72f046e4a19a1e62544d5869d4275,0x4af41cd301e74b05410df9f6b5fc3d99ddce7cd5,0xd62d4804a43be71cb87def6c3e8f1fdad8cb64cfa8fd36c23132097b539dd917
60297041,1789133788,2026-09-11T13:36:28Z,1789133776,12,0x886e11c1053289eed882c734e1864efe3430bc24,0xbe328e128835dae56a42f1e67de4a0daeec61a5f,0x7d1c167bdf0051133e645c78dd91d9012d0f86e5b0cbce694c01e5a2463433b0
60297104,1789133795,2026-09-11T13:36:35Z,1789133782,13,0x815d23392a48bee944c872cbbb4bc47691ef710f,0xa211fbdde369d28efb235bcd3a77f3a77790ba94,0x056f6f367a69c027cd5bc14c412f106c7ccb63f7810e2894f6aad43122d08a70
60297112,1789133795,2026-09-11T13:36:35Z,1789133783,12,0x95fb52f75aecbca8e12aa4403f840c8bc18cfbd4,0x74d14b5e642ea3331c88bcc72649997f447a7a5f,0x88cf52e10f25feb45def8bf5dc5bf3e91e5bc70166698aac63d945bdfd5aa26d
60297150,1789133799,2026-09-11T13:36:39Z,1789133787,12,0x105cbe427bbd3225826a450f67ea80fec6417f93,0x83b351d4ed8de251ccf65fd44b42d27c41b5d8a6,0x9f1215a96e8dd565b6752b4aca9762e4efe27f74759e8d48e68e25f34a57a906
60297168,1789133801,2026-09-11T13:36:41Z,1789133789,12,0x2b65a9e1ff6b36a76e50a383a2d2702cd9e78047,0x4fea9e9741b57bbaad4cf0e60e99a983bb908b3b,0xacf0c740a38b0166164215ad44c53aa368689c9ea6fdebc054818b69ef690b39
60297227,1789133808,2026-09-11T13:36:48Z,1789133795,13,0x55bd01f666c99e4590e084fdeff88041bb50ccd1,0x4fea9e9741b57bbaad4cf0e60e99a983bb908b3b,0xd508dcd0ff4c9b44b209018eec3f9a30d696cd2abf9f67722263a4de0dfa56ed
60297228,1789133808,2026-09-11T13:36:48Z,1789133795,13,0xa088fad0a0a62693af068e2edb80b1578c8a9365,0x74d14b5e642ea3331c88bcc72649997f447a7a5f,0xc8295b16e59081cfa534099563af2e303fe51bffd1b47fe3789dfc07a99f6894
60297237,1789133809,2026-09-11T13:36:49Z,1789133796,13,0xd9c04b7353421fc4deb1614ed13fe10d90e586cc,0x1dd2dea254a9b9244d2de4139042c65ab9ecdaae,0x62a3ce62d5ac9c9d36872759f0d21317bd46d1f569ad8fc422e701c47b7a0898
60297311,1789133813,2026-09-11T13:36:53Z,1789133801,12,0x30398b0b0df82a009bb2d507bc7fe1dc6d3ca294,0x83b351d4ed8de251ccf65fd44b42d27c41b5d8a6,0x6d7386872d5556003d28b0349c1ff4ba4e3a0b4d9c53f0d252b8be5470afb8b4
60297318,1789133814,2026-09-11T13:36:54Z,1789133801,13,0xe50c4775fefc1e3c9206771dd0056aee30f51b2f,0x4af41cd301e74b05410df9f6b5fc3d99ddce7cd5,0xc0e4515930c7414b69082904b859d58ceed7567b9ffa6ac4d546349cc822f284
60297360,1789133818,2026-09-11T13:36:58Z,1789133806,12,0x886e11c1053289eed882c734e1864efe3430bc24,0x74d14b5e642ea3331c88bcc72649997f447a7a5f,0xd5a90df336b83ea413a2de22b89250905bf3e110ea26d67c6eb13210af263386
60297420,1789133825,2026-09-11T13:37:05Z,1789133813,12,0x4a9abc759e0b7b0ba98b5fd39c419a5d3e962aaf,0x67a2da43031e8876acc515a21cb0d95648efd807,0x142dacdb709933112d4257996aa1c73ba4cd133e4e0865b0b63edcec914ca92d
60297441,1789133827,2026-09-11T13:37:07Z,1789133815,12,0x59ab60b1d63de8b282852573d18a3a99c04c787c,0x4fea9e9741b57bbaad4cf0e60e99a983bb908b3b,0xa09aefc1f59aba7a98ec7689022bf1673b549cde3a3a63d7d7508a39c253d028
60297489,1789133832,2026-09-11T13:37:12Z,1789133820,12,0x42b1c5174ce84be751a23489d7dbdc969bc17ea2,0x67a2da43031e8876acc515a21cb0d95648efd807,0x48bc8e62ac180b9d4ab721f9f6e07d542ac4f33a78304c062f467c30ed20f324
60297745,1789133859,2026-09-11T13:37:39Z,1789133786,73,0x3d2a8e2937f306d11829d95059deda9a290c74da,0xbe328e128835dae56a42f1e67de4a0daeec61a5f,0xea0d932a153e5c6972516ca2ea30de32cb22fc1efa8fc0dabc6a5a0c254834c9
60297927,1789133878,2026-09-11T13:37:58Z,1789133866,12,0x886e11c1053289eed882c734e1864efe3430bc24,0x1dd2dea254a9b9244d2de4139042c65ab9ecdaae,0xab8f6a457079150ab72d53f61c5be4fb9b9bee72b9b177fe6d5139a85077331f
60297993,1789133885,2026-09-11T13:38:05Z,1789133873,12,0x4a9abc759e0b7b0ba98b5fd39c419a5d3e962aaf,0xa211fbdde369d28efb235bcd3a77f3a77790ba94,0xdaac3c6d1434131a1cb03e3b8ea9eb340ef13f5575f8924fb07fa976c159c757
60298002,1789133886,2026-09-11T13:38:06Z,1789133873,13,0x95fb52f75aecbca8e12aa4403f840c8bc18cfbd4,0x1dd2dea254a9b9244d2de4139042c65ab9ecdaae,0xbf5e9886ae094183d7ce0896313da072e5ee8d2a3887c9ed7d295a171e8ba0d1
60298032,1789133889,2026-09-11T13:38:09Z,1789133876,13,0x3d2a8e2937f306d11829d95059deda9a290c74da,0xbe328e128835dae56a42f1e67de4a0daeec61a5f,0xc304a6816fd081eca4d5a849894c7643e558fbafa006f9c7f9f8b948950e3d2f
60298048,1789133891,2026-09-11T13:38:11Z,1789133878,13,0x5eaa223c585f40cdca2d119ea91b97c491245631,0x4fea9e9741b57bbaad4cf0e60e99a983bb908b3b,0x43f554baf8354d80364e361a8fece11e1473d38586f44f75e5b5b325dca8870d
60298066,1789133892,2026-09-11T13:38:12Z,1789133880,12,0x42b1c5174ce84be751a23489d7dbdc969bc17ea2,0x2df4c8f0095d7323a1521ce82fbf21629fdba7df,0xa22844f59a8f259711a3b800b5f0d65c2b682e8782e528031c9795e06cc10508
60298199,1789133906,2026-09-11T13:38:26Z,1789133894,12,0xeff19b88e3c72f046e4a19a1e62544d5869d4275,0x1dd2dea254a9b9244d2de4139042c65ab9ecdaae,0x42a3dbda82b011c1fc78ce50e710228713ff0c59866489b70a2dd0ca24358064
60298307,1789133917,2026-09-11T13:38:37Z,1789133905,12,0x59ab60b1d63de8b282852573d18a3a99c04c787c,0x83b351d4ed8de251ccf65fd44b42d27c41b5d8a6,0x145bfa4ccfd03ab1fe97ad480212d493b6dccde99d4a77897329b3dcbb400745
60298409,1789133928,2026-09-11T13:38:48Z,1789133915,13,0xd6ed4e7d4aba1111eb42a349899b5c72ee1c9fef,0x4af41cd301e74b05410df9f6b5fc3d99ddce7cd5,0x08609dc0f0ab2f522b3476d3247331de7d2448a622abbb6b6e90b76980367cbe
60298416,1789133928,2026-09-11T13:38:48Z,1789133916,12,0xd9c04b7353421fc4deb1614ed13fe10d90e586cc,0x83b351d4ed8de251ccf65fd44b42d27c41b5d8a6,0xe96e0a0a31ef6750c353362f0930edbd75823e563261ef3ab07bd05834cecbd6
60298469,1789133934,2026-09-11T13:38:54Z,1789133921,13,0xe50c4775fefc1e3c9206771dd0056aee30f51b2f,0x74d14b5e642ea3331c88bcc72649997f447a7a5f,0xdbcec9f5905395dbd3d0e9b6a1cc0b386b68682d27cda3c0d8637a00ed1c9ef1
60298492,1789133936,2026-09-11T13:38:56Z,1789133924,12,0xeff19b88e3c72f046e4a19a1e62544d5869d4275,0x67a2da43031e8876acc515a21cb0d95648efd807,0x50553e8bc0c0759cbf1d1e3f49f57d916a2b9ddc434034bace7d12cf5a384c3f
60298555,1789133943,2026-09-11T13:39:03Z,1789133930,13,0xf795030a46ad6ca4b07bf5fb704dc36039118c9f,0x74d14b5e642ea3331c88bcc72649997f447a7a5f,0xcebbfee5994dd60ed96dd15962c87cc816145b8b942145f20cd9f79634af0e71
60298585,1789133946,2026-09-11T13:39:06Z,1789133933,13,0x95fb52f75aecbca8e12aa4403f840c8bc18cfbd4,0x4fea9e9741b57bbaad4cf0e60e99a983bb908b3b,0xde56326c6e37656ee96c53a9a1fe580ea130c34b3ed3912313a83c33fb9d7631
60298740,1789133961,2026-09-11T13:39:21Z,1789133949,12,0xdad54b8ee51af258e5a6faa9a84a3300f4775f7d,0x74d14b5e642ea3331c88bcc72649997f447a7a5f,0xdf5add51d8542bc5b683f2a959857fa3c3a2187cb872176eea68b60e59ebea51
60298872,1789133975,2026-09-11T13:39:35Z,1789133963,12,0x4a9abc759e0b7b0ba98b5fd39c419a5d3e962aaf,0x74d14b5e642ea3331c88bcc72649997f447a7a5f,0xa262d769f88841cde8df2d0c609e29e37df8063f7f6ee6641cdb543d8159743d
60298937,1789133981,2026-09-11T13:39:41Z,1789133969,12,0x7a6b81ba7fbcb90104d8c496158cf383cd7233b1,0x1dd2dea254a9b9244d2de4139042c65ab9ecdaae,0x251e73caa15780022e687cd125d2ae8cb057ad92fa89607ac9ad09cfed2e1f25
60299031,1789133991,2026-09-11T13:39:51Z,1789133979,12,0xbb11a21267cfdb63d4935d99a499133dd1744acb,0x1dd2dea254a9b9244d2de4139042c65ab9ecdaae,0xf9e54632a29d382bd09f7051cab28ead7c8193dc579f1e90ce6f5d67b3c23567
60299059,1789133994,2026-09-11T13:39:54Z,1789133981,13,0xe50c4775fefc1e3c9206771dd0056aee30f51b2f,0x83b351d4ed8de251ccf65fd44b42d27c41b5d8a6,0x8f537a3f5123247b829714855d63edafa699d1895bbd099534906da2aa48f4c2
60299166,1789134005,2026-09-11T13:40:05Z,1789133993,12,0x4a9abc759e0b7b0ba98b5fd39c419a5d3e962aaf,0x5d4faed290f0422c7b33586aa772d81785a01d7c,0x6e2acbb6273b2d6a54fff42102e873dc490a245addf456ef4c5a963d04baa7cb
60299173,1789134006,2026-09-11T13:40:06Z,1789133993,13,0x95fb52f75aecbca8e12aa4403f840c8bc18cfbd4,0x1dd2dea254a9b9244d2de4139042c65ab9ecdaae,0x7451acb8e83d78818ccbe83a1d9a8bbb9d107e7fc47b83cbbd81139866cbd151
60299348,1789134023,2026-09-11T13:40:23Z,1789134011,12,0x30398b0b0df82a009bb2d507bc7fe1dc6d3ca294,0xa211fbdde369d28efb235bcd3a77f3a77790ba94,0x80c83ce36842a299d015a1d5d0ecf5b8ad5f463b8104b853e6afb3b5d19878ed
60299375,1789134026,2026-09-11T13:40:26Z,1789134014,12,0xeff19b88e3c72f046e4a19a1e62544d5869d4275,0x2df4c8f0095d7323a1521ce82fbf21629fdba7df,0x0128422b1adcb8b82f21b17be1d5de73fa87eb929e5654ab7b9e821ebf881078
60299376,1789134026,2026-09-11T13:40:26Z,1789134014,12,0x2b3a9a18998e9464760658233ab093e6aebf45d0,0x74d14b5e642ea3331c88bcc72649997f447a7a5f,0x302f99e5c3074b324a2e7de61c58bd0054b17189a1b65e8b416456eebaf70590
60299485,1789134038,2026-09-11T13:40:38Z,1789134024,14,0x315afd0f71d5407b99ad19ab001a67af40fbaaf4,0x1dd2dea254a9b9244d2de4139042c65ab9ecdaae,0xf08ce4f144195cd51f72e65100ec1196de814ddf399099b12db72b58d60ca158
60299512,1789134040,2026-09-11T13:40:40Z,1789134028,12,0x7b2fdfcea772f093dd33b3acf8ee294b368f6c23,0xbe328e128835dae56a42f1e67de4a0daeec61a5f,0xeb8e4f39546294e1da87fed5ce204cf3789559e2528813ac9bffbd230f26e890
60299582,1789134048,2026-09-11T13:40:48Z,1789134035,13,0x55bd01f666c99e4590e084fdeff88041bb50ccd1,0x5d4faed290f0422c7b33586aa772d81785a01d7c,0xb835d173a67746a26b638ef1e2c18def5c4d168352d9acac51e960c63361b43e
60299584,1789134048,2026-09-11T13:40:48Z,1789134035,13,0xa088fad0a0a62693af068e2edb80b1578c8a9365,0x5d4faed290f0422c7b33586aa772d81785a01d7c,0xaec41178207a73f49d2b774d8645ab3032ff96dca41de41d9b2504b40d539241
60299695,1789134059,2026-09-11T13:40:59Z,1789134046,13,0x6091e64eb7138eef066a80fd3a0d7427b91f2721,0x83b351d4ed8de251ccf65fd44b42d27c41b5d8a6,0x28ce6582742c6131319ce6a0a7f6d0a2a85d0ae85496b2f0f2cfbe11b07cb9d2
60299755,1789134065,2026-09-11T13:41:05Z,1789134053,12,0x4a9abc759e0b7b0ba98b5fd39c419a5d3e962aaf,0x1dd2dea254a9b9244d2de4139042c65ab9ecdaae,0x104f0df434c246e4f9e7ab44eccb46e597389c2642797c3df91dffaf7acb4fa8
60299817,1789134071,2026-09-11T13:41:11Z,1789134059,12,0x2b65a9e1ff6b36a76e50a383a2d2702cd9e78047,0x4fea9e9741b57bbaad4cf0e60e99a983bb908b3b,0xda125390b1af733b46d798acd8d153f18c9141382e3f97dc972f0c6ae615d2d0
60299913,1789134081,2026-09-11T13:41:21Z,1789134069,12,0xdad54b8ee51af258e5a6faa9a84a3300f4775f7d,0x4af41cd301e74b05410df9f6b5fc3d99ddce7cd5,0xaa914807a2d499250ce818cae577dfd983706c752ca00335e5264a37fc7cc451
60299931,1789134083,2026-09-11T13:41:23Z,1789134071,12,0x94201f15c0b7701d3f93f3c780042e6a76214104,0x2df4c8f0095d7323a1521ce82fbf21629fdba7df,0x21f7471aff7910918d7ace427ffd3afadbc51773a9129297b3a9dda245a42ab9
60300040,1789134095,2026-09-11T13:41:35Z,1789134082,13,0x815d23392a48bee944c872cbbb4bc47691ef710f,0xa211fbdde369d28efb235bcd3a77f3a77790ba94,0xd2f1bbddf5cbede0fce6b44f3d4d9bbfa7194fbf291b7944e3ae9fe021bc6a2c
60300116,1789134104,2026-09-11T13:41:44Z,1789134091,13,0x901d8df245e48dfc82d6483fc45b5be6ddc5281a,0x2df4c8f0095d7323a1521ce82fbf21629fdba7df,0x852be600423a3c2847439834737e96a566475b1e115207a62eee1792b983b563
60300148,1789134107,2026-09-11T13:41:47Z,1789134095,12,0xd6ed4e7d4aba1111eb42a349899b5c72ee1c9fef,0x67a2da43031e8876acc515a21cb0d95648efd807,0x11861a72da1919c2e595c0597838dc018914569ca4eeaf684dc1f668c050334f
60300154,1789134108,2026-09-11T13:41:48Z,1789134095,13,0xa088fad0a0a62693af068e2edb80b1578c8a9365,0x83b351d4ed8de251ccf65fd44b42d27c41b5d8a6,0x4a7afcaba72b290c24aca56341bfc1cf1ce53505bdc87ef5ee295400cb99d111
60300232,1789134116,2026-09-11T13:41:56Z,1789134104,12,0xeff19b88e3c72f046e4a19a1e62544d5869d4275,0x2df4c8f0095d7323a1521ce82fbf21629fdba7df,0x792e667d283272bd1a98d26c30b2ff79108870833d48aafa3c1bbd46a6e6d2a1
60300326,1789134126,2026-09-11T13:42:06Z,1789134113,13,0x95fb52f75aecbca8e12aa4403f840c8bc18cfbd4,0xbe328e128835dae56a42f1e67de4a0daeec61a5f,0xf02290394b03763e6a2e3102b1873258b3b70483aba98a1f1857e2b9b97ca821
60300342,1789134127,2026-09-11T13:42:07Z,1789134115,12,0x59ab60b1d63de8b282852573d18a3a99c04c787c,0x1dd2dea254a9b9244d2de4139042c65ab9ecdaae,0x2aef41382d9ebc2e43d85e382344902623ad9c39a6f93b3a52c3214a97698a1b
60300418,1789134135,2026-09-11T13:42:15Z,1789134123,12,0x11ed6d598ef565dda86fafe7e779303e7cc6b2bd,0x4af41cd301e74b05410df9f6b5fc3d99ddce7cd5,0xa53efb14036a2dd399ebe6c132adb0836b72698a896720d04c506e7675fed970
60300439,1789134137,2026-09-11T13:42:17Z,1789134125,12,0x55bd01f666c99e4590e084fdeff88041bb50ccd1,0xbe328e128835dae56a42f1e67de4a0daeec61a5f,0xd9849ffafcbefa205f82da1b3a9fdf3073f694fb889deffe5fd9ec53fc11d2b3
60300606,1789134155,2026-09-11T13:42:35Z,1789134142,13,0x815d23392a48bee944c872cbbb4bc47691ef710f,0x2df4c8f0095d7323a1521ce82fbf21629fdba7df,0x9ccc762f3b60763b38209dc541995f8fa7c245619da5119e09fd35d1c4a3efaf
60300644,1789134159,2026-09-11T13:42:39Z,1789134146,13,0x3d2a8e2937f306d11829d95059deda9a290c74da,0x2df4c8f0095d7323a1521ce82fbf21629fdba7df,0xe8609856e2054be008b3e3567866cbad0120b052cc7cd38c5191444b7ca434cf
60300670,1789134161,2026-09-11T13:42:41Z,1789134149,12,0x7a6b81ba7fbcb90104d8c496158cf383cd7233b1,0xa211fbdde369d28efb235bcd3a77f3a77790ba94,0x5bbf214ee1c7d491dfd1baccb9fa08d7d7b47c6e9ed12f00195a935404c09751
60300900,1789134185,2026-09-11T13:43:05Z,1789134173,12,0x4a9abc759e0b7b0ba98b5fd39c419a5d3e962aaf,0x1dd2dea254a9b9244d2de4139042c65ab9ecdaae,0x985b324768d7f5272ea7ee36de3ff3d1b61f0fbe8cdd859acdc4a04edf827f5e
60301026,1789134194,2026-09-11T13:43:14Z,1789134182,12,0xd6fe4540bdf692cbe147fe19f75f9fd542d733bd,0x2df4c8f0095d7323a1521ce82fbf21629fdba7df,0x3512c85ac454f0c46d1da47bcdfd8cf7723672a15ca5c97af6ded3266338fab6
60301159,1789134208,2026-09-11T13:43:28Z,1789134196,12,0x886e11c1053289eed882c734e1864efe3430bc24,0x67a2da43031e8876acc515a21cb0d95648efd807,0x26865ddacdcdd693e3d82c9230905d365b7f9c6084dc9d07160399473c940ca4
60301279,1789134220,2026-09-11T13:43:40Z,1789134208,12,0x7b2fdfcea772f093dd33b3acf8ee294b368f6c23,0x4fea9e9741b57bbaad4cf0e60e99a983bb908b3b,0x368dad85e1ac1870b8ff38c91d8706ece2cd557e2bb8a2238a2055ecf2e996cd
60301329,1789134226,2026-09-11T13:43:46Z,1789134213,13,0xc190b6164b9e320a6400cdab0085a2e0e2b9738e,0x74d14b5e642ea3331c88bcc72649997f447a7a5f,0x1ace3fb7198036e2be6a6f8555e3c137e50c03abe6b646fbbf7e483a8fb0a10e
60301352,1789134228,2026-09-11T13:43:48Z,1789134215,13,0x55bd01f666c99e4590e084fdeff88041bb50ccd1,0xa211fbdde369d28efb235bcd3a77f3a77790ba94,0x7c0b88c1f97cb3fef5d3d33f1c8cdbbc5e1df923edb9ee025b6af4b8cc05cc0f
60301407,1789134234,2026-09-11T13:43:54Z,1789134161,73,0xe50c4775fefc1e3c9206771dd0056aee30f51b2f,0x67a2da43031e8876acc515a21cb0d95648efd807,0xa0a4db59aff6b1b4fb3514a996361bea27d70f6ff860239d823623d95ba967e3
60301579,1789134252,2026-09-11T13:44:12Z,1789134239,13,0x2b65a9e1ff6b36a76e50a383a2d2702cd9e78047,0x74d14b5e642ea3331c88bcc72649997f447a7a5f,0xd9c758cc5bfe51f81e5498f65168c864b61fc2ef93011ac53d21093f7f68e459
60301588,1789134252,2026-09-11T13:44:12Z,1789134240,12,0x42b1c5174ce84be751a23489d7dbdc969bc17ea2,0xbe328e128835dae56a42f1e67de4a0daeec61a5f,0x335b8d717cbd9aa4f76b63a514fde67d91991d7b82a3980ac2af91c0c80f0548
60301699,1789134264,2026-09-11T13:44:24Z,1789134251,13,0xe50c4775fefc1e3c9206771dd0056aee30f51b2f,0x4fea9e9741b57bbaad4cf0e60e99a983bb908b3b,0x52a5ca67a54416b328f36a58029f36660cf42a30232a51f76c9ba50fd727906b
60301721,1789134266,2026-09-11T13:44:26Z,1789134254,12,0xeff19b88e3c72f046e4a19a1e62544d5869d4275,0x67a2da43031e8876acc515a21cb0d95648efd807,0xfde6ebf56d0ba65f1f88298c911edb9dc392df0dc5355a3e985559ef57293fd7
60301932,1789134288,2026-09-11T13:44:48Z,1789134275,13,0x55bd01f666c99e4590e084fdeff88041bb50ccd1,0x2df4c8f0095d7323a1521ce82fbf21629fdba7df,0xc511d4143e4002cac33092126432ca0d1cc0f8cfb022eb657302a65a27e34661
60302234,1789134319,2026-09-11T13:45:19Z,1789134306,13,0xd9c04b7353421fc4deb1614ed13fe10d90e586cc,0x83b351d4ed8de251ccf65fd44b42d27c41b5d8a6,0x3ff6e4cea74968531a5d44849bc0527bb1fc7f3ef38638bc88e20dd3090959ff
60302277,1789134323,2026-09-11T13:45:23Z,1789134311,12,0x30398b0b0df82a009bb2d507bc7fe1dc6d3ca294,0x2df4c8f0095d7323a1521ce82fbf21629fdba7df,0x0182e6943d3d5acaf56081e8c3475d03af783bbf14f92092d6405963aef29e2e
60302279,1789134324,2026-09-11T13:45:24Z,1789134311,13,0x94201f15c0b7701d3f93f3c780042e6a76214104,0x4af41cd301e74b05410df9f6b5fc3d99ddce7cd5,0x744d1033baefcc63b7001281d9e2f26ad3bbe6bf9129dc513ba1791d506b63ff
60302397,1789134336,2026-09-11T13:45:36Z,1789134323,13,0x95fb52f75aecbca8e12aa4403f840c8bc18cfbd4,0x4fea9e9741b57bbaad4cf0e60e99a983bb908b3b,0x749bd9450ee3f40d509a5277e8c9cd8641a8ac6eb39ff673f8041254ccc94238
60302448,1789134341,2026-09-11T13:45:41Z,1789134329,12,0x7a6b81ba7fbcb90104d8c496158cf383cd7233b1,0x4fea9e9741b57bbaad4cf0e60e99a983bb908b3b,0x519649d1bfc8bfca4f5d32fb6ae17f32423236ae9fb33d5fa1e410b9043fc3ea
60302571,1789134354,2026-09-11T13:45:54Z,1789134341,13,0xe50c4775fefc1e3c9206771dd0056aee30f51b2f,0x4fea9e9741b57bbaad4cf0e60e99a983bb908b3b,0xe1c2f7e65ec83e3e0acb32be896bbc1b9c80181344488f57f510736f410af470
60302622,1789134359,2026-09-11T13:45:59Z,1789134346,13,0x6091e64eb7138eef066a80fd3a0d7427b91f2721,0x1dd2dea254a9b9244d2de4139042c65ab9ecdaae,0x293eb5573834bf16c30b57edc89ec1a0a5f6f8409ba81325d854b5591c9f718b
60302731,1789134370,2026-09-11T13:46:10Z,1789134358,12,0x7b2fdfcea772f093dd33b3acf8ee294b368f6c23,0x4af41cd301e74b05410df9f6b5fc3d99ddce7cd5,0xc8da1f00149c305eb9d33afb8330e96afbdeceb200a2bd07faabc6075622df14
60302750,1789134372,2026-09-11T13:46:12Z,1789134360,12,0x42b1c5174ce84be751a23489d7dbdc969bc17ea2,0x5d4faed290f0422c7b33586aa772d81785a01d7c,0x0eaba1a17b4ec06150db56e9951848e2ed9520e89b532243078cb9119d536774
60302799,1789134377,2026-09-11T13:46:17Z,1789134365,12,0xd6ed4e7d4aba1111eb42a349899b5c72ee1c9fef,0x67a2da43031e8876acc515a21cb0d95648efd807,0x54bed8464d8940f5c7c819aca5b589f6c8217e2b595b839e35a3fc2be1cef059
60302905,1789134388,2026-09-11T13:46:28Z,1789134376,12,0x886e11c1053289eed882c734e1864efe3430bc24,0x4fea9e9741b57bbaad4cf0e60e99a983bb908b3b,0x0cda064c9d3b24e5847cb8c6588bc18d56ebb862491003e346444b7ff845ce59
60302977,1789134396,2026-09-11T13:46:36Z,1789134383,13,0x95fb52f75aecbca8e12aa4403f840c8bc18cfbd4,0x74d14b5e642ea3331c88bcc72649997f447a7a5f,0x13fa775a3de5037ad7990ed43c68f767c2f516ea4f9d7405e67a8a655f7148fb
60303091,1789134407,2026-09-11T13:46:47Z,1789134395,12,0xff5f85e4888782e66f1dd9cabadf4822fbeb1439,0x67a2da43031e8876acc515a21cb0d95648efd807,0xcb8da083fd0561f7b3d2a973b788f7c49c14499767c8a6f8cae6f72285583d9c
60303122,1789134411,2026-09-11T13:46:51Z,1789134398,13,0x983f726bf320cdc1fdae041dba782cd08a55842f,0x83b351d4ed8de251ccf65fd44b42d27c41b5d8a6,0x46e140e781464db0e386a2a4fb4418aac580991412812110825d7a79762216bd
60303129,1789134411,2026-09-11T13:46:51Z,1789134399,12,0xdad54b8ee51af258e5a6faa9a84a3300f4775f7d,0x1dd2dea254a9b9244d2de4139042c65ab9ecdaae,0xe41b3d56b4bc0643d7cdc293665a71ac94f877e3cafedbd86f1eb17a95642d13
60303239,1789134423,2026-09-11T13:47:03Z,1789134410,13,0xf795030a46ad6ca4b07bf5fb704dc36039118c9f,0xbe328e128835dae56a42f1e67de4a0daeec61a5f,0xc759a32c132d22101944fc706555944da4161f9bc39563c15d3e495f93c53088
60303416,1789134441,2026-09-11T13:47:21Z,1789134429,12,0xbb11a21267cfdb63d4935d99a499133dd1744acb,0x4fea9e9741b57bbaad4cf0e60e99a983bb908b3b,0x0300e96336de0bad9fa2c453c1ace04638eb2e97b45e3db5bf54ab1b3c49ca91
60303554,1789134455,2026-09-11T13:47:35Z,1789134443,12,0x4a9abc759e0b7b0ba98b5fd39c419a5d3e962aaf,0xbe328e128835dae56a42f1e67de4a0daeec61a5f,0xacc7dc9b27ff844d3df424c5677ea1d5557a3b7d1c3fce0ee4515abd9410aafd
60303643,1789134464,2026-09-11T13:47:44Z,1789134452,12,0x901d8df245e48dfc82d6483fc45b5be6ddc5281a,0x4af41cd301e74b05410df9f6b5fc3d99ddce7cd5,0x64f5dbdc2932fa6d122da7cdf180d97482f78f81fe320a38acdd5c10a88b797a
60303758,1789134476,2026-09-11T13:47:56Z,1789134464,12,0xeff19b88e3c72f046e4a19a1e62544d5869d4275,0x1dd2dea254a9b9244d2de4139042c65ab9ecdaae,0x0a6153d7603274942b8718564ec0e736276a5b2d7bd0d2f508b012ccf768f668
60303777,1789134478,2026-09-11T13:47:58Z,1789134466,12,0x886e11c1053289eed882c734e1864efe3430bc24,0xa211fbdde369d28efb235bcd3a77f3a77790ba94,0x70970c6e49d377bb7378f10044762a69db653d6bab41b062da2b654712ea3d99
60303878,1789134489,2026-09-11T13:48:09Z,1789134476,13,0xfaa5fda549575e3b602ad70e4bd8020a28387f96,0x2df4c8f0095d7323a1521ce82fbf21629fdba7df,0xf279eda66ca132ea8caca0e06491aef8dc66d4dec20cb40916f8d334e7a7ea54
60303884,1789134489,2026-09-11T13:48:09Z,1789134477,12,0xc5845f87ad59a7a3d4bf9b90a0c19dba38475eec,0x67a2da43031e8876acc515a21cb0d95648efd807,0x37c30e64e69ae1cfeab787c45b9f619d3aa2722c35247f72c14a528dcd3fb5dd
60304131,1789134515,2026-09-11T13:48:35Z,1789134502,13,0x815d23392a48bee944c872cbbb4bc47691ef710f,0x1dd2dea254a9b9244d2de4139042c65ab9ecdaae,0x91f0b68ca78480f07b9f93dd8f6f468aaeda147cfcd531fb660947a249ba36cd
60304153,1789134517,2026-09-11T13:48:37Z,1789134505,12,0x59ab60b1d63de8b282852573d18a3a99c04c787c,0x74d14b5e642ea3331c88bcc72649997f447a7a5f,0xbcdea5760b566725fb37e143612e6dd977a2d645525a75e67b661214acd7207f
60304195,1789134522,2026-09-11T13:48:42Z,1789134509,13,0x2b65a9e1ff6b36a76e50a383a2d2702cd9e78047,0x4fea9e9741b57bbaad4cf0e60e99a983bb908b3b,0x1aab61aacda36169493215d5840f901d123370b3cea35c5235e052040d72fffe
60304205,1789134523,2026-09-11T13:48:43Z,1789134510,13,0x145db0a26222934d32a0bd539863158afb5ee30b,0x2df4c8f0095d7323a1521ce82fbf21629fdba7df,0xc4146dcf07495527378fb338b80015fe21ac82cdf6ebd6adf5976f5ab7f1c5e2
60304221,1789134524,2026-09-11T13:48:44Z,1789134512,12,0x901d8df245e48dfc82d6483fc45b5be6ddc5281a,0xa211fbdde369d28efb235bcd3a77f3a77790ba94,0xf7f97561aa3004fb3d2bd41697c515ae4fcc3cd7c2e4cbd7c4c4268ef477d0c7
60304309,1789134533,2026-09-11T13:48:53Z,1789134521,12,0x94201f15c0b7701d3f93f3c780042e6a76214104,0x2df4c8f0095d7323a1521ce82fbf21629fdba7df,0x472312d5d6260770894040cad1e307b895a93a7b8b9a979a7fc1ec6db2865ab5
60304366,1789134539,2026-09-11T13:48:59Z,1789134526,13,0x6091e64eb7138eef066a80fd3a0d7427b91f2721,0x4af41cd301e74b05410df9f6b5fc3d99ddce7cd5,0xa0a415a20c62ff399b4b040c1d3d553f932dc15f9bc6d94623a2497d323b8ec4
60304442,1789134547,2026-09-11T13:49:07Z,1789134535,12,0x315afd0f71d5407b99ad19ab001a67af40fbaaf4,0x83b351d4ed8de251ccf65fd44b42d27c41b5d8a6,0xa3096e10f7581c32c5bcdb92c8eefe108800f17a21cd2f5ebf6dec81efe8bfb9
60304462,1789134549,2026-09-11T13:49:09Z,1789134537,12,0x3d2a8e2937f306d11829d95059deda9a290c74da,0xbe328e128835dae56a42f1e67de4a0daeec61a5f,0x8ac4bdc9f421c40ced7dc3d90db83c5ea44b66e4119a8c8095304f1cccaa3874
60304522,1789134555,2026-09-11T13:49:15Z,1789134543,12,0xc190b6164b9e320a6400cdab0085a2e0e2b9738e,0xbe328e128835dae56a42f1e67de4a0daeec61a5f,0xb4e65b7cc8a9b916aaad3f253d4e676b05c1b26b9c042b18f9f0dfda7efcf0de
60304546,1789134558,2026-09-11T13:49:18Z,1789134545,13,0x55bd01f666c99e4590e084fdeff88041bb50ccd1,0x67a2da43031e8876acc515a21cb0d95648efd807,0x75c488194769eaeabe79b8a1048b976a06420682d0f0ca678c06ecbf4bf7b551
60304599,1789134563,2026-09-11T13:49:23Z,1789134551,12,0x30398b0b0df82a009bb2d507bc7fe1dc6d3ca294,0xbe328e128835dae56a42f1e67de4a0daeec61a5f,0xf9f3400a8e36ec98667003a9233f0702d26c4f3fc1dc4146647bb52d2a611553
60304651,1789134569,2026-09-11T13:49:29Z,1789134556,13,0x6091e64eb7138eef066a80fd3a0d7427b91f2721,0x67a2da43031e8876acc515a21cb0d95648efd807,0x8e6947d8fd46cc657ed51cde01a71c41d4aa2ca16c0e040bce99fcee23ab89f0
60304713,1789134575,2026-09-11T13:49:35Z,1789134563,12,0x4a9abc759e0b7b0ba98b5fd39c419a5d3e962aaf,0x4fea9e9741b57bbaad4cf0e60e99a983bb908b3b,0xb5ddc5d9d37db9d064b20b9c9294680a6f9b869a83e8d6565398bb0f1f46411e
60304817,1789134582,2026-09-11T13:49:42Z,1789134569,13,0x2b65a9e1ff6b36a76e50a383a2d2702cd9e78047,0x2df4c8f0095d7323a1521ce82fbf21629fdba7df,0xb5eb416014d6299944c64e923cd4d0413032388c24e7781e49c48bea8d14922d
60304844,1789134584,2026-09-11T13:49:44Z,1789134572,12,0xd6fe4540bdf692cbe147fe19f75f9fd542d733bd,0x4af41cd301e74b05410df9f6b5fc3d99ddce7cd5,0xb999fa6696fa8cee0dcca4502be4f9788a80ae0e6ef346149a7205eafb81be4e
60304877,1789134588,2026-09-11T13:49:48Z,1789134575,13,0xa088fad0a0a62693af068e2edb80b1578c8a9365,0x4fea9e9741b57bbaad4cf0e60e99a983bb908b3b,0xe661a0965104c10e222241dc474618e3deb2d02d56702fc71b2c4763250a3ef3
60304905,1789134591,2026-09-11T13:49:51Z,1789134578,13,0x983f726bf320cdc1fdae041dba782cd08a55842f,0x74d14b5e642ea3331c88bcc72649997f447a7a5f,0x8c914ee9a27f7967d13513cbd85acb0dbb230eed0f2eb0f48550f02e91e3945f
60304932,1789134594,2026-09-11T13:49:54Z,1789134581,13,0x94201f15c0b7701d3f93f3c780042e6a76214104,0x83b351d4ed8de251ccf65fd44b42d27c41b5d8a6,0x4bb6ea9b105914b7756649e21d97ac66382f55132b92a12656fe5ab3a8cc6729
60304989,1789134599,2026-09-11T13:49:59Z,1789134587,12,0x76ba75c6c362900b275d9d4d5c422f0275e85578,0x4fea9e9741b57bbaad4cf0e60e99a983bb908b3b,0x3118d738cd273ce8814863a6853d91431ef4d364b1bd8ea089ec87459b0a1739
60305035,1789134605,2026-09-11T13:50:05Z,1789134592,13,0x815d23392a48bee944c872cbbb4bc47691ef710f,0x74d14b5e642ea3331c88bcc72649997f447a7a5f,0xed8762f37741f82472732105fb8e3869387ad433aadb349812e6d2ab05fd07f1
60305078,1789134609,2026-09-11T13:50:09Z,1789134597,12,0x3d2a8e2937f306d11829d95059deda9a290c74da,0xa211fbdde369d28efb235bcd3a77f3a77790ba94,0x7cc43295fd6fa822e19475ce85bcaa9d5ab44357d55457db7b987fe9ce4e3e5e
60305084,1789134610,2026-09-11T13:50:10Z,1789134597,13,0xc5845f87ad59a7a3d4bf9b90a0c19dba38475eec,0xbe328e128835dae56a42f1e67de4a0daeec61a5f,0x63b388e86af357e2cd359ba7705c81ea544f9f3cf97639dcbf7be9ffa5e157f6
60305112,1789134613,2026-09-11T13:50:13Z,1789134600,13,0x145db0a26222934d32a0bd539863158afb5ee30b,0x67a2da43031e8876acc515a21cb0d95648efd807,0xdb76710749c309cd53e58fe5524ec7ad6ea273d8de2c88aed3d3b24029fa64c6
60305128,1789134614,2026-09-11T13:50:14Z,1789134602,12,0x901d8df245e48dfc82d6483fc45b5be6ddc5281a,0x1dd2dea254a9b9244d2de4139042c65ab9ecdaae,0x46e1fb488c153e5cbd77e579081cf983668931332db1396d7bfd114c28ec9087
60305216,1789134623,2026-09-11T13:50:23Z,1789134611,12,0x94201f15c0b7701d3f93f3c780042e6a76214104,0x2df4c8f0095d7323a1521ce82fbf21629fdba7df,0xcce7637df2a876b0b31743fae3d2bf66eef214cc08d4f1ca23f396c470b6c6f4
60305221,1789134624,2026-09-11T13:50:24Z,1789134611,13,0x30398b0b0df82a009bb2d507bc7fe1dc6d3ca294,0x4af41cd301e74b05410df9f6b5fc3d99ddce7cd5,0xc19edf5683c9ecbbbce692040d1412c2587f8480672ca1037c71d7e71e40aa1a
60305273,1789134629,2026-09-11T13:50:29Z,1789134616,13,0x6091e64eb7138eef066a80fd3a0d7427b91f2721,0x83b351d4ed8de251ccf65fd44b42d27c41b5d8a6,0x1caf9b32f7ed3c0ca219cffcc1918737bed12304d883a462492e602ea51343a0
60305327,1789134635,2026-09-11T13:50:35Z,1789134622,13,0x815d23392a48bee944c872cbbb4bc47691ef710f,0x2df4c8f0095d7323a1521ce82fbf21629fdba7df,0xb436ed0998dad3afe14e96e0d8e363459a99e7d927e356ba873d55564590c14a
60305334,1789134635,2026-09-11T13:50:35Z,1789134623,12,0x4a9abc759e0b7b0ba98b5fd39c419a5d3e962aaf,0x74d14b5e642ea3331c88bcc72649997f447a7a5f,0xe37b7e01b8ea4d1922d28d9eb18d9e3a6949fe105b0f42c6f887102e30f222ea
60305368,1789134639,2026-09-11T13:50:39Z,1789134626,13,0xfaa5fda549575e3b602ad70e4bd8020a28387f96,0xa211fbdde369d28efb235bcd3a77f3a77790ba94,0x8b42bc7c891eeccf25aacc7a87a0b13c4c51a3488a61407f6f18845c277032e6
60305398,1789134642,2026-09-11T13:50:42Z,1789134629,13,0x2b65a9e1ff6b36a76e50a383a2d2702cd9e78047,0x4fea9e9741b57bbaad4cf0e60e99a983bb908b3b,0x2c5f725baf2ba0ca020d926820f449e3f45fbb0023d00c779e8c219087b4fcef
60305455,1789134648,2026-09-11T13:50:48Z,1789134635,13,0x55bd01f666c99e4590e084fdeff88041bb50ccd1,0x74d14b5e642ea3331c88bcc72649997f447a7a5f,0x4b83d6bdb13b4f237ec3faa3ea2c76ce15333a613eaf27d9c8683ff3f9975c9b
60305601,1789134663,2026-09-11T13:51:03Z,1789134650,13,0xf795030a46ad6ca4b07bf5fb704dc36039118c9f,0x1dd2dea254a9b9244d2de4139042c65ab9ecdaae,0x9afb785706dd790e368311b876e3c57b7db9e9082e21d532557d10fdbe9a4e79
60305625,1789134665,2026-09-11T13:51:05Z,1789134653,12,0x4a9abc759e0b7b0ba98b5fd39c419a5d3e962aaf,0x83b351d4ed8de251ccf65fd44b42d27c41b5d8a6,0x201e6bf4e031d07c4b281e5992530930b7ac15cd13864fbbb609d714e09ef760
60305647,1789134668,2026-09-11T13:51:08Z,1789134655,13,0x59ab60b1d63de8b282852573d18a3a99c04c787c,0x1dd2dea254a9b9244d2de4139042c65ab9ecdaae,0xe7f16ed08d2da5c2a57e038caa1afcd89df881cbc298357a8663f396c89d3e4a
60305675,1789134670,2026-09-11T13:51:10Z,1789134658,12,0x7b2fdfcea772f093dd33b3acf8ee294b368f6c23,0x2df4c8f0095d7323a1521ce82fbf21629fdba7df,0x832ed538a4f44c6a3e0cabbd7e50212668907f1e88516607e41cfe9d6db9fdbb
60305747,1789134678,2026-09-11T13:51:18Z,1789134665,13,0xa088fad0a0a62693af068e2edb80b1578c8a9365,0x2df4c8f0095d7323a1521ce82fbf21629fdba7df,0x0406fff6390a413b9675bf4d5ceb2202eb58bf4688b414a1fad31af8ae981e3e
60305756,1789134679,2026-09-11T13:51:19Z,1789134666,13,0xd9c04b7353421fc4deb1614ed13fe10d90e586cc,0x67a2da43031e8876acc515a21cb0d95648efd807,0x5c02db328a922cdab1edcd85774223efb99fc8d99fda2d42ab3400cd8736fa59
60305808,1789134684,2026-09-11T13:51:24Z,1789134671,13,0xe50c4775fefc1e3c9206771dd0056aee30f51b2f,0x1dd2dea254a9b9244d2de4139042c65ab9ecdaae,0xe6c02b12cec53fdf4e5e5a43eeeea56a248c20148181cf23200ab82a69a4bf8c
60305831,1789134686,2026-09-11T13:51:26Z,1789134674,12,0xeff19b88e3c72f046e4a19a1e62544d5869d4275,0xbe328e128835dae56a42f1e67de4a0daeec61a5f,0xff45f205a884b77becfb2a36ba8d49c5a4babf6159a446b8ddde3ec5ac199184
60306019,1789134706,2026-09-11T13:51:46Z,1789134693,13,0xc190b6164b9e320a6400cdab0085a2e0e2b9738e,0x67a2da43031e8876acc515a21cb0d95648efd807,0xcc818598570a79952ce4c002467389273365ca1f9b321e1c37a73c304f3f6337
60306389,1789134746,2026-09-11T13:52:26Z,1789134733,13,0x94201f15c0b7701d3f93f3c780042e6a76214104,0x1dd2dea254a9b9244d2de4139042c65ab9ecdaae,0xf0b68eb3adf521814b4f9d21fb3f544a42172c406651d4835f3cbbdf2e74a213
60306419,1789134749,2026-09-11T13:52:29Z,1789134736,13,0x6091e64eb7138eef066a80fd3a0d7427b91f2721,0x2df4c8f0095d7323a1521ce82fbf21629fdba7df,0x67e4d6252bac4c32bac81dedf4e9813f592852f92a14505088be869baeb61186
60306423,1789134749,2026-09-11T13:52:29Z,1789134737,12,0x76ba75c6c362900b275d9d4d5c422f0275e85578,0x67a2da43031e8876acc515a21cb0d95648efd807,0x3d00b773f080379dd0ebc7ddb572a0974537c10c277ff04aa438b5c6d6142e97
60306474,1789134755,2026-09-11T13:52:35Z,1789134742,13,0x815d23392a48bee944c872cbbb4bc47691ef710f,0x74d14b5e642ea3331c88bcc72649997f447a7a5f,0xb8df9c5cfa542239ebca09f4a8628ebb82a95ee0ea193154189599857e993e6d
60306478,1789134755,2026-09-11T13:52:35Z,1789134743,12,0x4a9abc759e0b7b0ba98b5fd39c419a5d3e962aaf,0x74d14b5e642ea3331c88bcc72649997f447a7a5f,0xa8361b7370eab45658dcd500d2fc76dcabc4dea7cbebe6de2ee9d43ea625a0c4
60306561,1789134764,2026-09-11T13:52:44Z,1789134752,12,0x2b65a9e1ff6b36a76e50a383a2d2702cd9e78047,0x74d14b5e642ea3331c88bcc72649997f447a7a5f,0xcbf51f2a2f6a48ef6f5a89b73841216742dd2f7c1dfb045032b2c5cf054ba83c
60306600,1789134768,2026-09-11T13:52:48Z,1789134755,13,0x55bd01f666c99e4590e084fdeff88041bb50ccd1,0x5d4faed290f0422c7b33586aa772d81785a01d7c,0x9a15ea02f357c0c2d8278dcea610988b0d57ae30a637703664d8da48d5e23d89
60306802,1789134789,2026-09-11T13:53:09Z,1789134777,12,0x3d2a8e2937f306d11829d95059deda9a290c74da,0x74d14b5e642ea3331c88bcc72649997f447a7a5f,0x57cd89f1c349866b586f906a23c93ddd0543e226af00e01745622f224f31ecd1
60306817,1789134790,2026-09-11T13:53:10Z,1789134778,12,0x7b2fdfcea772f093dd33b3acf8ee294b368f6c23,0xbe328e128835dae56a42f1e67de4a0daeec61a5f,0x4f68ffa4c6d3c8228669ff69597aa00f07d4a315b101ab2932095172074ddbb0
60306852,1789134794,2026-09-11T13:53:14Z,1789134782,12,0x901d8df245e48dfc82d6483fc45b5be6ddc5281a,0x74d14b5e642ea3331c88bcc72649997f447a7a5f,0xe0a45b4d4c08b4ef734c59745879eca6f02694827fb886e15487df8a9c57b9fc
60306876,1789134797,2026-09-11T13:53:17Z,1789134784,13,0xd6fe4540bdf692cbe147fe19f75f9fd542d733bd,0x5d4faed290f0422c7b33586aa772d81785a01d7c,0x21387df076b75c98f404e8fa02bb9de40c64603a455bd9739b5d5de2e2cee023
60306889,1789134798,2026-09-11T13:53:18Z,1789134786,12,0xa088fad0a0a62693af068e2edb80b1578c8a9365,0x1dd2dea254a9b9244d2de4139042c65ab9ecdaae,0x0787839bc5f18b4839e16734058d3246bd3012266c1e5d5bae00af0450c52228
60306943,1789134803,2026-09-11T13:53:23Z,1789134791,12,0x30398b0b0df82a009bb2d507bc7fe1dc6d3ca294,0x1dd2dea254a9b9244d2de4139042c65ab9ecdaae,0xc32284e0f98e1bc62831bd0f109c5ddae9536efe9a77c4d6c1d4785a1050f6f5
60307175,1789134828,2026-09-11T13:53:48Z,1789134815,13,0xd6ed4e7d4aba1111eb42a349899b5c72ee1c9fef,0x4af41cd301e74b05410df9f6b5fc3d99ddce7cd5,0x03888e3a4702d6c16a733d6413e31eaa3dcd7885785c47c666faf67d547299ee
60307223,1789134833,2026-09-11T13:53:53Z,1789134820,13,0x983f726bf320cdc1fdae041dba782cd08a55842f,0x67a2da43031e8876acc515a21cb0d95648efd807,0x0bec2bf337a46315ab0266eec382844b3533dcdd633d6cbf93ac1f769d1b12ed
60307354,1789134846,2026-09-11T13:54:06Z,1789134834,12,0xc9d16e4f2569b9e3ea0468fd85844953713dc2a2,0x4fea9e9741b57bbaad4cf0e60e99a983bb908b3b,0xf1de7fde73e689c8fc68dc27740dbef46449e087168faf67086b40360080625f
60307635,1789134875,2026-09-11T13:54:35Z,1789134862,13,0x815d23392a48bee944c872cbbb4bc47691ef710f,0x1dd2dea254a9b9244d2de4139042c65ab9ecdaae,0x3b853f838c13691d88213750982fd5fc1cfc075330b60ed724400fbc6c4f03a4
60307931,1789134905,2026-09-11T13:55:05Z,1789134893,12,0x4a9abc759e0b7b0ba98b5fd39c419a5d3e962aaf,0x74d14b5e642ea3331c88bcc72649997f447a7a5f,0xfec8c388e44bb53edbddf5a846e244ef58e83bf034c2beaee52d0b0729d7bed0
60308021,1789134914,2026-09-11T13:55:14Z,1789134902,12,0x901d8df245e48dfc82d6483fc45b5be6ddc5281a,0x4af41cd301e74b05410df9f6b5fc3d99ddce7cd5,0xf403382781b9fbdfd0bff7721668df751dead21cea937ab2000f4a538783dc82
60308066,1789134919,2026-09-11T13:55:19Z,1789134906,13,0xd9c04b7353421fc4deb1614ed13fe10d90e586cc,0xa211fbdde369d28efb235bcd3a77f3a77790ba94,0x8fe0f93f4384188bc1ee80c101d2621ea41e26664272cd9f3090c10ae982906f
60308295,1789134943,2026-09-11T13:55:43Z,1789134930,13,0x42b1c5174ce84be751a23489d7dbdc969bc17ea2,0xa211fbdde369d28efb235bcd3a77f3a77790ba94,0x7cb669a605d9291140b9e3b2649acba4a6f16678bf0b44a22adf76c4fbe77914
60308463,1789134956,2026-09-11T13:55:56Z,1789134944,12,0xeff19b88e3c72f046e4a19a1e62544d5869d4275,0xbe328e128835dae56a42f1e67de4a0daeec61a5f,0xeeb3f6bd708143259f171fad9ee8260195f7b01701e7cb9dec5577dc107ca8d2
60308482,1789134958,2026-09-11T13:55:58Z,1789134946,12,0x886e11c1053289eed882c734e1864efe3430bc24,0x4af41cd301e74b05410df9f6b5fc3d99ddce7cd5,0x688671c897f60ce44a7faa0ae653cc579de0dfda60f4be4efd28607ae19bb659
60308542,1789134965,2026-09-11T13:56:05Z,1789134952,13,0x815d23392a48bee944c872cbbb4bc47691ef710f,0x4af41cd301e74b05410df9f6b5fc3d99ddce7cd5,0x949df9a06fd3055d20a9ecf2fd08d76ee2da9b96a4996d4bf72c0c884983bb21
60308550,1789134966,2026-09-11T13:56:06Z,1789134953,13,0x4a9abc759e0b7b0ba98b5fd39c419a5d3e962aaf,0xa211fbdde369d28efb235bcd3a77f3a77790ba94,0x4ea07e3389e3e5a42673a62e2e3b5c8487ad30540f13156c6e8246b1ef4ec555
60308635,1789134974,2026-09-11T13:56:14Z,1789134962,12,0x901d8df245e48dfc82d6483fc45b5be6ddc5281a,0x2df4c8f0095d7323a1521ce82fbf21629fdba7df,0xc416d958dd8e744e95d915089ab3414c0a1aa1d0932330345c3d74a4a8a11c62
60308843,1789134995,2026-09-11T13:56:35Z,1789134983,12,0x4a9abc759e0b7b0ba98b5fd39c419a5d3e962aaf,0x74d14b5e642ea3331c88bcc72649997f447a7a5f,0x4b5e19546d8ba116f0b523852348289b761ecf98d365cce9dc93888b6fd822f8
60308966,1789135008,2026-09-11T13:56:48Z,1789134996,12,0x55bd01f666c99e4590e084fdeff88041bb50ccd1,0xa211fbdde369d28efb235bcd3a77f3a77790ba94,0x5a914142e9e34d0e80a8a14189e6c6a4a4775e487170a53366be6b4b2247c4cd
60308996,1789135011,2026-09-11T13:56:51Z,1789134999,12,0xdad54b8ee51af258e5a6faa9a84a3300f4775f7d,0xa211fbdde369d28efb235bcd3a77f3a77790ba94,0x303b17fec0d2de1db55996f0bc32ad77b90ad0a71d7519e937f448dcfda0f257
60309153,1789135027,2026-09-11T13:57:07Z,1789135015,12,0x315afd0f71d5407b99ad19ab001a67af40fbaaf4,0x4af41cd301e74b05410df9f6b5fc3d99ddce7cd5,0x1b8ca0328fb7e6e41c69a0a756e84e7e40bac31e433572165a22a58a466c8640
60309220,1789135034,2026-09-11T13:57:14Z,1789135022,12,0x901d8df245e48dfc82d6483fc45b5be6ddc5281a,0x5d4faed290f0422c7b33586aa772d81785a01d7c,0x1adbddc84cbd364d93d21d564e61289dc8a192efc769ca8226afb0bbd11eae89
60309334,1789135046,2026-09-11T13:57:26Z,1789135034,12,0xeff19b88e3c72f046e4a19a1e62544d5869d4275,0x67a2da43031e8876acc515a21cb0d95648efd807,0xbe22aa9cb83b99514860735bea9cb4bde51cd73daf73043fbb6f62f7831a76b2
60309443,1789135058,2026-09-11T13:57:38Z,1789135045,13,0x59ab60b1d63de8b282852573d18a3a99c04c787c,0x83b351d4ed8de251ccf65fd44b42d27c41b5d8a6,0x1dfcee536a28d83ff334d062a59f2f7353689a38c740661bf31c6a56f00c698f
60309600,1789135074,2026-09-11T13:57:54Z,1789135061,13,0x30398b0b0df82a009bb2d507bc7fe1dc6d3ca294,0x4af41cd301e74b05410df9f6b5fc3d99ddce7cd5,0xe47f8409f0ea955212646ce498653d8e299e8f087da1237f73ebc61fd485fa6e
60309999,1789135116,2026-09-11T13:58:36Z,1789135103,13,0x4a9abc759e0b7b0ba98b5fd39c419a5d3e962aaf,0x2df4c8f0095d7323a1521ce82fbf21629fdba7df,0x64e2caa1badd7ed9e2867121b89c2bcdabb6df65126ac665d06746cba2eaa889
60310034,1789135119,2026-09-11T13:58:39Z,1789135107,12,0x3d2a8e2937f306d11829d95059deda9a290c74da,0x4fea9e9741b57bbaad4cf0e60e99a983bb908b3b,0x33b04a23e7d9fb645b08518960d6055db9759ed4ddc115ccc1973d87a241b680
60310055,1789135121,2026-09-11T13:58:41Z,1789135109,12,0xfaa5fda549575e3b602ad70e4bd8020a28387f96,0x83b351d4ed8de251ccf65fd44b42d27c41b5d8a6,0x7a0d2afe6a7f31618e6b765686d6386a9ed3dfa3a550e95120184972c2703184
60310070,1789135123,2026-09-11T13:58:43Z,1789135110,13,0x145db0a26222934d32a0bd539863158afb5ee30b,0xa211fbdde369d28efb235bcd3a77f3a77790ba94,0x2161399ffc7adc439581fd387ba29bc2b63f14ff240f096e43a51e9a17c1a167
60310121,1789135128,2026-09-11T13:58:48Z,1789135116,12,0x55bd01f666c99e4590e084fdeff88041bb50ccd1,0xbe328e128835dae56a42f1e67de4a0daeec61a5f,0x376b1ee3b0a25806e9349492261dab1321fddd0bf07ff61d94df14ea346bb0e4
60310198,1789135136,2026-09-11T13:58:56Z,1789135123,13,0x94201f15c0b7701d3f93f3c780042e6a76214104,0x5d4faed290f0422c7b33586aa772d81785a01d7c,0x4369dbc7cfe7f814b54c289badb7516386d091f9fc5fec51d372ffe9e82f1968
60310225,1789135139,2026-09-11T13:58:59Z,1789135127,12,0x6091e64eb7138eef066a80fd3a0d7427b91f2721,0x5d4faed290f0422c7b33586aa772d81785a01d7c,0x21cee7759a31dd80ba19fdd0114c8bfa36952cdbebdc4681d14118f2acf0419a
60310333,1789135150,2026-09-11T13:59:10Z,1789135137,13,0xc5845f87ad59a7a3d4bf9b90a0c19dba38475eec,0x67a2da43031e8876acc515a21cb0d95648efd807,0x3eff00a7c9bb9903c350c578222dc171e01ca3001effe8cf9c37f2714ae8bcb8
60310338,1789135150,2026-09-11T13:59:10Z,1789135138,12,0x7b2fdfcea772f093dd33b3acf8ee294b368f6c23,0x5d4faed290f0422c7b33586aa772d81785a01d7c,0xe00b42ff4cba662c244982a00f2dee634cc38971655b282479fed1ea95744204
60310362,1789135153,2026-09-11T13:59:13Z,1789135140,13,0x42b1c5174ce84be751a23489d7dbdc969bc17ea2,0xa211fbdde369d28efb235bcd3a77f3a77790ba94,0x4409dc1a42d45c0357c9dd07b38c2a549f7ef2871206c41255b194ee36c25480
60310372,1789135154,2026-09-11T13:59:14Z,1789135142,12,0x2b65a9e1ff6b36a76e50a383a2d2702cd9e78047,0x67a2da43031e8876acc515a21cb0d95648efd807,0x2e34f92770ec47fac3cf982449be71125c912a4e7bba78ef02acc171d491544b
60310381,1789135155,2026-09-11T13:59:15Z,1789135142,13,0x901d8df245e48dfc82d6483fc45b5be6ddc5281a,0x4af41cd301e74b05410df9f6b5fc3d99ddce7cd5,0x99344180be583c0d5f089d28fa106e6c31dc111629af8a5ff2f4da0346b3975f
60310557,1789135174,2026-09-11T13:59:34Z,1789135157,17,0x6091e64eb7138eef066a80fd3a0d7427b91f2721,0xa211fbdde369d28efb235bcd3a77f3a77790ba94,0x8046ce7f75e5052701f854897c2aaf1bd06cebe06963722b4a5dc5ecad86fe1f
60310579,1789135177,2026-09-11T13:59:37Z,1789135162,15,0x815d23392a48bee944c872cbbb4bc47691ef710f,0x4af41cd301e74b05410df9f6b5fc3d99ddce7cd5,0x868b8b6383e210774532a07f95df3af2010a8d02a022410f23125d36b2cddcf9
60310627,1789135182,2026-09-11T13:59:42Z,1789135169,13,0x7a6b81ba7fbcb90104d8c496158cf383cd7233b1,0x67a2da43031e8876acc515a21cb0d95648efd807,0x12e834edf301900f74f4bb6563d62731d9198b693f01c11d324dc99ca847907a
60310674,1789135187,2026-09-11T13:59:47Z,1789135174,13,0xd6fe4540bdf692cbe147fe19f75f9fd542d733bd,0x83b351d4ed8de251ccf65fd44b42d27c41b5d8a6,0x4fbf5895c445ef917e99db86d5566ddbe8e3de2df70b1fe51680f3741969794d
60310685,1789135188,2026-09-11T13:59:48Z,1789135175,13,0xd6ed4e7d4aba1111eb42a349899b5c72ee1c9fef,0x83b351d4ed8de251ccf65fd44b42d27c41b5d8a6,0x140407bbd003c736e6706396f3ef79bcb522570218a00c9578c8b46276a127f9
60310689,1789135188,2026-09-11T13:59:48Z,1789135175,13,0xff5f85e4888782e66f1dd9cabadf4822fbeb1439,0x1dd2dea254a9b9244d2de4139042c65ab9ecdaae,0xfd39ef031ec2ffa4838773550afc75f7d7a19ca977e9b9150f2e4803b68be5a0
60310691,1789135188,2026-09-11T13:59:48Z,1789135176,12,0x55bd01f666c99e4590e084fdeff88041bb50ccd1,0x1dd2dea254a9b9244d2de4139042c65ab9ecdaae,0x60b8a6209ee902772f412a1ccc45b56f9252b42104cb9b541e1efa18b02840b7
60310726,1789135192,2026-09-11T13:59:52Z,1789135179,13,0xdad54b8ee51af258e5a6faa9a84a3300f4775f7d,0x5d4faed290f0422c7b33586aa772d81785a01d7c,0x17be0e9c623309f1de1a2d4937e9f6e699292583c7662bcd9d63ef9aa1dd9fbf
60310734,1789135193,2026-09-11T13:59:53Z,1789135181,12,0x983f726bf320cdc1fdae041dba782cd08a55842f,0x67a2da43031e8876acc515a21cb0d95648efd807,0x4481cfbfb419d742f8e3d0cbb1837927bda0de021522f377d1163d787ab44f51
60310743,1789135194,2026-09-11T13:59:54Z,1789135181,13,0x30398b0b0df82a009bb2d507bc7fe1dc6d3ca294,0x67a2da43031e8876acc515a21cb0d95648efd807,0x53ac10f7809e848f1f4f0ad15c8ec7552f47c96caa73dd6b911639d10cab63b6
60310763,1789135196,2026-09-11T13:59:56Z,1789135183,13,0x94201f15c0b7701d3f93f3c780042e6a76214104,0x83b351d4ed8de251ccf65fd44b42d27c41b5d8a6,0xc4b2135554685e6a0fa48e10566ba26cda185311f458caf4868103a164853140
60310789,1789135199,2026-09-11T13:59:59Z,1789135186,13,0x886e11c1053289eed882c734e1864efe3430bc24,0xa211fbdde369d28efb235bcd3a77f3a77790ba94,0x88b8c0c426d0f5732fc53ccc9b2bdf842d9c8f43ae3b8b3679db711248e32f73
60310798,1789135200,2026-09-11T14:00:00Z,1789135187,13,0x6091e64eb7138eef066a80fd3a0d7427b91f2721,0x4af41cd301e74b05410df9f6b5fc3d99ddce7cd5,0xdf360c893649bd43e72d277b56449074ba718fdc0169d69584134df15e8e019f
60310852,1789135205,2026-09-11T14:00:05Z,1789135193,12,0x4a9abc759e0b7b0ba98b5fd39c419a5d3e962aaf,0x2df4c8f0095d7323a1521ce82fbf21629fdba7df,0xb3eecffddc7fc7e16b77ccb01a1a7985dd45647137ba4f9f91838e1ba5519cd1
60310923,1789135213,2026-09-11T14:00:13Z,1789135200,13,0x42b1c5174ce84be751a23489d7dbdc969bc17ea2,0x1dd2dea254a9b9244d2de4139042c65ab9ecdaae,0x9f24a65bd6be752b61021f3049c88d9aa4d45266cf82767d65fa3a603216968b
60311160,1789135238,2026-09-11T14:00:38Z,1789135225,13,0x59ab60b1d63de8b282852573d18a3a99c04c787c,0x74d14b5e642ea3331c88bcc72649997f447a7a5f,0xc68c94502c09f7eaaa10366cdb42dfc44abbf55452fd07199d0f465744f41a7c
60311176,1789135239,2026-09-11T14:00:39Z,1789135227,12,0x3d2a8e2937f306d11829d95059deda9a290c74da,0x4fea9e9741b57bbaad4cf0e60e99a983bb908b3b,0x0037986c51c5325cfd0185c5973fc6ba11907d1d56335479f34700bd18f351f2
60311211,1789135243,2026-09-11T14:00:43Z,1789135230,13,0x145db0a26222934d32a0bd539863158afb5ee30b,0x1dd2dea254a9b9244d2de4139042c65ab9ecdaae,0x16856dace74979e249f77ec11964ec667b04c5dd85c7611f270005542e9decc1
60311261,1789135248,2026-09-11T14:00:48Z,1789135235,13,0xff5f85e4888782e66f1dd9cabadf4822fbeb1439,0xa211fbdde369d28efb235bcd3a77f3a77790ba94,0x4fd03a6d040d4208075a6d857420e97f057c96337e943005f042483b158d36a4
60311344,1789135257,2026-09-11T14:00:57Z,1789135244,13,0xeff19b88e3c72f046e4a19a1e62544d5869d4275,0xbe328e128835dae56a42f1e67de4a0daeec61a5f,0x8271530fe2ffdbd00c1d80b32e6c25c561e94c333fefda0491d9a4b3c00f7423
60311715,1789135295,2026-09-11T14:01:35Z,1789135282,13,0x815d23392a48bee944c872cbbb4bc47691ef710f,0xbe328e128835dae56a42f1e67de4a0daeec61a5f,0x9101416104dcf5a0df6c128944ab98b4d560ff739a91223b9a811a1ba461c0d4
60311804,1789135304,2026-09-11T14:01:44Z,1789135292,12,0x2b65a9e1ff6b36a76e50a383a2d2702cd9e78047,0x74d14b5e642ea3331c88bcc72649997f447a7a5f,0xe52fcc2c5e4b9107ffe0783de90a802b6e6c701cc96eaac4594edfd83d9da209
60311842,1789135308,2026-09-11T14:01:48Z,1789135296,12,0xa088fad0a0a62693af068e2edb80b1578c8a9365,0xa211fbdde369d28efb235bcd3a77f3a77790ba94,0x8a1f7ce8a66371e3134718187c4da82f8b0a38c95007a1abc9b9df88d4a26f35
60311925,1789135317,2026-09-11T14:01:57Z,1789135304,13,0x2b3a9a18998e9464760658233ab093e6aebf45d0,0x1dd2dea254a9b9244d2de4139042c65ab9ecdaae,0x172019754aca7ae455522d8e717fd2a63545d4c6ecde97ab6010f51a335d29d0
60312025,1789135328,2026-09-11T14:02:08Z,1789135315,13,0x59ab60b1d63de8b282852573d18a3a99c04c787c,0xbe328e128835dae56a42f1e67de4a0daeec61a5f,0x7ccf15be25b221aa3a43f1d914b6714f8ab6e7b75d7b557ce2982ff56aa65102
60312056,1789135331,2026-09-11T14:02:11Z,1789135319,12,0xfaa5fda549575e3b602ad70e4bd8020a28387f96,0x74d14b5e642ea3331c88bcc72649997f447a7a5f,0x6628b2d403ae837b90116dcd31b99363cf8ecb235f681a4e40bc09afba7f6e8b
60312198,1789135344,2026-09-11T14:02:24Z,1789135332,12,0xe50c4775fefc1e3c9206771dd0056aee30f51b2f,0x5d4faed290f0422c7b33586aa772d81785a01d7c,0x215c50a688af3e1f09e3db10060a1b85e1f464c90534fe0c76e7636fd7a9ffc4
60312325,1789135359,2026-09-11T14:02:39Z,1789135347,12,0x3d2a8e2937f306d11829d95059deda9a290c74da,0x1dd2dea254a9b9244d2de4139042c65ab9ecdaae,0x59a26bf71ed151946d462b29794d0bbcb9bbbe18abbac428966464614cc17ab7
60312330,1789135360,2026-09-11T14:02:40Z,1789135347,13,0xc5845f87ad59a7a3d4bf9b90a0c19dba38475eec,0x1dd2dea254a9b9244d2de4139042c65ab9ecdaae,0x34d773656690307a364a43d5c0c8832afa1e1c335e5a1df7687ac016f6ad5ece
60312373,1789135364,2026-09-11T14:02:44Z,1789135352,12,0x901d8df245e48dfc82d6483fc45b5be6ddc5281a,0x2df4c8f0095d7323a1521ce82fbf21629fdba7df,0xf8adcdbb4105fc6a2efac65d794c37b713a6dc8bee8c8a209a9271b439a5c7b2
60312461,1789135374,2026-09-11T14:02:54Z,1789135361,13,0x30398b0b0df82a009bb2d507bc7fe1dc6d3ca294,0x4af41cd301e74b05410df9f6b5fc3d99ddce7cd5,0x444c965ec130793f5362fa8f3a01360343bc1934c634e6f832f31c681f2cba1e
60312513,1789135379,2026-09-11T14:02:59Z,1789135367,12,0x6091e64eb7138eef066a80fd3a0d7427b91f2721,0xbe328e128835dae56a42f1e67de4a0daeec61a5f,0x4fd59ebb8afefe591808e8ab3c683537438d89dbed75a1523df28969af9e5481
60312720,1789135402,2026-09-11T14:03:22Z,1789135389,13,0xdad54b8ee51af258e5a6faa9a84a3300f4775f7d,0x4af41cd301e74b05410df9f6b5fc3d99ddce7cd5,0x39242f7f24d8e7ae8355fc0e1ed6bda56a14f749e528ec8e179838f752b4d7b1
60312729,1789135403,2026-09-11T14:03:23Z,1789135391,12,0x983f726bf320cdc1fdae041dba782cd08a55842f,0x4fea9e9741b57bbaad4cf0e60e99a983bb908b3b,0x58b97065dcb6d9b436a6f08d897d7f8cac368e4618639f683cce93c442c50ef7
60312757,1789135406,2026-09-11T14:03:26Z,1789135393,13,0x94201f15c0b7701d3f93f3c780042e6a76214104,0x74d14b5e642ea3331c88bcc72649997f447a7a5f,0x2973f5e04ff3a343951a1c6c5c8f3255aebcd8734ae51cb5915fb0b6ac1cc1c4
60312761,1789135406,2026-09-11T14:03:26Z,1789135394,12,0xeff19b88e3c72f046e4a19a1e62544d5869d4275,0x4af41cd301e74b05410df9f6b5fc3d99ddce7cd5,0x6df3a305e4d4baebb3c7fddcfbc93b9d15b56e35bd588b1f41a6522d16eaf876
60312928,1789135424,2026-09-11T14:03:44Z,1789135412,12,0x2b65a9e1ff6b36a76e50a383a2d2702cd9e78047,0x5d4faed290f0422c7b33586aa772d81785a01d7c,0xde489854562b9a4dbdf5b5ac9c58565a211675a3b32da69c707ee67264ccede3
60312952,1789135427,2026-09-11T14:03:47Z,1789135414,13,0xd6fe4540bdf692cbe147fe19f75f9fd542d733bd,0x2df4c8f0095d7323a1521ce82fbf21629fdba7df,0x16c305b78d9e7c0f3d725ea3eac14daf4ecb4afe7429c39009efd098d0d26a9b
60312964,1789135428,2026-09-11T14:03:48Z,1789135416,12,0x55bd01f666c99e4590e084fdeff88041bb50ccd1,0x2df4c8f0095d7323a1521ce82fbf21629fdba7df,0xabca3d0cec766e89cd9b4ab84ec6bdfe0829fd3bceaf904409beffe61482dfef
60313313,1789135464,2026-09-11T14:04:24Z,1789135452,12,0xe50c4775fefc1e3c9206771dd0056aee30f51b2f,0x4af41cd301e74b05410df9f6b5fc3d99ddce7cd5,0x7a94e6fd9f120763eb09bd4001e7b783afd2ef5a82ed88481f7e459714a52146
60313331,1789135466,2026-09-11T14:04:26Z,1789135453,13,0x94201f15c0b7701d3f93f3c780042e6a76214104,0x1dd2dea254a9b9244d2de4139042c65ab9ecdaae,0xc53017214f91294892f917a7c55f44233cf70a07b1f50d583a64da672957af30
60313473,1789135481,2026-09-11T14:04:41Z,1789135468,13,0x7b2fdfcea772f093dd33b3acf8ee294b368f6c23,0x83b351d4ed8de251ccf65fd44b42d27c41b5d8a6,0xcdc74df2962fdb277adb50cf62b961e42131abb00260d014bfa451b016d90f85
60313503,1789135484,2026-09-11T14:04:44Z,1789135472,12,0x2b65a9e1ff6b36a76e50a383a2d2702cd9e78047,0x1dd2dea254a9b9244d2de4139042c65ab9ecdaae,0x1c6810a5f5b699517a6ee1556d0af0b79e0d94e7149d45d1574bf480806f515c
60313541,1789135488,2026-09-11T14:04:48Z,1789135476,12,0xa088fad0a0a62693af068e2edb80b1578c8a9365,0xa211fbdde369d28efb235bcd3a77f3a77790ba94,0xd9e1f37b95a07bc47042dcbd90e962b814a8f6ee2cf2cd489cd794d965b84297
60313681,1789135503,2026-09-11T14:05:03Z,1789135491,12,0xf795030a46ad6ca4b07bf5fb704dc36039118c9f,0x67a2da43031e8876acc515a21cb0d95648efd807,0x875976f491e72db47c446398607db6d1e28e23af576dd5a9c427db8c67677c24
60313727,1789135508,2026-09-11T14:05:08Z,1789135495,13,0x59ab60b1d63de8b282852573d18a3a99c04c787c,0x4fea9e9741b57bbaad4cf0e60e99a983bb908b3b,0x8332aee8c9ac6cd109c405eab88d56785fa0e66ba254cff1382f9934df9a6f24
60313761,1789135511,2026-09-11T14:05:11Z,1789135499,12,0x5eaa223c585f40cdca2d119ea91b97c491245631,0x1dd2dea254a9b9244d2de4139042c65ab9ecdaae,0x3c31fcb2b8166606847fafed961aa8a70c0f3cc74ed517eb1f988da3374b562c
60313861,1789135522,2026-09-11T14:05:22Z,1789135509,13,0xdad54b8ee51af258e5a6faa9a84a3300f4775f7d,0x5d4faed290f0422c7b33586aa772d81785a01d7c,0x63c9ff3688c60a58f8d91169f6b24e72123994317a6ba73d67cbb301e58a4478
60313910,1789135527,2026-09-11T14:05:27Z,1789135514,13,0xeff19b88e3c72f046e4a19a1e62544d5869d4275,0x2df4c8f0095d7323a1521ce82fbf21629fdba7df,0xd621105fa2b25270fdfe1067e4d176c010278caed2d070ed04766258598d039b
60313999,1789135536,2026-09-11T14:05:36Z,1789135523,13,0x4a9abc759e0b7b0ba98b5fd39c419a5d3e962aaf,0xbe328e128835dae56a42f1e67de4a0daeec61a5f,0x14cd766227f3f1c4da0e5e7dce63cff835bcb80aa2ebb7d5518ffd815fbc0aa9
60314118,1789135548,2026-09-11T14:05:48Z,1789135535,13,0xd6ed4e7d4aba1111eb42a349899b5c72ee1c9fef,0x4af41cd301e74b05410df9f6b5fc3d99ddce7cd5,0xaf7da10fb9195d9616b2d58bbceadf588cb1383220f1745ed0119edc1167ad8b
60314280,1789135565,2026-09-11T14:06:05Z,1789135553,12,0x815d23392a48bee944c872cbbb4bc47691ef710f,0xa211fbdde369d28efb235bcd3a77f3a77790ba94,0xf41027f8ab153bb58be5894863b5952d500b689036db959fd344ed7fb5f6a6c9
60314576,1789135596,2026-09-11T14:06:36Z,1789135584,12,0x95fb52f75aecbca8e12aa4403f840c8bc18cfbd4,0x5d4faed290f0422c7b33586aa772d81785a01d7c,0x3136018bcf5d05adf40a150561317897f98925f576829a20dfc551fdb383e5fb
60314770,1789135617,2026-09-11T14:06:57Z,1789135604,13,0xeff19b88e3c72f046e4a19a1e62544d5869d4275,0x5d4faed290f0422c7b33586aa772d81785a01d7c,0x6435b5f538e2b422530032576e78ef26601f1f1f2fbac249beddf1c1a9b8026a
60314796,1789135619,2026-09-11T14:06:59Z,1789135607,12,0x6091e64eb7138eef066a80fd3a0d7427b91f2721,0x1dd2dea254a9b9244d2de4139042c65ab9ecdaae,0xf84beba4f49f87bd83878511004b5c671a10e7eec2d30a2906412fd333fbcc67
60314851,1789135625,2026-09-11T14:07:05Z,1789135613,12,0x815d23392a48bee944c872cbbb4bc47691ef710f,0x2df4c8f0095d7323a1521ce82fbf21629fdba7df,0xc605bfbaafe45c8bddf03367a68e9eceae8ba136d4e80a5fd5cb7a4e9c4e5ff4
60314894,1789135629,2026-09-11T14:07:09Z,1789135617,12,0x3d2a8e2937f306d11829d95059deda9a290c74da,0x83b351d4ed8de251ccf65fd44b42d27c41b5d8a6,0x3a0f8f61b40124e8be655fb3e86d23cf176fd8df300fd6a92e1f68599c5293d8
60315034,1789135644,2026-09-11T14:07:24Z,1789135632,12,0xe50c4775fefc1e3c9206771dd0056aee30f51b2f,0x67a2da43031e8876acc515a21cb0d95648efd807,0xb3190282f9f5def1b39356edace3aacc473d02fbe29aacaa0edaddfb0edfa688
60315147,1789135656,2026-09-11T14:07:36Z,1789135644,12,0x95fb52f75aecbca8e12aa4403f840c8bc18cfbd4,0xbe328e128835dae56a42f1e67de4a0daeec61a5f,0x135719baacb0e3c339a0c286c07c66ace75b144f6e98dc53857cf2d1a8918a62
60315222,1789135664,2026-09-11T14:07:44Z,1789135652,12,0xd6fe4540bdf692cbe147fe19f75f9fd542d733bd,0x2df4c8f0095d7323a1521ce82fbf21629fdba7df,0x339033e61e488ababf3a4e2f2b3242ab20c5c27b2ba530b619146406e5533e46
60315261,1789135668,2026-09-11T14:07:48Z,1789135656,12,0x55bd01f666c99e4590e084fdeff88041bb50ccd1,0x4af41cd301e74b05410df9f6b5fc3d99ddce7cd5,0x807eaa8283ccbe72994f9df7b7c5ed28186ecb140babcf9e502e0fbebe18e779
60315272,1789135670,2026-09-11T14:07:50Z,1789135657,13,0xd9c04b7353421fc4deb1614ed13fe10d90e586cc,0x4af41cd301e74b05410df9f6b5fc3d99ddce7cd5,0x6ce5983f668565d66284af124cfc30434830c89ffbf2d38c126a70f00195d9ca
60315337,1789135677,2026-09-11T14:07:57Z,1789135664,13,0xeff19b88e3c72f046e4a19a1e62544d5869d4275,0xbe328e128835dae56a42f1e67de4a0daeec61a5f,0xbc6f4c9fb0d6f755cb93cd06fef06387ff7473e0e47a6cb99013dd103e2fcfb9
60315416,1789135685,2026-09-11T14:08:05Z,1789135673,12,0x815d23392a48bee944c872cbbb4bc47691ef710f,0x74d14b5e642ea3331c88bcc72649997f447a7a5f,0x7930d915c9ed7646309a6d766cdb9e92060fc350a92c10ed930b7eb5729c51e9
60315504,1789135694,2026-09-11T14:08:14Z,1789135682,12,0x901d8df245e48dfc82d6483fc45b5be6ddc5281a,0x83b351d4ed8de251ccf65fd44b42d27c41b5d8a6,0xfffd6fd30353728d3ae608bfe152104ba5471255e1cab9a18dc3143f74ddb5ba
60315566,1789135701,2026-09-11T14:08:21Z,1789135689,12,0x983f726bf320cdc1fdae041dba782cd08a55842f,0x4fea9e9741b57bbaad4cf0e60e99a983bb908b3b,0xc308c06e8cd5c70be273d334fd93adbea49686d2abe45025352a786b15901d32
60315598,1789135704,2026-09-11T14:08:24Z,1789135692,12,0xe50c4775fefc1e3c9206771dd0056aee30f51b2f,0x2df4c8f0095d7323a1521ce82fbf21629fdba7df,0xdf58531b44486ae9f10445502b48a75557e9734d58fa2d7515681a598a75948f
60316070,1789135749,2026-09-11T14:09:09Z,1789135737,12,0x3d2a8e2937f306d11829d95059deda9a290c74da,0x5d4faed290f0422c7b33586aa772d81785a01d7c,0xadff684d2b12155358515a3f4faa4b9f8ff1cd3399f41b4814ada0d55242c733
60316075,1789135750,2026-09-11T14:09:10Z,1789135737,13,0xc5845f87ad59a7a3d4bf9b90a0c19dba38475eec,0x2df4c8f0095d7323a1521ce82fbf21629fdba7df,0x55a166864ab5726a43312537742a4f76ae9ebf4abf3e0754b39feae47fe5ec40
60316092,1789135752,2026-09-11T14:09:12Z,1789135740,12,0x2b65a9e1ff6b36a76e50a383a2d2702cd9e78047,0x5d4faed290f0422c7b33586aa772d81785a01d7c,0x2d7e655320d2f73d5056791fdedbd5698524f5cd5fbc2a7c28e9fdd8f822ed1a
60316180,1789135762,2026-09-11T14:09:22Z,1789135749,13,0xdad54b8ee51af258e5a6faa9a84a3300f4775f7d,0x4fea9e9741b57bbaad4cf0e60e99a983bb908b3b,0xf1dda492b9437cc1f6abebf1a53251ac8a23880dd419a8d2e442410c1491d8b1
60316201,1789135764,2026-09-11T14:09:24Z,1789135751,13,0x94201f15c0b7701d3f93f3c780042e6a76214104,0x1dd2dea254a9b9244d2de4139042c65ab9ecdaae,0xcf0dc165186d9db84324ce99389bb4a4e300ef4b3cd16bac2f6322da22e52892
60316255,1789135769,2026-09-11T14:09:29Z,1789135757,12,0x6091e64eb7138eef066a80fd3a0d7427b91f2721,0xa211fbdde369d28efb235bcd3a77f3a77790ba94,0x58ff173752fe51b0fd0b5fdedd70970ed99af6ab8f0071707453148a764854ea
60316898,1789135836,2026-09-11T14:10:36Z,1789135823,13,0x4a9abc759e0b7b0ba98b5fd39c419a5d3e962aaf,0xa211fbdde369d28efb235bcd3a77f3a77790ba94,0x7000ff1c14075531de35caa8deecc59b3aa2dd04484c4193dbc7d6b588c386ee
60316952,1789135841,2026-09-11T14:10:41Z,1789135829,12,0x5eaa223c585f40cdca2d119ea91b97c491245631,0x83b351d4ed8de251ccf65fd44b42d27c41b5d8a6,0x5dcdd016e0ed1b589e1f1bc83124f0d349af003a1af0e7d52ea391ab99af517b
60317053,1789135852,2026-09-11T14:10:52Z,1789135839,13,0xdad54b8ee51af258e5a6faa9a84a3300f4775f7d,0x1dd2dea254a9b9244d2de4139042c65ab9ecdaae,0x1030cd309fbcd2f42c8acec1adb886de2fc02b11b1904a079f875f18d89b4ee5
60317208,1789135868,2026-09-11T14:11:08Z,1789135855,13,0x59ab60b1d63de8b282852573d18a3a99c04c787c,0x74d14b5e642ea3331c88bcc72649997f447a7a5f,0x9e752c56a67885b32305c5b1ae25971d7560de75a76e0694c13b926d5d54b671
60317236,1789135871,2026-09-11T14:11:11Z,1789135858,13,0x7b2fdfcea772f093dd33b3acf8ee294b368f6c23,0x74d14b5e642ea3331c88bcc72649997f447a7a5f,0xf25988ae3027d6fe118da3a191117ce472c6447a1572e6cc17da1b3d7eef82e2
60317284,1789135876,2026-09-11T14:11:16Z,1789135863,13,0x11ed6d598ef565dda86fafe7e779303e7cc6b2bd,0x83b351d4ed8de251ccf65fd44b42d27c41b5d8a6,0x7c009638fbcd3a91d3d5968317513f4995026726e461a4459830c8640a273c07
60317308,1789135878,2026-09-11T14:11:18Z,1789135866,12,0x55bd01f666c99e4590e084fdeff88041bb50ccd1,0x2df4c8f0095d7323a1521ce82fbf21629fdba7df,0xd989122666fbc0d06decaf2bc0d5687659db795075d086621c082060cf6d54a7
60317722,1789135921,2026-09-11T14:12:01Z,1789135908,13,0xa6ac45e27d19f91c55109191d71cfba4a9f5fbe1,0x2df4c8f0095d7323a1521ce82fbf21629fdba7df,0x51646e316d2574c84a20c6bda7bc4f578c27ddb27c5ecf3fd63d2308b6c8fa08
60317800,1789135929,2026-09-11T14:12:09Z,1789135917,12,0xfaa5fda549575e3b602ad70e4bd8020a28387f96,0x83b351d4ed8de251ccf65fd44b42d27c41b5d8a6,0x0c6d070852bd1001121bb586a1f5625781f98ff66b4429bf6749f4c421c74ddd
60317851,1789135935,2026-09-11T14:12:15Z,1789135922,13,0x901d8df245e48dfc82d6483fc45b5be6ddc5281a,0x1dd2dea254a9b9244d2de4139042c65ab9ecdaae,0x481804f8b5447d77ba73580ae12872e4a16d2fb4d499f590aff4386a4818350c
60317885,1789135938,2026-09-11T14:12:18Z,1789135926,12,0x55bd01f666c99e4590e084fdeff88041bb50ccd1,0x67a2da43031e8876acc515a21cb0d95648efd807,0x26a927e93a25b327b99deedd2c1244ac65071094693455d46e938c11f657794b
60318053,1789135956,2026-09-11T14:12:36Z,1789135943,13,0x4a9abc759e0b7b0ba98b5fd39c419a5d3e962aaf,0x4af41cd301e74b05410df9f6b5fc3d99ddce7cd5,0xaccb79f749233b99dc64ee8d9c5ad851e9ed64b3d53848b0a6e90234cafead07
60318110,1789135962,2026-09-11T14:12:42Z,1789135949,13,0x7a6b81ba7fbcb90104d8c496158cf383cd7233b1,0x2df4c8f0095d7323a1521ce82fbf21629fdba7df,0x7adb950266cdf6a727336bf8e2ff138560f95f71bac182884c922ded59cc6baf
60318122,1789135963,2026-09-11T14:12:43Z,1789135950,13,0x145db0a26222934d32a0bd539863158afb5ee30b,0x1dd2dea254a9b9244d2de4139042c65ab9ecdaae,0xcb5459d1ea747fd3cc167ca8a5d957b227c288df340eea920cd67ebecb92ec46
60318363,1789135988,2026-09-11T14:13:08Z,1789135975,13,0x59ab60b1d63de8b282852573d18a3a99c04c787c,0x74d14b5e642ea3331c88bcc72649997f447a7a5f,0xc38e4c712681cb51397046e207cfc7dac558999f2a59fa78aae73092405451f3
60318396,1789135991,2026-09-11T14:13:11Z,1789135979,12,0x5eaa223c585f40cdca2d119ea91b97c491245631,0xbe328e128835dae56a42f1e67de4a0daeec61a5f,0x675dacb31b91981ca836c098185cf3fdaa469fb533ed0181339b72fe8d64480c
60318697,1789136025,2026-09-11T14:13:45Z,1789136012,13,0x901d8df245e48dfc82d6483fc45b5be6ddc5281a,0x1dd2dea254a9b9244d2de4139042c65ab9ecdaae,0x6b69b07d1249860ac4c6c3caaee6a1fedd4f345a800d19d5672ba2db4bbe50c2
60318734,1789136029,2026-09-11T14:13:49Z,1789136016,13,0x55bd01f666c99e4590e084fdeff88041bb50ccd1,0x4af41cd301e74b05410df9f6b5fc3d99ddce7cd5,0xca60ac71b568098558e41931931f71738f3656795f54e9205ac99e59b3b78fc7
60318830,1789136039,2026-09-11T14:13:59Z,1789136026,13,0x886e11c1053289eed882c734e1864efe3430bc24,0x4af41cd301e74b05410df9f6b5fc3d99ddce7cd5,0x4c305aa4be13383a5ce36bed47ec5778cb35cd2724ca081e198f284bf18e0847
60318898,1789136046,2026-09-11T14:14:06Z,1789136033,13,0x4a9abc759e0b7b0ba98b5fd39c419a5d3e962aaf,0xbe328e128835dae56a42f1e67de4a0daeec61a5f,0x89b7e34330aa48728b6324372d377fd4cca968d907045d994747bebc9facd349
60319029,1789136059,2026-09-11T14:14:19Z,1789136047,12,0xd9c04b7353421fc4deb1614ed13fe10d90e586cc,0x74d14b5e642ea3331c88bcc72649997f447a7a5f,0x9e466bf18af255e8ca941604db3b7e2ab0e1dc0a00b51ee98a265c4c8e734d7d
60319099,1789136067,2026-09-11T14:14:27Z,1789136054,13,0xeff19b88e3c72f046e4a19a1e62544d5869d4275,0x5d4faed290f0422c7b33586aa772d81785a01d7c,0xfa55c0d3c9b25002791a27c3d543c2e372e3e3d30260276795abbfab80902594
60319260,1789136083,2026-09-11T14:14:43Z,1789136071,12,0x42b1c5174ce84be751a23489d7dbdc969bc17ea2,0x4fea9e9741b57bbaad4cf0e60e99a983bb908b3b,0x75917f3f67b7a47100b6e40870b3b454cd457444b23616a0a269e66a92a0120a
60319391,1789136097,2026-09-11T14:14:57Z,1789136084,13,0xeff19b88e3c72f046e4a19a1e62544d5869d4275,0x74d14b5e642ea3331c88bcc72649997f447a7a5f,0xa3ad699e2c8293a40d96ef84a244d3de6693bee99c15d36f3b9b648bade74a76
60319423,1789136100,2026-09-11T14:15:00Z,1789136087,13,0x76ba75c6c362900b275d9d4d5c422f0275e85578,0xa211fbdde369d28efb235bcd3a77f3a77790ba94,0x22c3aa686b155780c1545f7066d6affdc504f389b7650631f45608ce94720063
60319478,1789136106,2026-09-11T14:15:06Z,1789136093,13,0x4a9abc759e0b7b0ba98b5fd39c419a5d3e962aaf,0xbe328e128835dae56a42f1e67de4a0daeec61a5f,0xdc18d38c11464561fff55231cabaf365e36c8f7f2711d379959bc87b8acd98a0
60319703,1789136124,2026-09-11T14:15:24Z,1789136112,12,0xe50c4775fefc1e3c9206771dd0056aee30f51b2f,0x83b351d4ed8de251ccf65fd44b42d27c41b5d8a6,0xda05aef07a8ea8336508d0dbcace3dc968d95dd1e9a21f63effdf55b387fe728
60319936,1789136148,2026-09-11T14:15:48Z,1789136136,12,0xa088fad0a0a62693af068e2edb80b1578c8a9365,0x74d14b5e642ea3331c88bcc72649997f447a7a5f,0xcc80d921ca4b0493aa964e968b6982c1105532c953430f6067e448479b2f4513
60320076,1789136163,2026-09-11T14:16:03Z,1789136151,12,0xf795030a46ad6ca4b07bf5fb704dc36039118c9f,0xa211fbdde369d28efb235bcd3a77f3a77790ba94,0x9fefec17c9f1fca0f50359787a93d4b5128b808cb3486b14710fc206e98738cf
60320116,1789136168,2026-09-11T14:16:08Z,1789136155,13,0x315afd0f71d5407b99ad19ab001a67af40fbaaf4,0xbe328e128835dae56a42f1e67de4a0daeec61a5f,0x1923de880643f81b3fc17ca2dad45df8bfa1267f387df52b191c916e9cb5be02
60320440,1789136201,2026-09-11T14:16:41Z,1789136188,13,0x7b2fdfcea772f093dd33b3acf8ee294b368f6c23,0x1dd2dea254a9b9244d2de4139042c65ab9ecdaae,0x46e7dbcc933c6a3f9c1541376fce3e9f76a922800e2df67123da2fa1e612a1c6
60320458,1789136203,2026-09-11T14:16:43Z,1789136191,12,0x42b1c5174ce84be751a23489d7dbdc969bc17ea2,0x4fea9e9741b57bbaad4cf0e60e99a983bb908b3b,0x97c0c7e2247f694695fe6c2c58d1cdddc04c952813430c1d7d9994b5c4343979
60320679,1789136226,2026-09-11T14:17:06Z,1789136213,13,0x4a9abc759e0b7b0ba98b5fd39c419a5d3e962aaf,0xa211fbdde369d28efb235bcd3a77f3a77790ba94,0x174d3f90270e2b19ecb4be0877d5543d789793f8e4d39186e97f52fc3082c9a1
60320894,1789136249,2026-09-11T14:17:29Z,1789136236,13,0x886e11c1053289eed882c734e1864efe3430bc24,0x2df4c8f0095d7323a1521ce82fbf21629fdba7df,0xfd576e89f48963668235eaecaf1d99d27da0a9664c4d8c6b311d9e0a0914547d
60321015,1789136262,2026-09-11T14:17:42Z,1789136249,13,0x7a6b81ba7fbcb90104d8c496158cf383cd7233b1,0x2df4c8f0095d7323a1521ce82fbf21629fdba7df,0xf4121e26806cfd3eb585ee9e09147972fb2caac6867dfabf425b881c9d2b34aa
60321042,1789136264,2026-09-11T14:17:44Z,1789136252,12,0x901d8df245e48dfc82d6483fc45b5be6ddc5281a,0x67a2da43031e8876acc515a21cb0d95648efd807,0x20f9adaa3d61f6397ce54c082450b8fc2536c4c2ca9f5e2fc13843fd81ff7303
60321298,1789136292,2026-09-11T14:18:12Z,1789136279,13,0x5eaa223c585f40cdca2d119ea91b97c491245631,0xa211fbdde369d28efb235bcd3a77f3a77790ba94,0xa4edab59c5cb14d5bc16d4eb97748478f53cf39c2ee57f803f4d00007f75c51b
60321686,1789136332,2026-09-11T14:18:52Z,1789136319,13,0xdad54b8ee51af258e5a6faa9a84a3300f4775f7d,0x83b351d4ed8de251ccf65fd44b42d27c41b5d8a6,0x047a0fe226c1b843a096cdb5128351b57db906eac1becd8c733e24cbc63f8bff
60322106,1789136376,2026-09-11T14:19:36Z,1789136363,13,0x4a9abc759e0b7b0ba98b5fd39c419a5d3e962aaf,0x4fea9e9741b57bbaad4cf0e60e99a983bb908b3b,0xe90d22ab273df65e04c6cbb81c01af504eb81eebca5e450d75c655a305466653
60322112,1789136376,2026-09-11T14:19:36Z,1789136364,12,0x95fb52f75aecbca8e12aa4403f840c8bc18cfbd4,0x1dd2dea254a9b9244d2de4139042c65ab9ecdaae,0x02b128aed2d9d6ef4c607170d41b7af5ba7ba2d79aebfa9a28dfc4301d69eab2
60322311,1789136397,2026-09-11T14:19:57Z,1789136384,13,0xeff19b88e3c72f046e4a19a1e62544d5869d4275,0x74d14b5e642ea3331c88bcc72649997f447a7a5f,0x855621a10bac4b301a16d4d85fdbaf9fbe0524e8b12d1802f9bac9e126b1432e
60322390,1789136405,2026-09-11T14:20:05Z,1789136393,12,0x815d23392a48bee944c872cbbb4bc47691ef710f,0x4fea9e9741b57bbaad4cf0e60e99a983bb908b3b,0x659b92b7842ec29cb9b4b142c0ee53bb87db403d5a680fc5fb55f013aa869581
60322516,1789136418,2026-09-11T14:20:18Z,1789136406,12,0x55bd01f666c99e4590e084fdeff88041bb50ccd1,0x4fea9e9741b57bbaad4cf0e60e99a983bb908b3b,0xac5a3e980fe58615ece485e0f9adee669270037c176a1f4643a97cbfc6b36ca5
60322578,1789136424,2026-09-11T14:20:24Z,1789136412,12,0xe50c4775fefc1e3c9206771dd0056aee30f51b2f,0xa211fbdde369d28efb235bcd3a77f3a77790ba94,0xe5919b02bc3d774bb91b1f34c8e0aeb97bd744c33a242198926bbf5c36cde115
60322621,1789136429,2026-09-11T14:20:29Z,1789136416,13,0x886e11c1053289eed882c734e1864efe3430bc24,0x74d14b5e642ea3331c88bcc72649997f447a7a5f,0xea935fab455359f631a23299092664d2ff5e57b1ceccc3c3e1c5eba9b2fe09f2
60322685,1789136435,2026-09-11T14:20:35Z,1789136423,12,0x815d23392a48bee944c872cbbb4bc47691ef710f,0x4af41cd301e74b05410df9f6b5fc3d99ddce7cd5,0xb2fd9c1e01ebc4eb6ff94f677fbb62619a38da47cf25db7d76a8297986ab08ab
60322822,1789136450,2026-09-11T14:20:50Z,1789136437,13,0xd9c04b7353421fc4deb1614ed13fe10d90e586cc,0x67a2da43031e8876acc515a21cb0d95648efd807,0xc80af4b08f9107afa80bbb048840c41b5a9ecc8c33d800e88e65e3046ebc383d
60323102,1789136478,2026-09-11T14:21:18Z,1789136466,12,0xd6ed4e7d4aba1111eb42a349899b5c72ee1c9fef,0xbe328e128835dae56a42f1e67de4a0daeec61a5f,0x9a97133cba3e42e0ee7d87eaae61fdbe5014ae43d2c355ab88f8318cdd66a1db
60323157,1789136484,2026-09-11T14:21:24Z,1789136472,12,0x30398b0b0df82a009bb2d507bc7fe1dc6d3ca294,0x2df4c8f0095d7323a1521ce82fbf21629fdba7df,0x6aad63f6afbdfaa53d6dfe262adf88b5d25fdba30b4df909ed7b3f9a5e7ae1d0
60323274,1789136496,2026-09-11T14:21:36Z,1789136483,13,0x4a9abc759e0b7b0ba98b5fd39c419a5d3e962aaf,0x67a2da43031e8876acc515a21cb0d95648efd807,0x38eca1488abb68cd8383f82fa3462092d34ec0be09c5e3908b147f2761e7b20b
60323557,1789136519,2026-09-11T14:21:59Z,1789136506,13,0x886e11c1053289eed882c734e1864efe3430bc24,0x74d14b5e642ea3331c88bcc72649997f447a7a5f,0x2f41383b3c844c4040b406b5fec6e36544bcd9a2e40f997f4a7a594faefb20f7
60323676,1789136531,2026-09-11T14:22:11Z,1789136519,12,0x7b2fdfcea772f093dd33b3acf8ee294b368f6c23,0x1dd2dea254a9b9244d2de4139042c65ab9ecdaae,0x9d5bf38c95bbc7f12a9574b6ac83f2c6ef507bbf9e73a565af246e0618e40986
60323829,1789136547,2026-09-11T14:22:27Z,1789136534,13,0xeff19b88e3c72f046e4a19a1e62544d5869d4275,0xbe328e128835dae56a42f1e67de4a0daeec61a5f,0x4e99f4c9796da72327f1533e0fb30c528ede609922de6c3df36d5d197cb20234
60323907,1789136555,2026-09-11T14:22:35Z,1789136543,12,0x815d23392a48bee944c872cbbb4bc47691ef710f,0x4fea9e9741b57bbaad4cf0e60e99a983bb908b3b,0xa07d0d960a9af01690ef807854c33fa66107781b2874648110e053429fdc9cf4
60323914,1789136556,2026-09-11T14:22:36Z,1789136543,13,0x4a9abc759e0b7b0ba98b5fd39c419a5d3e962aaf,0x4fea9e9741b57bbaad4cf0e60e99a983bb908b3b,0x070ac01db5d5cf5e41f1ccc720becc17966ca565f147ea3f3f43583501cbeb0f
60324002,1789136565,2026-09-11T14:22:45Z,1789136552,13,0x901d8df245e48dfc82d6483fc45b5be6ddc5281a,0x74d14b5e642ea3331c88bcc72649997f447a7a5f,0x98bf361732a4aabcbb8fca97a5b395ade35841233705969e313ef39e24f51952
60324326,1789136598,2026-09-11T14:23:18Z,1789136586,12,0xd6ed4e7d4aba1111eb42a349899b5c72ee1c9fef,0x1dd2dea254a9b9244d2de4139042c65ab9ecdaae,0xf385e50040517a66770f5492f256f108d1b04853eba4e92aa20f732fe67b8b0b
60324328,1789136598,2026-09-11T14:23:18Z,1789136586,12,0xa088fad0a0a62693af068e2edb80b1578c8a9365,0x67a2da43031e8876acc515a21cb0d95648efd807,0x803a0aab3019a87084024901e391389978727d50bfcdcbd16ae218b9b946a320
60324381,1789136604,2026-09-11T14:23:24Z,1789136592,12,0x30398b0b0df82a009bb2d507bc7fe1dc6d3ca294,0x5d4faed290f0422c7b33586aa772d81785a01d7c,0xec78edd76a446026b421061e624f762bcca01d0c2bd6c90660d5470a3b7183d5
60325174,1789136688,2026-09-11T14:24:48Z,1789136676,12,0xd6ed4e7d4aba1111eb42a349899b5c72ee1c9fef,0x2df4c8f0095d7323a1521ce82fbf21629fdba7df,0xdfd35d70df24ce0c218b61db922d4f25fa686aea29c585d5b246d8af96ff8439
60325179,1789136689,2026-09-11T14:24:49Z,1789136676,13,0x55bd01f666c99e4590e084fdeff88041bb50ccd1,0x74d14b5e642ea3331c88bcc72649997f447a7a5f,0xdd3dcf78aee5cdad19253449d36b2905c603ad5b264f602978d1ee7ac8695665
60325349,1789136706,2026-09-11T14:25:06Z,1789136694,12,0x4a9abc759e0b7b0ba98b5fd39c419a5d3e962aaf,0x1dd2dea254a9b9244d2de4139042c65ab9ecdaae,0x1911c16a1aba4d0d7ad0ce88c4b29d1b7aff2179093edf174f587cd8a563ec9c
60325792,1789136752,2026-09-11T14:25:52Z,1789136740,12,0xdad54b8ee51af258e5a6faa9a84a3300f4775f7d,0xbe328e128835dae56a42f1e67de4a0daeec61a5f,0x27a1d9d8b258ef4e4f86bb69e02cf45de1cf214898e7f8817d19b540e9209108
60326210,1789136795,2026-09-11T14:26:35Z,1789136783,12,0x815d23392a48bee944c872cbbb4bc47691ef710f,0x4af41cd301e74b05410df9f6b5fc3d99ddce7cd5,0xca1ee8d5302be444f88151180b249c1b6dec34a204f37e29bd11e10449014870
60326416,1789136817,2026-09-11T14:26:57Z,1789136805,12,0x2b3a9a18998e9464760658233ab093e6aebf45d0,0x2df4c8f0095d7323a1521ce82fbf21629fdba7df,0x291ba6a47a0645cc3a8f41960bbec294f6e732333f32c6a6e06a12609660ae0f
60326649,1789136842,2026-09-11T14:27:22Z,1789136829,13,0xbb11a21267cfdb63d4935d99a499133dd1744acb,0x74d14b5e642ea3331c88bcc72649997f447a7a5f,0xbb01326d14f7bfe65cf97a33182f7f581eecb37b8535808eabbaff42a2def5d2
60326782,1789136856,2026-09-11T14:27:36Z,1789136844,12,0x4a9abc759e0b7b0ba98b5fd39c419a5d3e962aaf,0xa211fbdde369d28efb235bcd3a77f3a77790ba94,0x532e68390eccd147072f169e8700b593d1f81c1e582332ac791c43f62689ef25
60327057,1789136877,2026-09-11T14:27:57Z,1789136864,13,0xeff19b88e3c72f046e4a19a1e62544d5869d4275,0xa211fbdde369d28efb235bcd3a77f3a77790ba94,0x768d426230e4f813c217be0535a8c1d7e05a244bae9fbbddb0d80bcdadeb63a9
60327089,1789136880,2026-09-11T14:28:00Z,1789136868,12,0x76ba75c6c362900b275d9d4d5c422f0275e85578,0x1dd2dea254a9b9244d2de4139042c65ab9ecdaae,0x87208b41e06e6a73fe7f27410d546b3e6a0140674b129637523306073e1ac52e
60327148,1789136887,2026-09-11T14:28:07Z,1789136874,13,0xc9d16e4f2569b9e3ea0468fd85844953713dc2a2,0xbe328e128835dae56a42f1e67de4a0daeec61a5f,0x82807db8bd59501deaa659928becca8ab4c919c98f485a8c9389343cfe756485
60327444,1789136918,2026-09-11T14:28:38Z,1789136906,12,0x59ab60b1d63de8b282852573d18a3a99c04c787c,0x5d4faed290f0422c7b33586aa772d81785a01d7c,0x1a56e30fa194e064887a12ce02adb18e5cab414e0c191d6f5469f16003746612
60327711,1789136946,2026-09-11T14:29:06Z,1789136934,12,0x4a9abc759e0b7b0ba98b5fd39c419a5d3e962aaf,0x4fea9e9741b57bbaad4cf0e60e99a983bb908b3b,0x26cb78f9859f32304e41e04d677078d64562e0282b6a6cef11d1ae50d717904c
60328053,1789136982,2026-09-11T14:29:42Z,1789136970,12,0x7a6b81ba7fbcb90104d8c496158cf383cd7233b1,0x1dd2dea254a9b9244d2de4139042c65ab9ecdaae,0x08cc92fc5718e10ec324404f0f8f9c29b5527ef8a216cba69dba8a1ba18e8fe8
60328369,1789137015,2026-09-11T14:30:15Z,1789137002,13,0x901d8df245e48dfc82d6483fc45b5be6ddc5281a,0xbe328e128835dae56a42f1e67de4a0daeec61a5f,0x1c05063c7568b1d171710809f23319bb1086e5be4525106ef4cf0e442255c254
60328487,1789137027,2026-09-11T14:30:27Z,1789137014,13,0xeff19b88e3c72f046e4a19a1e62544d5869d4275,0x4af41cd301e74b05410df9f6b5fc3d99ddce7cd5,0xe3cd1504c30c6b47067147ed58c3059a1e647023fd3e097d393578f275c88a84
60328806,1789137060,2026-09-11T14:31:00Z,1789137047,13,0xcdf6f7043b3af6afa0caaace1230b355096b5386,0x83b351d4ed8de251ccf65fd44b42d27c41b5d8a6,0xcdb303febcf136afe32f833f75f22f58788f2abb99a8d9dd94df65cfde366668
60328842,1789137064,2026-09-11T14:31:04Z,1789137051,13,0xf795030a46ad6ca4b07bf5fb704dc36039118c9f,0xa211fbdde369d28efb235bcd3a77f3a77790ba94,0x589359806bca40731ec61be2bd70673b4ec44359b683b9b95fe998e657248419
60329440,1789137125,2026-09-11T14:32:05Z,1789137113,12,0x815d23392a48bee944c872cbbb4bc47691ef710f,0x5d4faed290f0422c7b33586aa772d81785a01d7c,0xae850b47b35d6f0c0162849ad56df4d4977ed96f7a5f1b3688a569ddfc13f251
60329498,1789137131,2026-09-11T14:32:11Z,1789137119,12,0x7b2fdfcea772f093dd33b3acf8ee294b368f6c23,0xbe328e128835dae56a42f1e67de4a0daeec61a5f,0xd54b97e3e754a23174a0a4fbc82bf54e991c82b297e9355e85d99e2ee34cc25b
60329532,1789137135,2026-09-11T14:32:15Z,1789137122,13,0x901d8df245e48dfc82d6483fc45b5be6ddc5281a,0x2df4c8f0095d7323a1521ce82fbf21629fdba7df,0xc38722a6841a406924f46877dccc476349bd50390597e791ca90b8f4a6f8d397
60329743,1789137157,2026-09-11T14:32:37Z,1789137144,13,0xc9d16e4f2569b9e3ea0468fd85844953713dc2a2,0xbe328e128835dae56a42f1e67de4a0daeec61a5f,0x6d7e931bc64276f5c93f67a414ccb50645f6284385ebe4bcaf77baa34892969d
60330433,1789137229,2026-09-11T14:33:49Z,1789137216,13,0xff5f85e4888782e66f1dd9cabadf4822fbeb1439,0x1dd2dea254a9b9244d2de4139042c65ab9ecdaae,0x95454d8b252cc6c00382ed6b0bbc4bb151d9e7f9ed9a3fa9ac1e90812627ac73
60331142,1789137297,2026-09-11T14:34:57Z,1789137285,12,0xeff19b88e3c72f046e4a19a1e62544d5869d4275,0xa211fbdde369d28efb235bcd3a77f3a77790ba94,0xc6e5ed032313345079beea37624ff243a30dff1f9475b21f9c9707982541e0c0
60331216,1789137305,2026-09-11T14:35:05Z,1789137293,12,0x815d23392a48bee944c872cbbb4bc47691ef710f,0x4fea9e9741b57bbaad4cf0e60e99a983bb908b3b,0x86e94c441434bc3bfd0a6b02ca0e0b9f34ae6d1584e70ad5869b5b462e1eb14c
60331311,1789137315,2026-09-11T14:35:15Z,1789137302,13,0xd6fe4540bdf692cbe147fe19f75f9fd542d733bd,0x1dd2dea254a9b9244d2de4139042c65ab9ecdaae,0xca1b22eff176869fc9fa3e07ede5c40237af1da163d71274123613c9db71769d
60331586,1789137343,2026-09-11T14:35:43Z,1789137331,12,0x42b1c5174ce84be751a23489d7dbdc969bc17ea2,0x1dd2dea254a9b9244d2de4139042c65ab9ecdaae,0xa3b9f04937872485064ce78539be46f9141bfef7f76e8b2738e8d6b50bfb4dea
60331720,1789137357,2026-09-11T14:35:57Z,1789137345,12,0x3d2a8e2937f306d11829d95059deda9a290c74da,0xbe328e128835dae56a42f1e67de4a0daeec61a5f,0x2fa157b5974aa089840fb39777c69975b9befa034bb4ec4df85cfde82a03d1d6
60331832,1789137369,2026-09-11T14:36:09Z,1789137356,13,0xf83cde62d1cd90de8d2bf3332b90c590985ad679,0x1dd2dea254a9b9244d2de4139042c65ab9ecdaae,0x9799924121151005a1c8a566c082668ce2ac9ea996ec511f84b48faa6d51c8a5
60331924,1789137378,2026-09-11T14:36:18Z,1789137366,12,0x55bd01f666c99e4590e084fdeff88041bb50ccd1,0x67a2da43031e8876acc515a21cb0d95648efd807,0xc4f3fe5104abfa58aca979e84f81f70a479238618b688bbcc7fa81e4603b5ab9
60332120,1789137398,2026-09-11T14:36:38Z,1789137386,12,0x59ab60b1d63de8b282852573d18a3a99c04c787c,0xa211fbdde369d28efb235bcd3a77f3a77790ba94,0x12b14d19d7872af6be2a00e043249bc0e7deac5b4875953c14dd86fc352ba69a
60332348,1789137422,2026-09-11T14:37:02Z,1789137409,13,0x7035b3e2ff9621a6f97aafe5a5e3e5bbe718badf,0x4fea9e9741b57bbaad4cf0e60e99a983bb908b3b,0xfcfd207ed87f71526d383fb4a6b24e598826423af2edf12ae0d5e96f7707328b
60332526,1789137440,2026-09-11T14:37:20Z,1789137427,13,0xd9c04b7353421fc4deb1614ed13fe10d90e586cc,0xbe328e128835dae56a42f1e67de4a0daeec61a5f,0x6cf8bf12eebc6cdbd827ecdf2e26e8bd995d435d7fbfb40403a4ff94fc1b3f93
60332541,1789137442,2026-09-11T14:37:22Z,1789137429,13,0x983f726bf320cdc1fdae041dba782cd08a55842f,0x83b351d4ed8de251ccf65fd44b42d27c41b5d8a6,0x70490b0c5edf23475619aed5236454f02137a6bfa095a6a2930b02bcfa710351
60332566,1789137444,2026-09-11T14:37:24Z,1789137432,12,0x30398b0b0df82a009bb2d507bc7fe1dc6d3ca294,0x4fea9e9741b57bbaad4cf0e60e99a983bb908b3b,0x1be0a0fbf41344863a86757c9194d5756e60f50e57bba3fe6ae3f760e286ea8e
60332571,1789137445,2026-09-11T14:37:25Z,1789137432,13,0xe50c4775fefc1e3c9206771dd0056aee30f51b2f,0x67a2da43031e8876acc515a21cb0d95648efd807,0x0826999e061fb1b3b67e1046eeda13e747a44efeab958a74c9d76f22c76e2fc3
60332615,1789137449,2026-09-11T14:37:29Z,1789137437,12,0x886e11c1053289eed882c734e1864efe3430bc24,0x1dd2dea254a9b9244d2de4139042c65ab9ecdaae,0x910d74db8f3b2cec005abba3beb3d14e909a763600f21d8d07a81db91344a7f4
60332624,1789137450,2026-09-11T14:37:30Z,1789137438,12,0x76ba75c6c362900b275d9d4d5c422f0275e85578,0x4fea9e9741b57bbaad4cf0e60e99a983bb908b3b,0x1ba0841e1d1dbcc673ab5e6f16eed310974ce2034342363fbd9857b7034d28bb
60333093,1789137499,2026-09-11T14:38:19Z,1789137486,13,0xa088fad0a0a62693af068e2edb80b1578c8a9365,0x2df4c8f0095d7323a1521ce82fbf21629fdba7df,0x8bb580f0d9323ec7857beb0849f7fce0343ea5ee022c18a8328ee8c128a5a5c0
60333319,1789137522,2026-09-11T14:38:42Z,1789137509,13,0x5eaa223c585f40cdca2d119ea91b97c491245631,0xa211fbdde369d28efb235bcd3a77f3a77790ba94,0x0ada13abc5903659e25efdec7e512865dbbcd9d6259bb4915a7910b3783aae25
60333464,1789137537,2026-09-11T14:38:57Z,1789137525,12,0xeff19b88e3c72f046e4a19a1e62544d5869d4275,0x5d4faed290f0422c7b33586aa772d81785a01d7c,0xad977efa8fa52fa57fc4feaaef4bc6182f51d6b671b03dfb7825a063c0513121
60333554,1789137547,2026-09-11T14:39:07Z,1789137534,13,0x95fb52f75aecbca8e12aa4403f840c8bc18cfbd4,0x83b351d4ed8de251ccf65fd44b42d27c41b5d8a6,0xa1b791f67f2c7c71811b9152d5d435726d24c8df7eb63cead2e525ac7843897f
60333566,1789137548,2026-09-11T14:39:08Z,1789137535,13,0x315afd0f71d5407b99ad19ab001a67af40fbaaf4,0x74d14b5e642ea3331c88bcc72649997f447a7a5f,0x340e63c3e4047ec072edd900ecaa608692e60015d77798681390dc0626494a44
60333570,1789137548,2026-09-11T14:39:08Z,1789137536,12,0x59ab60b1d63de8b282852573d18a3a99c04c787c,0x74d14b5e642ea3331c88bcc72649997f447a7a5f,0x599fe52c8ba664d800c5143d64da474223d3d2e11bb2734fc82e0b9c0d93ebc6
60333618,1789137553,2026-09-11T14:39:13Z,1789137541,12,0x42b1c5174ce84be751a23489d7dbdc969bc17ea2,0x83b351d4ed8de251ccf65fd44b42d27c41b5d8a6,0xb8bc714e4b98e099205812792dfc416fdeba3266a16d0b73d13efe0d6dd54733
60333638,1789137555,2026-09-11T14:39:15Z,1789137543,12,0x901d8df245e48dfc82d6483fc45b5be6ddc5281a,0x4fea9e9741b57bbaad4cf0e60e99a983bb908b3b,0x17209f7cd83087e2ed2ea0133ace901c1e5dabfa4b31c0d1db41e5612172758c
60333902,1789137582,2026-09-11T14:39:42Z,1789137570,12,0x7a6b81ba7fbcb90104d8c496158cf383cd7233b1,0x1dd2dea254a9b9244d2de4139042c65ab9ecdaae,0xe677ff93b19ecdc3200ff76e5a0114b9dff9b90c9086e8270c89e00c42cc67c1
60334562,1789137643,2026-09-11T14:40:43Z,1789137631,12,0x42b1c5174ce84be751a23489d7dbdc969bc17ea2,0x74d14b5e642ea3331c88bcc72649997f447a7a5f,0x566f46d4bff28203a05b230b6ef8e31921b02c8411f2eae27631f23d2111b929
60336105,1789137802,2026-09-11T14:43:22Z,1789137790,12,0xdad54b8ee51af258e5a6faa9a84a3300f4775f7d,0x4fea9e9741b57bbaad4cf0e60e99a983bb908b3b,0x7575fe554d56c4ead95c2daa36eaeeb4a8ce3d983ab54003d296fda042096f41
60336187,1789137811,2026-09-11T14:43:31Z,1789137798,13,0x76ba75c6c362900b275d9d4d5c422f0275e85578,0xa211fbdde369d28efb235bcd3a77f3a77790ba94,0x5e02c064b0c09eee5778d253a4d6c1f398eb0988b90e6d04a1e66c67b0b297d3
60336363,1789137829,2026-09-11T14:43:49Z,1789137816,13,0x55bd01f666c99e4590e084fdeff88041bb50ccd1,0x4fea9e9741b57bbaad4cf0e60e99a983bb908b3b,0xa894d9a0b2d444a4c2114d13eca42172fa549a803d71c374354e879ba92877e6
60336420,1789137835,2026-09-11T14:43:55Z,1789137822,13,0xe50c4775fefc1e3c9206771dd0056aee30f51b2f,0x2df4c8f0095d7323a1521ce82fbf21629fdba7df,0xfa63f92c1bd4217c29d4285f56be8486e04427a7fefdc14b58e663affaece2fc
60336534,1789137846,2026-09-11T14:44:06Z,1789137834,12,0x4a9abc759e0b7b0ba98b5fd39c419a5d3e962aaf,0xbe328e128835dae56a42f1e67de4a0daeec61a5f,0x97f74e2a3646d883f7d3bcc84768cd13c26d0b29321b98bce6a87a0461da11af
60336585,1789137852,2026-09-11T14:44:12Z,1789137839,13,0x7b2fdfcea772f093dd33b3acf8ee294b368f6c23,0x83b351d4ed8de251ccf65fd44b42d27c41b5d8a6,0x06314467fc31c77c95ff35187757a014d83f869493b54d3d8d19259291df2069
60336673,1789137861,2026-09-11T14:44:21Z,1789137848,13,0xc3b117f52cf17dd4369eaf5eaf7cf0e2f91b4e30,0xa211fbdde369d28efb235bcd3a77f3a77790ba94,0xbf1e348e563d3804d86f95e09469df608b224815152ef084b3ffc3c60c508264
