block,timestamp,time_utc,user_tx_count,user_gas_used,l1_data_gas,reverted_gas,reverted_tx_count
54266000,1788524985,2026-09-04T12:29:45Z,15,6550991,0,2612109,7
54266030,1788524988,2026-09-04T12:29:48Z,17,4859854,0,89512,1
54266060,1788524991,2026-09-04T12:29:51Z,11,2074257,0,0,0
54266090,1788524994,2026-09-04T12:29:54Z,16,5020934,0,0,0
54266120,1788524998,2026-09-04T12:29:58Z,19,4950715,0,75073,1
54266150,1788525001,2026-09-04T12:30:01Z,25,6325073,0,758922,3
54266180,1788525004,2026-09-04T12:30:04Z,48,11253335,0,2950858,22
54266210,1788525008,2026-09-04T12:30:08Z,39,8993814,0,1308138,11
54266240,1788525011,2026-09-04T12:30:11Z,43,5691757,0,2887155,31
54266270,1788525014,2026-09-04T12:30:14Z,27,11975059,0,7442870,2
54266300,1788525017,2026-09-04T12:30:17Z,16,4625420,0,805083,2
54266330,1788525020,2026-09-04T12:30:20Z,24,8767211,0,1285900,5
54266360,1788525023,2026-09-04T12:30:23Z,14,3882239,0,139300,2
54266390,1788525026,2026-09-04T12:30:26Z,30,8237306,0,37055,1
54266420,1788525029,2026-09-04T12:30:29Z,28,9962835,0,100148,2
54266450,1788525032,2026-09-04T12:30:32Z,8,2022744,0,142471,2
54266480,1788525035,2026-09-04T12:30:35Z,18,3171980,0,86769,1
54266510,1788525038,2026-09-04T12:30:38Z,11,3975209,0,373074,3
54266540,1788525041,2026-09-04T12:30:41Z,13,7445360,0,325080,2
54266570,1788525046,2026-09-04T12:30:46Z,13,2024095,0,204032,3
54266600,1788525049,2026-09-04T12:30:49Z,12,1752687,0,0,0
54266630,1788525052,2026-09-04T12:30:52Z,25,8946368,0,557103,4
54266660,1788525055,2026-09-04T12:30:55Z,20,7623307,0,0,0
54266690,1788525058,2026-09-04T12:30:58Z,16,7992338,0,573751,1
54266720,1788525061,2026-09-04T12:31:01Z,17,5234566,0,1343204,3
54266750,1788525064,2026-09-04T12:31:04Z,15,10934067,0,0,0
54266780,1788525067,2026-09-04T12:31:07Z,19,6703299,0,1847844,5
54266810,1788525070,2026-09-04T12:31:10Z,11,2458715,0,0,0
54266840,1788525073,2026-09-04T12:31:13Z,25,5967827,0,691577,6
54266870,1788525076,2026-09-04T12:31:16Z,28,8307639,0,1959572,6
54266900,1788525079,2026-09-04T12:31:19Z,15,6145661,0,391577,3
54266930,1788525083,2026-09-04T12:31:23Z,7,1555377,0,0,0
54266960,1788525086,2026-09-04T12:31:26Z,111,12331429,0,0,0
54266990,1788525089,2026-09-04T12:31:29Z,98,11048378,0,0,0
54267020,1788525092,2026-09-04T12:31:32Z,24,5219426,0,1656212,12
54267050,1788525095,2026-09-04T12:31:35Z,21,4502799,0,615013,9
54267080,1788525098,2026-09-04T12:31:38Z,23,5028204,0,1406184,8
54267110,1788525101,2026-09-04T12:31:41Z,41,8190129,0,5719946,29
54267140,1788525104,2026-09-04T12:31:44Z,15,3357846,0,35895,1
54267170,1788525107,2026-09-04T12:31:47Z,18,3802481,0,251980,3
54267200,1788525110,2026-09-04T12:31:50Z,27,12795670,0,642471,5
54267230,1788525114,2026-09-04T12:31:54Z,20,9431765,0,1333795,5
54267260,1788525117,2026-09-04T12:31:57Z,17,4758772,0,0,0
54267290,1788525120,2026-09-04T12:32:00Z,20,8370423,0,1159846,5
54267320,1788525123,2026-09-04T12:32:03Z,14,2990468,0,133215,3
54267350,1788525126,2026-09-04T12:32:06Z,14,3649916,0,321282,4
54267380,1788525129,2026-09-04T12:32:09Z,14,3336744,0,447141,1
54267410,1788525132,2026-09-04T12:32:12Z,45,13106982,0,2100549,15
54267440,1788525135,2026-09-04T12:32:15Z,21,7638842,0,757026,5
54267470,1788525138,2026-09-04T12:32:18Z,26,6310894,0,129000,1
54267500,1788525141,2026-09-04T12:32:21Z,32,6487254,0,97888,4
54267530,1788525144,2026-09-04T12:32:24Z,13,2684324,0,348203,3
54267560,1788525147,2026-09-04T12:32:27Z,10,2914381,0,0,0
54267590,1788525150,2026-09-04T12:32:30Z,14,3080629,0,56380,1
54267620,1788525153,2026-09-04T12:32:33Z,17,6073417,0,270656,2
54267650,1788525156,2026-09-04T12:32:36Z,14,3064906,0,363259,2
54267680,1788525160,2026-09-04T12:32:40Z,32,5883673,0,417962,5
54267710,1788525163,2026-09-04T12:32:43Z,25,10832137,0,1603881,14
54267740,1788525164,2026-09-04T12:32:44Z,2,231444,0,0,0
54267770,1788525165,2026-09-04T12:32:45Z,15,1716507,0,0,0
54267800,1788525168,2026-09-04T12:32:48Z,13,3241285,0,907514,4
54267830,1788525171,2026-09-04T12:32:51Z,14,3265662,0,0,0
54267860,1788525174,2026-09-04T12:32:54Z,23,8226229,0,735677,9
54267890,1788525177,2026-09-04T12:32:57Z,22,9958436,0,33668,1
54267920,1788525181,2026-09-04T12:33:01Z,12,3026999,0,349891,1
54267950,1788525184,2026-09-04T12:33:04Z,13,2550088,0,70427,1
54267980,1788525187,2026-09-04T12:33:07Z,15,3154998,0,320681,4
54268010,1788525190,2026-09-04T12:33:10Z,28,4467543,0,361769,5
54268040,1788525193,2026-09-04T12:33:13Z,28,7624441,0,3322525,10
54268070,1788525196,2026-09-04T12:33:16Z,14,4550834,0,227414,1
54268100,1788525199,2026-09-04T12:33:19Z,22,4811025,0,73416,3
54268130,1788525202,2026-09-04T12:33:22Z,109,6743210,0,1025710,4
54268160,1788525205,2026-09-04T12:33:25Z,18,5324215,0,328939,1
54268190,1788525208,2026-09-04T12:33:28Z,23,5173761,0,334402,2
54268220,1788525211,2026-09-04T12:33:31Z,12,7444716,0,289928,1
54268250,1788525214,2026-09-04T12:33:34Z,21,6573796,0,238166,2
54268280,1788525217,2026-09-04T12:33:37Z,18,4966463,0,103423,2
54268310,1788525220,2026-09-04T12:33:40Z,27,8961643,0,76412,1
54268340,1788525223,2026-09-04T12:33:43Z,12,4564876,0,32540,1
54268370,1788525226,2026-09-04T12:33:46Z,13,4557889,0,0,0
54268400,1788525229,2026-09-04T12:33:49Z,17,3621472,0,730099,4
54268430,1788525233,2026-09-04T12:33:53Z,27,6168136,0,525335,2
54268460,1788525236,2026-09-04T12:33:56Z,21,9461097,0,334269,1
54268490,1788525239,2026-09-04T12:33:59Z,8,2854982,0,253916,1
54268520,1788525242,2026-09-04T12:34:02Z,10,3025240,0,1033925,3
54268550,1788525245,2026-09-04T12:34:05Z,16,7802432,0,510120,3
54268580,1788525248,2026-09-04T12:34:08Z,19,9779518,0,533531,2
54268610,1788525251,2026-09-04T12:34:11Z,27,7172339,0,0,0
54268640,1788525254,2026-09-04T12:34:14Z,15,2814827,0,440972,1
54268670,1788525257,2026-09-04T12:34:17Z,14,12106750,0,436792,1
54268700,1788525260,2026-09-04T12:34:20Z,10,3604573,0,0,0
54268730,1788525263,2026-09-04T12:34:23Z,18,7399131,0,2663472,5
54268760,1788525266,2026-09-04T12:34:26Z,16,4048427,0,581728,4
54268790,1788525269,2026-09-04T12:34:29Z,24,7777842,0,362562,2
54268820,1788525272,2026-09-04T12:34:32Z,20,7493007,0,441232,1
54268850,1788525275,2026-09-04T12:34:35Z,12,3204896,0,508687,2
54268880,1788525278,2026-09-04T12:34:38Z,21,8337265,0,1105001,5
54268910,1788525282,2026-09-04T12:34:42Z,15,4067375,0,449414,1
54268940,1788525285,2026-09-04T12:34:45Z,17,10698372,0,441268,1
54268970,1788525288,2026-09-04T12:34:48Z,20,7217241,0,38358,1
54269000,1788525291,2026-09-04T12:34:51Z,27,7163752,0,938872,2
54269030,1788525294,2026-09-04T12:34:54Z,37,7231014,0,2098587,14
54269060,1788525297,2026-09-04T12:34:57Z,26,7651710,0,1544393,8
54269090,1788525300,2026-09-04T12:35:00Z,16,4737697,0,329405,3
54269120,1788525303,2026-09-04T12:35:03Z,20,6525918,0,601886,2
54269150,1788525306,2026-09-04T12:35:06Z,11,2694503,0,97830,1
54269180,1788525310,2026-09-04T12:35:10Z,9,1153525,0,39382,1
54269210,1788525313,2026-09-04T12:35:13Z,12,4236634,0,81932,2
54269240,1788525316,2026-09-04T12:35:16Z,23,7816147,0,53587,1
54269270,1788525319,2026-09-04T12:35:19Z,22,8597617,0,75104,1
54269300,1788525322,2026-09-04T12:35:22Z,9,2617217,0,0,0
54269330,1788525325,2026-09-04T12:35:25Z,16,5846345,0,56380,1
54269360,1788525328,2026-09-04T12:35:28Z,37,9257672,0,652201,6
54269390,1788525331,2026-09-04T12:35:31Z,32,14713224,0,836269,4
54269420,1788525334,2026-09-04T12:35:34Z,9,2360357,0,205975,1
54269450,1788525337,2026-09-04T12:35:37Z,26,11946368,0,205483,2
54269480,1788525341,2026-09-04T12:35:41Z,17,7890213,0,123696,2
54269510,1788525344,2026-09-04T12:35:44Z,21,6348968,0,85718,1
54269540,1788525347,2026-09-04T12:35:47Z,14,5198571,0,74180,1
54269570,1788525350,2026-09-04T12:35:50Z,46,16921945,0,993811,8
54269600,1788525353,2026-09-04T12:35:53Z,13,6950729,0,445543,1
54269630,1788525356,2026-09-04T12:35:56Z,16,5373821,0,358024,1
54269660,1788525359,2026-09-04T12:35:59Z,7,2762901,0,46739,1
54269690,1788525362,2026-09-04T12:36:02Z,13,4497170,0,112143,2
54269720,1788525365,2026-09-04T12:36:05Z,16,6400005,0,67821,1
54269750,1788525368,2026-09-04T12:36:08Z,7,1280844,0,0,0
54269780,1788525371,2026-09-04T12:36:11Z,10,5137526,0,0,0
54269810,1788525375,2026-09-04T12:36:15Z,18,10453753,0,64247,1
54269840,1788525378,2026-09-04T12:36:18Z,20,9381692,0,0,0
54269870,1788525381,2026-09-04T12:36:21Z,37,22017598,0,2305948,9
54269900,1788525384,2026-09-04T12:36:24Z,23,8572002,0,960612,3
54269930,1788525387,2026-09-04T12:36:27Z,13,4635138,0,0,0
54269960,1788525390,2026-09-04T12:36:30Z,13,3062978,0,80373,1
54269990,1788525393,2026-09-04T12:36:33Z,40,15563893,0,578871,2
54270020,1788525397,2026-09-04T12:36:37Z,16,7195484,0,322546,1
54270050,1788525400,2026-09-04T12:36:40Z,25,12186268,0,0,0
54270080,1788525403,2026-09-04T12:36:43Z,15,7286852,0,53695,1
54270110,1788525406,2026-09-04T12:36:46Z,11,4101178,0,155854,2
54270140,1788525409,2026-09-04T12:36:49Z,30,17217850,0,907400,7
54270170,1788525412,2026-09-04T12:36:52Z,12,2023057,0,107734,2
54270200,1788525415,2026-09-04T12:36:55Z,16,4499971,0,682579,5
54270230,1788525418,2026-09-04T12:36:58Z,28,8597151,0,2116309,5
54270260,1788525421,2026-09-04T12:37:01Z,15,3056818,0,869250,6
54270290,1788525424,2026-09-04T12:37:04Z,26,9843722,0,98967,2
54270320,1788525427,2026-09-04T12:37:07Z,9,2079625,0,516024,1
54270350,1788525430,2026-09-04T12:37:10Z,19,7514032,0,233960,4
54270380,1788525433,2026-09-04T12:37:13Z,14,4146220,0,117966,2
54270410,1788525436,2026-09-04T12:37:16Z,14,6284462,0,0,0
54270440,1788525440,2026-09-04T12:37:20Z,38,8709015,0,2060020,15
54270470,1788525443,2026-09-04T12:37:23Z,12,6119024,0,1361318,3
54270500,1788525446,2026-09-04T12:37:26Z,28,12142409,0,587673,7
54270530,1788525449,2026-09-04T12:37:29Z,9,3221114,0,130982,2
54270560,1788525452,2026-09-04T12:37:32Z,14,4494559,0,319094,3
54270590,1788525455,2026-09-04T12:37:35Z,18,5474384,0,1075072,7
54270620,1788525458,2026-09-04T12:37:38Z,13,3860452,0,521939,6
54270650,1788525461,2026-09-04T12:37:41Z,11,2798250,0,182396,3
54270680,1788525464,2026-09-04T12:37:44Z,26,6167924,0,1460596,16
54270710,1788525468,2026-09-04T12:37:48Z,17,3145273,0,384544,6
54270740,1788525471,2026-09-04T12:37:51Z,21,5078562,0,1207955,7
54270770,1788525474,2026-09-04T12:37:54Z,27,8209574,0,1349175,9
54270800,1788525477,2026-09-04T12:37:57Z,20,3917348,0,1660778,8
54270830,1788525480,2026-09-04T12:38:00Z,19,4961251,0,207295,3
54270860,1788525483,2026-09-04T12:38:03Z,66,6253026,0,1939195,30
54270890,1788525486,2026-09-04T12:38:06Z,10,5219337,0,1240983,3
54270920,1788525489,2026-09-04T12:38:09Z,20,6690596,0,246580,3
54270950,1788525492,2026-09-04T12:38:12Z,20,8125343,0,608214,6
54270980,1788525495,2026-09-04T12:38:15Z,24,6343671,0,1862622,10
54271010,1788525498,2026-09-04T12:38:18Z,15,2716615,0,1017909,11
54271040,1788525501,2026-09-04T12:38:21Z,14,3775901,0,62312,1
54271070,1788525504,2026-09-04T12:38:24Z,29,7812055,0,1923427,20
54271100,1788525508,2026-09-04T12:38:28Z,8,1201031,0,743008,4
54271130,1788525511,2026-09-04T12:38:31Z,23,5402526,0,4199961,18
54271160,1788525514,2026-09-04T12:38:34Z,24,5256279,0,1317413,12
54271190,1788525517,2026-09-04T12:38:37Z,11,5723802,0,1079127,2
54271220,1788525520,2026-09-04T12:38:40Z,7,1616012,0,489350,3
54271250,1788525523,2026-09-04T12:38:43Z,14,3010948,0,1341629,7
54271280,1788525526,2026-09-04T12:38:46Z,15,3336433,0,299014,5
54271310,1788525529,2026-09-04T12:38:49Z,28,10666050,0,1783217,11
54271340,1788525532,2026-09-04T12:38:52Z,11,4650825,0,920854,4
54271370,1788525535,2026-09-04T12:38:55Z,21,3719188,0,972569,11
54271400,1788525538,2026-09-04T12:38:58Z,5,1507254,0,0,0
54271430,1788525539,2026-09-04T12:38:59Z,1,0,0,0,0
54271460,1788525541,2026-09-04T12:39:01Z,16,3649551,0,366829,6
54271490,1788525544,2026-09-04T12:39:04Z,7,1035499,0,96686,2
54271520,1788525547,2026-09-04T12:39:07Z,18,4118467,0,640530,8
54271550,1788525550,2026-09-04T12:39:10Z,13,3272564,0,58568,1
54271580,1788525553,2026-09-04T12:39:13Z,9,2674703,0,0,0
54271610,1788525556,2026-09-04T12:39:16Z,7,2660728,0,317661,2
54271640,1788525559,2026-09-04T12:39:19Z,11,3057102,0,57250,1
54271670,1788525562,2026-09-04T12:39:22Z,11,1992119,0,58580,1
54271700,1788525565,2026-09-04T12:39:25Z,13,3302492,0,259573,1
54271730,1788525568,2026-09-04T12:39:28Z,19,5951842,0,362715,5
54271760,1788525571,2026-09-04T12:39:31Z,5,2035750,0,0,0
54271790,1788525574,2026-09-04T12:39:34Z,4,1760574,0,119569,1
54271820,1788525577,2026-09-04T12:39:37Z,8,2627352,0,2257829,6
54271850,1788525581,2026-09-04T12:39:41Z,14,4968592,0,4411373,5
54271880,1788525584,2026-09-04T12:39:44Z,12,2886822,0,1037476,6
54271910,1788525587,2026-09-04T12:39:47Z,22,8237853,0,192450,3
54271940,1788525590,2026-09-04T12:39:50Z,7,3570147,0,0,0
54271970,1788525593,2026-09-04T12:39:53Z,9,2054126,0,1256763,3
54272000,1788525596,2026-09-04T12:39:56Z,19,8111650,0,1292793,3
54272030,1788525599,2026-09-04T12:39:59Z,3,708848,0,502548,2
54272060,1788525602,2026-09-04T12:40:02Z,18,8086928,0,3902535,11
54272090,1788525605,2026-09-04T12:40:05Z,11,7121839,0,1629580,2
54272120,1788525608,2026-09-04T12:40:08Z,13,3475137,0,649826,4
54272150,1788525612,2026-09-04T12:40:12Z,19,4264171,0,842792,3
54272180,1788525615,2026-09-04T12:40:15Z,22,3299345,0,1425919,13
54272210,1788525618,2026-09-04T12:40:18Z,13,5243258,0,2210106,4
54272240,1788525621,2026-09-04T12:40:21Z,19,5551971,0,2205490,6
54272270,1788525624,2026-09-04T12:40:24Z,18,9168123,0,1443259,3
54272300,1788525627,2026-09-04T12:40:27Z,18,3319348,0,549587,9
54272330,1788525630,2026-09-04T12:40:30Z,18,4762532,0,1848253,6
54272360,1788525633,2026-09-04T12:40:33Z,18,5098151,0,322093,6
54272390,1788525636,2026-09-04T12:40:36Z,15,4350097,0,344996,5
54272420,1788525639,2026-09-04T12:40:39Z,10,3109201,0,157824,2
54272450,1788525642,2026-09-04T12:40:42Z,5,1124638,0,1103638,4
54272480,1788525645,2026-09-04T12:40:45Z,12,1857918,0,557933,6
54272510,1788525648,2026-09-04T12:40:48Z,6,2107923,0,1193845,1
54272540,1788525651,2026-09-04T12:40:51Z,5,1586398,0,0,0
54272570,1788525654,2026-09-04T12:40:54Z,18,3327543,0,610365,7
54272600,1788525657,2026-09-04T12:40:57Z,9,1525260,0,535629,5
54272630,1788525660,2026-09-04T12:41:00Z,21,8097590,0,738713,1
54272660,1788525663,2026-09-04T12:41:03Z,9,2701007,0,1269512,3
54272690,1788525668,2026-09-04T12:41:08Z,10,2506259,0,76716,2
54272720,1788525671,2026-09-04T12:41:11Z,48,28783152,0,2497057,7
54272750,1788525674,2026-09-04T12:41:14Z,27,6506431,0,1635859,9
54272780,1788525677,2026-09-04T12:41:17Z,13,9684515,0,0,0
54272810,1788525680,2026-09-04T12:41:20Z,9,2174421,0,1050423,3
54272840,1788525683,2026-09-04T12:41:23Z,7,3294388,0,1393193,2
54272870,1788525686,2026-09-04T12:41:26Z,14,3009768,0,1325012,9
54272900,1788525689,2026-09-04T12:41:29Z,5,635711,0,0,0
54272930,1788525692,2026-09-04T12:41:32Z,6,3057153,0,971150,2
54272960,1788525695,2026-09-04T12:41:35Z,7,3006369,0,1499046,3
54272990,1788525698,2026-09-04T12:41:38Z,14,2111518,0,917068,5
54273020,1788525701,2026-09-04T12:41:41Z,11,5184854,0,707427,3
54273050,1788525704,2026-09-04T12:41:44Z,11,1838576,0,161441,2
54273080,1788525707,2026-09-04T12:41:47Z,14,4593137,0,110240,3
54273110,1788525710,2026-09-04T12:41:50Z,12,4926674,0,1596332,2
54273140,1788525713,2026-09-04T12:41:53Z,7,2952379,0,128325,1
54273170,1788525716,2026-09-04T12:41:56Z,9,3487153,0,1401609,2
54273200,1788525719,2026-09-04T12:41:59Z,5,774362,0,129246,1
54273230,1788525722,2026-09-04T12:42:02Z,17,7410529,0,0,0
54273260,1788525725,2026-09-04T12:42:05Z,4,497016,0,207841,3
54273290,1788525728,2026-09-04T12:42:08Z,10,2098100,0,125500,2
54273320,1788525731,2026-09-04T12:42:11Z,15,5323815,0,58656,1
54273350,1788525734,2026-09-04T12:42:14Z,6,2539727,0,208112,3
54273380,1788525738,2026-09-04T12:42:18Z,10,898806,0,496104,6
54273410,1788525741,2026-09-04T12:42:21Z,7,1488845,0,426666,2
54273440,1788525744,2026-09-04T12:42:24Z,1,455556,0,0,0
54273470,1788525747,2026-09-04T12:42:27Z,12,4965341,0,1135457,3
54273500,1788525750,2026-09-04T12:42:30Z,9,3613574,0,150420,1
54273530,1788525753,2026-09-04T12:42:33Z,21,7416874,0,327175,4
54273560,1788525756,2026-09-04T12:42:36Z,13,2138130,0,107621,2
54273590,1788525759,2026-09-04T12:42:39Z,5,689450,0,0,0
54273620,1788525762,2026-09-04T12:42:42Z,5,1583050,0,0,0
54273650,1788525765,2026-09-04T12:42:45Z,10,6999373,0,2820887,3
54273680,1788525768,2026-09-04T12:42:48Z,19,5303066,0,3041291,2
54273710,1788525771,2026-09-04T12:42:51Z,23,9646791,0,1591712,7
54273740,1788525774,2026-09-04T12:42:54Z,35,13965980,0,8181446,16
54273770,1788525777,2026-09-04T12:42:57Z,6,2413329,0,334807,1
54273800,1788525780,2026-09-04T12:43:00Z,21,4247461,0,761533,7
54273830,1788525783,2026-09-04T12:43:03Z,21,8118096,0,2391503,11
54273860,1788525786,2026-09-04T12:43:06Z,11,4401139,0,0,0
54273890,1788525790,2026-09-04T12:43:10Z,12,5944982,0,453033,1
54273920,1788525793,2026-09-04T12:43:13Z,11,4050695,0,447341,1
54273950,1788525796,2026-09-04T12:43:16Z,13,3477727,0,1311770,5
54273980,1788525799,2026-09-04T12:43:19Z,19,5186206,0,919465,6
54274010,1788525802,2026-09-04T12:43:22Z,19,8154584,0,3202045,5
54274040,1788525805,2026-09-04T12:43:25Z,12,6584044,0,778074,2
54274070,1788525808,2026-09-04T12:43:28Z,17,11505183,0,1113216,3
54274100,1788525811,2026-09-04T12:43:31Z,10,12627311,0,197992,2
54274130,1788525814,2026-09-04T12:43:34Z,9,1526701,0,1211500,4
54274160,1788525817,2026-09-04T12:43:37Z,23,5769481,0,438575,3
54274190,1788525820,2026-09-04T12:43:40Z,21,6788833,0,718421,5
54274220,1788525823,2026-09-04T12:43:43Z,10,3490678,0,1183947,6
54274250,1788525826,2026-09-04T12:43:46Z,6,2254678,0,334575,1
54274280,1788525830,2026-09-04T12:43:50Z,7,2752896,0,487731,2
54274310,1788525833,2026-09-04T12:43:53Z,21,5890239,0,1507751,9
54274340,1788525836,2026-09-04T12:43:56Z,17,5290857,0,153861,3
54274370,1788525839,2026-09-04T12:43:59Z,47,6096849,0,2778460,34
54274400,1788525842,2026-09-04T12:44:02Z,15,2567068,0,188421,3
54274430,1788525845,2026-09-04T12:44:05Z,12,2654189,0,72148,1
54274460,1788525848,2026-09-04T12:44:08Z,7,1730696,0,1177240,3
54274490,1788525851,2026-09-04T12:44:11Z,15,4740491,0,665200,8
54274520,1788525854,2026-09-04T12:44:14Z,8,3061173,0,1317634,2
54274550,1788525857,2026-09-04T12:44:17Z,4,544487,0,0,0
54274580,1788525860,2026-09-04T12:44:20Z,9,2391108,0,1123693,4
54274610,1788525863,2026-09-04T12:44:23Z,14,4153904,0,1250318,2
54274640,1788525866,2026-09-04T12:44:26Z,9,4425263,0,2928360,3
54274670,1788525869,2026-09-04T12:44:29Z,12,5855853,0,2423919,4
54274700,1788525872,2026-09-04T12:44:32Z,10,2661486,0,809832,4
54274730,1788525875,2026-09-04T12:44:35Z,23,6132222,0,2506336,10
54274760,1788525878,2026-09-04T12:44:38Z,13,1279061,0,576707,5
54274790,1788525881,2026-09-04T12:44:41Z,7,8126333,0,1029475,2
54274820,1788525885,2026-09-04T12:44:45Z,3,1380317,0,71659,1
54274850,1788525888,2026-09-04T12:44:48Z,2,527040,0,61993,1
54274880,1788525891,2026-09-04T12:44:51Z,13,2679345,0,1049582,4
54274910,1788525894,2026-09-04T12:44:54Z,8,3106915,0,334315,1
54274940,1788525897,2026-09-04T12:44:57Z,22,11964874,0,221705,4
54274970,1788525900,2026-09-04T12:45:00Z,11,4130100,0,2161987,5
54275000,1788525903,2026-09-04T12:45:03Z,11,3349393,0,411634,3
54275030,1788525906,2026-09-04T12:45:06Z,42,6487655,0,3803947,35
54275060,1788525909,2026-09-04T12:45:09Z,6,760602,0,612135,4
54275090,1788525912,2026-09-04T12:45:12Z,10,2205938,0,445700,3
54275120,1788525915,2026-09-04T12:45:15Z,6,1192910,0,453064,1
54275150,1788525918,2026-09-04T12:45:18Z,12,2252840,0,611493,2
54275180,1788525921,2026-09-04T12:45:21Z,1,141062,0,0,0
54275210,1788525924,2026-09-04T12:45:24Z,14,5103479,0,1408130,4
54275240,1788525927,2026-09-04T12:45:27Z,12,5327079,0,1122584,4
54275270,1788525930,2026-09-04T12:45:30Z,2,289267,0,0,0
54275300,1788525933,2026-09-04T12:45:33Z,15,7440622,0,2429426,8
54275330,1788525936,2026-09-04T12:45:36Z,14,7435730,0,1489896,5
54275360,1788525939,2026-09-04T12:45:39Z,17,5470855,0,2540063,9
54275390,1788525942,2026-09-04T12:45:42Z,21,3498129,0,1821570,13
54275420,1788525945,2026-09-04T12:45:45Z,19,6473063,0,702962,7
54275450,1788525948,2026-09-04T12:45:48Z,9,1885408,0,1097367,7
54275480,1788525951,2026-09-04T12:45:51Z,10,1171275,0,267623,4
54275510,1788525954,2026-09-04T12:45:54Z,27,10154866,0,7049194,15
54275540,1788525957,2026-09-04T12:45:57Z,15,3731642,0,539991,6
54275570,1788525960,2026-09-04T12:46:00Z,8,2156987,0,743035,3
54275600,1788525963,2026-09-04T12:46:03Z,7,913797,0,229887,3
54275630,1788525966,2026-09-04T12:46:06Z,39,6872909,0,4563162,27
54275660,1788525969,2026-09-04T12:46:09Z,30,5949882,0,535724,11
54275690,1788525972,2026-09-04T12:46:12Z,11,2838296,0,463065,3
54275720,1788525975,2026-09-04T12:46:15Z,9,4140141,0,34412,1
54275750,1788525978,2026-09-04T12:46:18Z,10,1566111,0,631180,5
54275780,1788525982,2026-09-04T12:46:22Z,7,1304198,0,1228034,5
54275810,1788525985,2026-09-04T12:46:25Z,14,1810889,0,607018,7
54275840,1788525988,2026-09-04T12:46:28Z,12,2496951,0,558043,6
54275870,1788525991,2026-09-04T12:46:31Z,34,3055136,0,1578159,23
54275900,1788525994,2026-09-04T12:46:34Z,13,1966894,0,377966,7
54275930,1788525997,2026-09-04T12:46:37Z,10,3552531,0,38393,1
54275960,1788526000,2026-09-04T12:46:40Z,38,17668939,0,127407,3
54275990,1788526003,2026-09-04T12:46:43Z,20,6089406,0,4127240,13
54276020,1788526006,2026-09-04T12:46:46Z,20,5718880,0,386690,10
54276050,1788526009,2026-09-04T12:46:49Z,11,4092538,0,1708266,6
54276080,1788526012,2026-09-04T12:46:52Z,23,2529724,0,788267,13
54276110,1788526015,2026-09-04T12:46:55Z,8,5223870,0,112587,2
54276140,1788526018,2026-09-04T12:46:58Z,37,4564604,0,2018010,25
54276170,1788526021,2026-09-04T12:47:01Z,12,3472827,0,681421,4
54276200,1788526024,2026-09-04T12:47:04Z,4,1123758,0,0,0
54276230,1788526027,2026-09-04T12:47:07Z,10,1990508,0,936637,5
54276260,1788526030,2026-09-04T12:47:10Z,19,8335389,0,1831351,9
54276290,1788526033,2026-09-04T12:47:13Z,23,3933195,0,409684,9
54276320,1788526036,2026-09-04T12:47:16Z,6,1630244,0,319809,1
54276350,1788526039,2026-09-04T12:47:19Z,7,1295513,0,262363,3
54276380,1788526043,2026-09-04T12:47:23Z,26,15011454,0,1727220,8
54276410,1788526046,2026-09-04T12:47:26Z,11,1739515,0,154088,2
54276440,1788526049,2026-09-04T12:47:29Z,38,10706073,0,5975124,27
54276470,1788526052,2026-09-04T12:47:32Z,33,12431443,0,8521538,25
54276500,1788526055,2026-09-04T12:47:35Z,19,5129122,0,1339325,8
54276530,1788526058,2026-09-04T12:47:38Z,7,2105116,0,689936,2
54276560,1788526061,2026-09-04T12:47:41Z,15,4144126,0,2084035,5
54276590,1788526064,2026-09-04T12:47:44Z,13,5776069,0,360568,4
54276620,1788526067,2026-09-04T12:47:47Z,30,10124927,0,8148628,23
54276650,1788526070,2026-09-04T12:47:50Z,3,554945,0,0,0
54276680,1788526073,2026-09-04T12:47:53Z,23,3648504,0,330518,7
54276710,1788526076,2026-09-04T12:47:56Z,9,2748045,0,764469,3
54276740,1788526079,2026-09-04T12:47:59Z,16,1389778,0,1267792,13
54276770,1788526082,2026-09-04T12:48:02Z,25,5769639,0,3355265,18
54276800,1788526085,2026-09-04T12:48:05Z,8,1350141,0,171292,3
54276830,1788526088,2026-09-04T12:48:08Z,10,719228,0,251846,2
54276860,1788526091,2026-09-04T12:48:11Z,26,5700249,0,1762034,13
54276890,1788526094,2026-09-04T12:48:14Z,10,1937304,0,825642,3
54276920,1788526097,2026-09-04T12:48:17Z,24,5154261,0,0,0
54276950,1788526100,2026-09-04T12:48:20Z,18,8212679,0,3551228,12
54276980,1788526103,2026-09-04T12:48:23Z,27,4748575,0,896139,11
54277010,1788526106,2026-09-04T12:48:26Z,13,2354367,0,695430,4
54277040,1788526110,2026-09-04T12:48:30Z,13,4823638,0,345264,4
54277070,1788526113,2026-09-04T12:48:33Z,11,5491939,0,1113227,3
54277100,1788526116,2026-09-04T12:48:36Z,11,4308395,0,64928,1
54277130,1788526119,2026-09-04T12:48:39Z,9,5736364,0,685056,7
54277160,1788526122,2026-09-04T12:48:42Z,17,5058195,0,404337,8
54277190,1788526125,2026-09-04T12:48:45Z,24,3427235,0,1303815,15
54277220,1788526128,2026-09-04T12:48:48Z,20,5252015,0,1573342,8
54277250,1788526131,2026-09-04T12:48:51Z,15,4929990,0,829811,9
54277280,1788526134,2026-09-04T12:48:54Z,10,689193,0,215543,3
54277310,1788526137,2026-09-04T12:48:57Z,9,1355691,0,143622,2
54277340,1788526140,2026-09-04T12:49:00Z,7,2216913,0,690916,2
54277370,1788526143,2026-09-04T12:49:03Z,20,1728115,0,1512856,16
54277400,1788526146,2026-09-04T12:49:06Z,9,1654572,0,131728,2
54277430,1788526149,2026-09-04T12:49:09Z,16,6916845,0,444218,1
54277460,1788526152,2026-09-04T12:49:12Z,34,7494421,0,2849948,22
54277490,1788526155,2026-09-04T12:49:15Z,33,8896923,0,1305513,15
54277520,1788526158,2026-09-04T12:49:18Z,7,2980859,0,0,0
54277550,1788526162,2026-09-04T12:49:22Z,15,2731933,0,124404,2
54277580,1788526165,2026-09-04T12:49:25Z,13,4914707,0,696102,8
54277610,1788526168,2026-09-04T12:49:28Z,7,787796,0,584843,3
54277640,1788526171,2026-09-04T12:49:31Z,8,3067788,0,84737,1
54277670,1788526174,2026-09-04T12:49:34Z,8,2328668,0,179330,2
54277700,1788526177,2026-09-04T12:49:37Z,6,477986,0,204983,2
54277730,1788526180,2026-09-04T12:49:40Z,19,5549445,0,4987315,15
54277760,1788526183,2026-09-04T12:49:43Z,8,1035566,0,557636,6
54277790,1788526186,2026-09-04T12:49:46Z,11,2250178,0,1239692,9
54277820,1788526189,2026-09-04T12:49:49Z,18,2936561,0,1163893,12
54277850,1788526192,2026-09-04T12:49:52Z,15,3505785,0,796569,9
54277880,1788526195,2026-09-04T12:49:55Z,11,1937262,0,259741,2
54277910,1788526198,2026-09-04T12:49:58Z,6,1845716,0,227568,2
54277940,1788526201,2026-09-04T12:50:01Z,13,2307763,0,1019589,8
54277970,1788526204,2026-09-04T12:50:04Z,9,3167248,0,1538180,4
54278000,1788526207,2026-09-04T12:50:07Z,14,1462900,0,501921,6
54278030,1788526210,2026-09-04T12:50:10Z,6,1850805,0,1640465,4
54278060,1788526213,2026-09-04T12:50:13Z,14,1624314,0,914972,10
54278090,1788526216,2026-09-04T12:50:16Z,14,4010788,0,1538933,8
54278120,1788526219,2026-09-04T12:50:19Z,11,2091941,0,575792,7
54278150,1788526222,2026-09-04T12:50:22Z,15,1489780,0,1001208,11
54278180,1788526225,2026-09-04T12:50:25Z,15,1698936,0,1099033,11
54278210,1788526228,2026-09-04T12:50:28Z,15,2825561,0,569355,7
54278240,1788526231,2026-09-04T12:50:31Z,22,2968565,0,1235178,15
54278270,1788526234,2026-09-04T12:50:34Z,12,4033142,0,2613641,6
54278300,1788526237,2026-09-04T12:50:37Z,23,4430978,0,3242982,18
54278330,1788526240,2026-09-04T12:50:40Z,27,3573480,0,3340918,24
54278360,1788526243,2026-09-04T12:50:43Z,7,1517042,0,653652,3
54278390,1788526246,2026-09-04T12:50:46Z,15,1579186,0,969220,10
54278420,1788526250,2026-09-04T12:50:50Z,15,3010693,0,261867,3
54278450,1788526253,2026-09-04T12:50:53Z,15,3048894,0,1428053,7
54278480,1788526256,2026-09-04T12:50:56Z,25,4220791,0,2461004,18
54278510,1788526259,2026-09-04T12:50:59Z,14,3511329,0,869853,6
54278540,1788526262,2026-09-04T12:51:02Z,8,2959954,0,558997,4
54278570,1788526265,2026-09-04T12:51:05Z,9,2028772,0,1062259,6
54278600,1788526268,2026-09-04T12:51:08Z,13,3388454,0,719647,8
54278630,1788526271,2026-09-04T12:51:11Z,27,5820399,0,1148618,9
54278660,1788526274,2026-09-04T12:51:14Z,8,2763767,0,473138,5
54278690,1788526277,2026-09-04T12:51:17Z,20,5235266,0,4884658,18
54278720,1788526280,2026-09-04T12:51:20Z,15,2710355,0,2710355,15
54278750,1788526283,2026-09-04T12:51:23Z,7,2871980,0,1637584,4
54278780,1788526286,2026-09-04T12:51:26Z,6,673009,0,113016,2
54278810,1788526290,2026-09-04T12:51:30Z,9,1641462,0,993739,5
54278840,1788526293,2026-09-04T12:51:33Z,10,2757592,0,2720142,9
54278870,1788526296,2026-09-04T12:51:36Z,10,2268494,0,211441,3
54278900,1788526299,2026-09-04T12:51:39Z,6,2105403,0,963001,5
54278930,1788526302,2026-09-04T12:51:42Z,20,6094011,0,2935074,12
54278960,1788526305,2026-09-04T12:51:45Z,5,1140327,0,92904,1
54278990,1788526308,2026-09-04T12:51:48Z,9,1126212,0,1005429,6
54279020,1788526311,2026-09-04T12:51:51Z,7,972330,0,452013,4
54279050,1788526315,2026-09-04T12:51:55Z,6,1884336,0,195289,2
54279080,1788526318,2026-09-04T12:51:58Z,8,1167964,0,781108,6
54279110,1788526320,2026-09-04T12:52:00Z,0,0,0,0,0
54279140,1788526321,2026-09-04T12:52:01Z,12,2818047,61833,2167193,8
54279170,1788526324,2026-09-04T12:52:04Z,4,530912,9062,0,0
54279200,1788526327,2026-09-04T12:52:07Z,9,2659279,56144,358807,4
54279230,1788526330,2026-09-04T12:52:10Z,9,1894445,60123,598917,6
54279260,1788526333,2026-09-04T12:52:13Z,4,288085,16438,211498,2
54279290,1788526336,2026-09-04T12:52:16Z,33,7805001,146179,4744032,30
54279320,1788526339,2026-09-04T12:52:19Z,7,2161720,24331,90959,1
54279350,1788526342,2026-09-04T12:52:22Z,19,986264,45400,851511,18
54279380,1788526345,2026-09-04T12:52:25Z,5,793847,32857,294883,3
54279410,1788526348,2026-09-04T12:52:28Z,5,998050,45880,404459,3
54279440,1788526351,2026-09-04T12:52:31Z,5,409794,34873,328208,3
54279470,1788526354,2026-09-04T12:52:34Z,7,952087,29534,732984,5
54279500,1788526357,2026-09-04T12:52:37Z,3,1017781,10940,361517,1
54279530,1788526360,2026-09-04T12:52:40Z,5,603894,30092,314002,3
54279560,1788526363,2026-09-04T12:52:43Z,3,750916,20542,595250,2
54279590,1788526366,2026-09-04T12:52:46Z,5,1023223,33178,907296,4
54279620,1788526369,2026-09-04T12:52:49Z,8,940530,53480,890902,6
54279650,1788526372,2026-09-04T12:52:52Z,6,1252322,30354,342152,4
54279680,1788526375,2026-09-04T12:52:55Z,1,77358,6129,77358,1
54279710,1788526378,2026-09-04T12:52:58Z,5,1690788,47380,453919,4
54279740,1788526381,2026-09-04T12:53:01Z,11,1094908,72267,806813,9
54279770,1788526384,2026-09-04T12:53:04Z,8,2507114,60101,958223,5
54279800,1788526387,2026-09-04T12:53:07Z,10,2144327,72114,1423409,8
54279830,1788526391,2026-09-04T12:53:11Z,6,2333074,28654,612905,2
54279860,1788526394,2026-09-04T12:53:14Z,10,2867366,48661,1182228,6
54279890,1788526397,2026-09-04T12:53:17Z,9,1684063,60243,806514,6
54279920,1788526400,2026-09-04T12:53:20Z,3,789657,8196,337275,1
54279950,1788526403,2026-09-04T12:53:23Z,3,127845,4631,33381,1
54279980,1788526406,2026-09-04T12:53:26Z,7,762390,70337,762390,7
54280010,1788526409,2026-09-04T12:53:29Z,9,2218947,46236,524838,6
54280040,1788526412,2026-09-04T12:53:32Z,5,1497310,34960,968518,3
54280070,1788526415,2026-09-04T12:53:35Z,6,1143149,23815,755832,2
54280100,1788526418,2026-09-04T12:53:38Z,9,3323576,42727,184911,2
54280130,1788526421,2026-09-04T12:53:41Z,4,1736610,15982,543787,1
54280160,1788526424,2026-09-04T12:53:44Z,5,1568817,13377,742212,1
54280190,1788526427,2026-09-04T12:53:47Z,8,864167,56971,620803,6
54280220,1788526430,2026-09-04T12:53:50Z,9,1120938,47960,837669,7
54280250,1788526433,2026-09-04T12:53:53Z,8,3273895,34290,660788,3
54280280,1788526436,2026-09-04T12:53:56Z,11,2573250,41772,2021744,8
54280310,1788526439,2026-09-04T12:53:59Z,11,3605909,30489,2365046,8
54280340,1788526442,2026-09-04T12:54:02Z,11,2088069,50914,924958,7
54280370,1788526445,2026-09-04T12:54:05Z,3,693595,8661,666027,2
54280400,1788526448,2026-09-04T12:54:08Z,6,789553,27904,274748,4
54280430,1788526451,2026-09-04T12:54:11Z,7,2009710,23534,1987950,6
54280460,1788526454,2026-09-04T12:54:14Z,9,1068316,48663,440083,5
54280490,1788526457,2026-09-04T12:54:17Z,3,557518,5089,0,0
54280520,1788526460,2026-09-04T12:54:20Z,11,2031054,75017,687857,7
54280550,1788526463,2026-09-04T12:54:23Z,7,2164209,42133,984436,5
54280580,1788526466,2026-09-04T12:54:26Z,2,181815,6884,72790,1
54280610,1788526469,2026-09-04T12:54:29Z,13,3047145,66536,1651987,11
54280640,1788526472,2026-09-04T12:54:32Z,4,712882,26091,229430,2
54280670,1788526476,2026-09-04T12:54:36Z,10,1710280,44496,937916,5
54280700,1788526479,2026-09-04T12:54:39Z,4,566344,10596,33305,1
54280730,1788526482,2026-09-04T12:54:42Z,1,47426,1177,0,0
54280760,1788526485,2026-09-04T12:54:45Z,6,732763,12587,0,0
54280790,1788526488,2026-09-04T12:54:48Z,9,3491429,24259,1587246,2
54280820,1788526491,2026-09-04T12:54:51Z,9,2739473,40266,416473,6
54280850,1788526494,2026-09-04T12:54:54Z,6,1316690,16956,442901,2
54280880,1788526497,2026-09-04T12:54:57Z,15,2253526,70385,987075,8
54280910,1788526500,2026-09-04T12:55:00Z,14,4468112,49540,170325,2
54280940,1788526503,2026-09-04T12:55:03Z,3,853168,22030,89772,1
54280970,1788526506,2026-09-04T12:55:06Z,20,6458320,77364,614451,4
54281000,1788526509,2026-09-04T12:55:09Z,12,3347248,52343,464092,5
54281030,1788526512,2026-09-04T12:55:12Z,5,1064451,16971,0,0
54281060,1788526515,2026-09-04T12:55:15Z,2,260536,25235,260536,2
54281090,1788526518,2026-09-04T12:55:18Z,14,3388084,88554,1406348,6
54281120,1788526521,2026-09-04T12:55:21Z,9,2467307,28272,331014,4
54281150,1788526524,2026-09-04T12:55:24Z,6,784063,13257,52529,1
54281180,1788526527,2026-09-04T12:55:27Z,3,1452464,15443,1304677,2
54281210,1788526530,2026-09-04T12:55:30Z,4,611657,8789,103391,1
54281240,1788526533,2026-09-04T12:55:33Z,21,4349675,77398,1764604,13
54281270,1788526536,2026-09-04T12:55:36Z,16,2248006,47632,587418,8
54281300,1788526539,2026-09-04T12:55:39Z,6,2024357,19650,220150,2
54281330,1788526542,2026-09-04T12:55:42Z,3,518408,7732,33308,1
54281360,1788526545,2026-09-04T12:55:45Z,4,770967,11055,0,0
54281390,1788526548,2026-09-04T12:55:48Z,4,706782,12258,52908,1
54281420,1788526552,2026-09-04T12:55:52Z,6,2252921,18510,107927,1
54281450,1788526555,2026-09-04T12:55:55Z,15,5376410,40778,599309,3
54281480,1788526558,2026-09-04T12:55:58Z,3,1108389,9931,0,0
54281510,1788526561,2026-09-04T12:56:01Z,4,3918815,16350,2390224,1
54281540,1788526564,2026-09-04T12:56:04Z,7,1738531,43523,1135928,3
54281570,1788526567,2026-09-04T12:56:07Z,22,3688078,136277,3214308,17
54281600,1788526570,2026-09-04T12:56:10Z,2,78280,6390,78280,2
54281630,1788526573,2026-09-04T12:56:13Z,9,3024514,26986,211381,4
54281660,1788526576,2026-09-04T12:56:16Z,9,3633594,36112,911770,3
54281690,1788526579,2026-09-04T12:56:19Z,15,3132469,105631,1916974,11
54281720,1788526582,2026-09-04T12:56:22Z,2,114204,7462,77975,1
54281750,1788526585,2026-09-04T12:56:25Z,20,5460243,44931,4485737,14
54281780,1788526588,2026-09-04T12:56:28Z,1,405607,4401,0,0
54281810,1788526591,2026-09-04T12:56:31Z,21,4846014,76268,1037121,12
54281840,1788526594,2026-09-04T12:56:34Z,8,745793,53279,434070,4
54281870,1788526597,2026-09-04T12:56:37Z,2,280036,3265,0,0
54281900,1788526600,2026-09-04T12:56:40Z,3,433838,5945,353371,1
54281930,1788526603,2026-09-04T12:56:43Z,3,1851389,14488,107190,1
54281960,1788526606,2026-09-04T12:56:46Z,6,2576608,25681,0,0
54281990,1788526609,2026-09-04T12:56:49Z,5,1731374,31395,1275480,3
54282020,1788526612,2026-09-04T12:56:52Z,3,113361,5641,74364,2
54282050,1788526615,2026-09-04T12:56:55Z,8,3551744,39410,886127,2
54282080,1788526618,2026-09-04T12:56:58Z,4,2636768,39152,0,0
54282110,1788526621,2026-09-04T12:57:01Z,7,2215477,42797,145681,1
54282140,1788526624,2026-09-04T12:57:04Z,12,3275579,48897,998242,5
54282170,1788526628,2026-09-04T12:57:08Z,6,2765980,34814,205079,1
54282200,1788526631,2026-09-04T12:57:11Z,7,3169792,41173,0,0
54282230,1788526634,2026-09-04T12:57:14Z,5,1752986,39635,0,0
54282260,1788526637,2026-09-04T12:57:17Z,11,2503281,29762,735513,4
54282290,1788526640,2026-09-04T12:57:20Z,8,3328023,49756,663141,3
54282320,1788526643,2026-09-04T12:57:23Z,6,2299975,39663,825919,3
54282350,1788526646,2026-09-04T12:57:26Z,10,2203917,50418,148085,3
54282380,1788526649,2026-09-04T12:57:29Z,6,1063832,45054,270136,3
54282410,1788526652,2026-09-04T12:57:32Z,16,2807027,47787,1076269,10
54282440,1788526655,2026-09-04T12:57:35Z,6,1377593,24257,33308,1
54282470,1788526658,2026-09-04T12:57:38Z,5,1611736,18709,231815,2
54282500,1788526661,2026-09-04T12:57:41Z,14,3115748,57433,2432171,11
54282530,1788526664,2026-09-04T12:57:44Z,21,3899240,67395,3422486,20
54282560,1788526667,2026-09-04T12:57:47Z,10,3443579,64236,909217,6
54282590,1788526670,2026-09-04T12:57:50Z,4,1217093,44030,267811,2
54282620,1788526673,2026-09-04T12:57:53Z,10,3253426,46667,0,0
54282650,1788526676,2026-09-04T12:57:56Z,9,2902733,64192,1519171,8
54282680,1788526679,2026-09-04T12:57:59Z,9,4725084,34854,120474,1
54282710,1788526682,2026-09-04T12:58:02Z,7,944075,49933,261398,2
54282740,1788526685,2026-09-04T12:58:05Z,17,6899693,64464,6899693,17
54282770,1788526688,2026-09-04T12:58:08Z,7,931229,23153,289611,5
54282800,1788526691,2026-09-04T12:58:11Z,11,2653990,32767,1269995,1
54282830,1788526694,2026-09-04T12:58:14Z,4,511615,30460,277074,2
54282860,1788526696,2026-09-04T12:58:16Z,0,0,0,0,0
54282890,1788526697,2026-09-04T12:58:17Z,5,1001763,0,980763,4
54282920,1788526700,2026-09-04T12:58:20Z,6,1650006,0,0,0
54282950,1788526703,2026-09-04T12:58:23Z,5,806408,0,199464,2
54282980,1788526706,2026-09-04T12:58:26Z,1,98423,0,98423,1
54283010,1788526709,2026-09-04T12:58:29Z,2,309350,0,0,0
54283040,1788526712,2026-09-04T12:58:32Z,9,773731,0,0,0
54283070,1788526715,2026-09-04T12:58:35Z,6,2095474,0,0,0
54283100,1788526718,2026-09-04T12:58:38Z,5,1636472,0,1365892,2
54283130,1788526721,2026-09-04T12:58:41Z,5,630053,0,0,0
54283160,1788526724,2026-09-04T12:58:44Z,15,1878631,0,454539,7
54283190,1788526727,2026-09-04T12:58:47Z,11,3087563,0,1823116,6
54283220,1788526730,2026-09-04T12:58:50Z,2,88311,0,64334,1
54283250,1788526733,2026-09-04T12:58:53Z,4,1389346,0,0,0
54283280,1788526736,2026-09-04T12:58:56Z,2,134349,0,0,0
54283310,1788526740,2026-09-04T12:59:00Z,7,1693088,0,584057,4
54283340,1788526743,2026-09-04T12:59:03Z,2,161211,0,117186,1
54283370,1788526746,2026-09-04T12:59:06Z,14,2413571,0,607229,2
54283400,1788526749,2026-09-04T12:59:09Z,6,1559983,0,81991,1
54283430,1788526752,2026-09-04T12:59:12Z,7,6290159,0,101177,1
54283460,1788526755,2026-09-04T12:59:15Z,4,2459244,0,2320674,2
54283490,1788526758,2026-09-04T12:59:18Z,12,3689004,0,179940,2
54283520,1788526761,2026-09-04T12:59:21Z,15,2099126,0,841018,11
54283550,1788526764,2026-09-04T12:59:24Z,10,2662602,0,0,0
54283580,1788526767,2026-09-04T12:59:27Z,15,5894002,0,2181172,8
54283610,1788526770,2026-09-04T12:59:30Z,21,8105265,0,2304633,6
54283640,1788526773,2026-09-04T12:59:33Z,8,1976567,0,181265,3
54283670,1788526776,2026-09-04T12:59:36Z,13,2836981,0,405294,4
54283700,1788526779,2026-09-04T12:59:39Z,10,2596620,0,361107,1
54283730,1788526782,2026-09-04T12:59:42Z,9,3911245,0,149941,2
54283760,1788526785,2026-09-04T12:59:45Z,18,2506012,0,1012957,13
54283790,1788526788,2026-09-04T12:59:48Z,2,503568,0,0,0
54283820,1788526791,2026-09-04T12:59:51Z,6,569586,0,143802,4
54283850,1788526794,2026-09-04T12:59:54Z,4,801167,0,0,0
54283880,1788526797,2026-09-04T12:59:57Z,3,690946,0,0,0
54283910,1788526800,2026-09-04T13:00:00Z,5,801855,0,0,0
54283940,1788526804,2026-09-04T13:00:04Z,26,3626096,0,1865534,19
54283970,1788526807,2026-09-04T13:00:07Z,6,1288958,0,0,0
54284000,1788526810,2026-09-04T13:00:10Z,10,1640303,0,280301,2
54284030,1788526813,2026-09-04T13:00:13Z,7,5487402,0,59655,1
54284060,1788526816,2026-09-04T13:00:16Z,8,1152636,0,205399,2
54284090,1788526819,2026-09-04T13:00:19Z,5,1053345,0,0,0
54284120,1788526822,2026-09-04T13:00:22Z,8,6401369,0,4578531,1
54284150,1788526825,2026-09-04T13:00:25Z,4,452158,0,150449,2
54284180,1788526828,2026-09-04T13:00:28Z,5,1351305,0,0,0
54284210,1788526831,2026-09-04T13:00:31Z,1,26439,0,26439,1
54284240,1788526834,2026-09-04T13:00:34Z,5,797260,0,88889,2
54284270,1788526837,2026-09-04T13:00:37Z,3,366141,0,0,0
54284300,1788526840,2026-09-04T13:00:40Z,9,11267125,0,10893283,7
54284330,1788526843,2026-09-04T13:00:43Z,2,8080550,0,0,0
54284360,1788526846,2026-09-04T13:00:46Z,3,1258919,0,163515,2
54284390,1788526849,2026-09-04T13:00:49Z,1,304857,0,0,0
54284420,1788526852,2026-09-04T13:00:52Z,2,402801,0,0,0
54284450,1788526855,2026-09-04T13:00:55Z,3,677154,0,113875,2
54284480,1788526859,2026-09-04T13:00:59Z,5,1153492,0,901246,3
54284510,1788526862,2026-09-04T13:01:02Z,2,102909,0,65459,1
54284540,1788526865,2026-09-04T13:01:05Z,5,819672,0,621156,2
54284570,1788526868,2026-09-04T13:01:08Z,7,1244306,0,528135,1
54284600,1788526871,2026-09-04T13:01:11Z,15,6362225,0,194485,2
54284630,1788526874,2026-09-04T13:01:14Z,2,1079658,0,0,0
54284660,1788526877,2026-09-04T13:01:17Z,5,1801463,0,0,0
54284690,1788526880,2026-09-04T13:01:20Z,1,179787,0,0,0
54284720,1788526883,2026-09-04T13:01:23Z,4,1131001,0,0,0
54284750,1788526886,2026-09-04T13:01:26Z,2,1798333,0,0,0
54284780,1788526889,2026-09-04T13:01:29Z,3,1541736,0,0,0
54284810,1788526892,2026-09-04T13:01:32Z,6,3700233,0,86129,2
54284840,1788526895,2026-09-04T13:01:35Z,1,117773,0,0,0
54284870,1788526898,2026-09-04T13:01:38Z,12,981982,0,251643,5
54284900,1788526902,2026-09-04T13:01:42Z,20,9534431,0,2112329,5
54284930,1788526905,2026-09-04T13:01:45Z,9,2913300,0,1916221,3
54284960,1788526908,2026-09-04T13:01:48Z,6,4933590,0,189120,3
54284990,1788526911,2026-09-04T13:01:51Z,6,1305590,0,25577,1
54285020,1788526914,2026-09-04T13:01:54Z,3,843284,0,0,0
54285050,1788526917,2026-09-04T13:01:57Z,6,2086972,0,0,0
54285080,1788526920,2026-09-04T13:02:00Z,6,2249728,0,1425630,2
54285110,1788526923,2026-09-04T13:02:03Z,2,700495,0,0,0
54285140,1788526926,2026-09-04T13:02:06Z,7,1181078,0,226147,3
54285170,1788526929,2026-09-04T13:02:09Z,3,229550,0,0,0
54285200,1788526932,2026-09-04T13:02:12Z,3,461224,0,0,0
54285230,1788526935,2026-09-04T13:02:15Z,8,2916362,0,82664,2
54285260,1788526938,2026-09-04T13:02:18Z,8,1679980,0,171482,3
54285290,1788526941,2026-09-04T13:02:21Z,5,818485,0,71803,1
54285320,1788526945,2026-09-04T13:02:25Z,5,1948597,0,375256,2
54285350,1788526948,2026-09-04T13:02:28Z,8,938722,0,475889,5
54285380,1788526951,2026-09-04T13:02:31Z,19,4705652,0,1609258,12
54285410,1788526954,2026-09-04T13:02:34Z,7,2958275,0,2241041,4
54285440,1788526957,2026-09-04T13:02:37Z,8,5676182,0,34567,1
54285470,1788526960,2026-09-04T13:02:40Z,5,952563,0,184691,3
54285500,1788526963,2026-09-04T13:02:43Z,11,1779637,0,623966,4
54285530,1788526966,2026-09-04T13:02:46Z,17,2969955,0,1100811,12
54285560,1788526969,2026-09-04T13:02:49Z,5,1083134,0,42296,1
54285590,1788526972,2026-09-04T13:02:52Z,3,369567,0,369567,3
54285620,1788526975,2026-09-04T13:02:55Z,3,1552768,0,0,0
54285650,1788526978,2026-09-04T13:02:58Z,11,2291628,0,205102,3
54285680,1788526981,2026-09-04T13:03:01Z,10,762736,0,0,0
54285710,1788526984,2026-09-04T13:03:04Z,2,205231,0,0,0
54285740,1788526987,2026-09-04T13:03:07Z,4,2821546,0,0,0
54285770,1788526990,2026-09-04T13:03:10Z,3,299744,0,0,0
54285800,1788526993,2026-09-04T13:03:13Z,5,1872351,0,0,0
54285830,1788526996,2026-09-04T13:03:16Z,5,2593441,0,1429517,2
54285860,1788527000,2026-09-04T13:03:20Z,3,638324,0,0,0
54285890,1788527003,2026-09-04T13:03:23Z,5,1986994,0,925179,2
54285920,1788527006,2026-09-04T13:03:26Z,7,2157077,0,0,0
54285950,1788527009,2026-09-04T13:03:29Z,9,732516,0,204345,5
54285980,1788527012,2026-09-04T13:03:32Z,2,297541,0,248854,1
54286010,1788527015,2026-09-04T13:03:35Z,6,1677704,0,1035345,3
54286040,1788527018,2026-09-04T13:03:38Z,7,791640,0,0,0
54286070,1788527021,2026-09-04T13:03:41Z,10,3523672,0,602107,3
54286100,1788527024,2026-09-04T13:03:44Z,11,4588075,0,353968,4
54286130,1788527027,2026-09-04T13:03:47Z,11,1716865,0,1055656,4
54286160,1788527030,2026-09-04T13:03:50Z,11,3750640,0,127188,1
54286190,1788527033,2026-09-04T13:03:53Z,9,4734429,0,750430,4
54286220,1788527036,2026-09-04T13:03:56Z,2,696335,0,452739,1
54286250,1788527039,2026-09-04T13:03:59Z,6,2979927,0,0,0
54286280,1788527042,2026-09-04T13:04:02Z,12,5259749,0,1604184,6
54286310,1788527045,2026-09-04T13:04:05Z,8,2323365,0,601065,1
54286340,1788527048,2026-09-04T13:04:08Z,4,571593,0,85502,1
54286370,1788527051,2026-09-04T13:04:11Z,5,1353734,0,0,0
54286400,1788527055,2026-09-04T13:04:15Z,11,6355631,0,122303,2
54286430,1788527058,2026-09-04T13:04:18Z,10,6501222,0,0,0
54286460,1788527061,2026-09-04T13:04:21Z,12,3128964,0,1076846,4
54286490,1788527064,2026-09-04T13:04:24Z,19,8617488,0,2019330,4
54286520,1788527067,2026-09-04T13:04:27Z,13,4242594,0,2463654,6
54286550,1788527070,2026-09-04T13:04:30Z,13,1946838,0,683111,7
54286580,1788527073,2026-09-04T13:04:33Z,37,12094442,0,3248798,16
54286610,1788527076,2026-09-04T13:04:36Z,8,1800680,0,63327,1
54286640,1788527079,2026-09-04T13:04:39Z,13,5175916,0,3511478,7
54286670,1788527082,2026-09-04T13:04:42Z,12,3496471,0,422313,2
54286700,1788527085,2026-09-04T13:04:45Z,11,2963223,0,1073388,3
54286730,1788527086,2026-09-04T13:04:46Z,0,0,0,0,0
54286760,1788527086,2026-09-04T13:04:46Z,0,0,0,0,0
54286790,1788527087,2026-09-04T13:04:47Z,7,1628353,38132,259179,2
54286820,1788527090,2026-09-04T13:04:50Z,3,839573,15133,0,0
54286850,1788527093,2026-09-04T13:04:53Z,11,2805592,58796,2495673,7
54286880,1788527096,2026-09-04T13:04:56Z,6,1968789,37933,791384,1
54286910,1788527099,2026-09-04T13:04:59Z,5,842562,20759,0,0
54286940,1788527102,2026-09-04T13:05:02Z,12,3596417,72653,139805,2
54286970,1788527105,2026-09-04T13:05:05Z,7,1760592,45731,1271426,1
54287000,1788527108,2026-09-04T13:05:08Z,2,376558,10212,0,0
54287030,1788527111,2026-09-04T13:05:11Z,11,2016490,54375,777905,5
54287060,1788527115,2026-09-04T13:05:15Z,6,2935933,61005,0,0
54287090,1788527118,2026-09-04T13:05:18Z,2,1001534,13369,92042,1
54287120,1788527121,2026-09-04T13:05:21Z,5,2346572,57315,1426137,2
54287150,1788527124,2026-09-04T13:05:24Z,3,245758,10970,0,0
54287180,1788527127,2026-09-04T13:05:27Z,1,48714,2717,0,0
54287210,1788527130,2026-09-04T13:05:30Z,5,416716,16142,0,0
54287240,1788527133,2026-09-04T13:05:33Z,2,762740,18278,0,0
54287270,1788527136,2026-09-04T13:05:36Z,7,1156141,42439,180453,2
54287300,1788527139,2026-09-04T13:05:39Z,7,1491645,40994,208459,3
54287330,1788527142,2026-09-04T13:05:42Z,5,1761253,35712,155178,2
54287360,1788527145,2026-09-04T13:05:45Z,8,3867249,79403,133603,1
54287390,1788527148,2026-09-04T13:05:48Z,3,1570504,22627,62840,1
54287420,1788527151,2026-09-04T13:05:51Z,2,843599,12942,0,0
54287450,1788527154,2026-09-04T13:05:54Z,7,4309096,68496,1293444,1
54287480,1788527157,2026-09-04T13:05:57Z,21,2919468,294885,1376067,11
54287510,1788527160,2026-09-04T13:06:00Z,41,5056048,110199,0,0
54287540,1788527163,2026-09-04T13:06:03Z,5,1553047,33787,1166405,3
54287570,1788527166,2026-09-04T13:06:06Z,8,1008804,31865,217357,4
54287600,1788527169,2026-09-04T13:06:09Z,5,1770757,45430,0,0
54287630,1788527172,2026-09-04T13:06:12Z,5,1034368,44049,148079,1
54287660,1788527175,2026-09-04T13:06:15Z,16,4868341,92557,475455,6
54287690,1788527178,2026-09-04T13:06:18Z,5,2455642,55698,1059959,1
54287720,1788527181,2026-09-04T13:06:21Z,18,7663618,194559,464862,3
54287750,1788527185,2026-09-04T13:06:25Z,21,6221992,189562,2820617,11
54287780,1788527188,2026-09-04T13:06:28Z,4,663498,26032,453305,2
54287810,1788527191,2026-09-04T13:06:31Z,12,6641612,195293,5366077,6
54287840,1788527194,2026-09-04T13:06:34Z,14,3651854,101651,1105884,5
54287870,1788527197,2026-09-04T13:06:37Z,23,3242896,168999,318242,6
54287900,1788527200,2026-09-04T13:06:40Z,27,3540749,134596,964442,13
54287930,1788527203,2026-09-04T13:06:43Z,13,1486872,84220,400116,9
54287960,1788527206,2026-09-04T13:06:46Z,11,1462719,69200,183043,4
54287990,1788527209,2026-09-04T13:06:49Z,27,4603846,204532,1151558,7
54288020,1788527212,2026-09-04T13:06:52Z,12,4181913,68777,1702811,3
54288050,1788527215,2026-09-04T13:06:55Z,5,1590956,41030,66399,1
54288080,1788527218,2026-09-04T13:06:58Z,8,2792189,55790,1063190,3
54288110,1788527221,2026-09-04T13:07:01Z,14,3692767,199544,224938,4
54288140,1788527224,2026-09-04T13:07:04Z,10,3730186,120738,916015,3
54288170,1788527227,2026-09-04T13:07:07Z,13,6291468,123660,2686479,2
54288200,1788527230,2026-09-04T13:07:10Z,4,2209897,31492,0,0
54288230,1788527233,2026-09-04T13:07:13Z,16,3249352,202179,1143374,6
54288260,1788527236,2026-09-04T13:07:16Z,15,4196463,113635,307423,3
54288290,1788527239,2026-09-04T13:07:19Z,21,2530313,97161,1539695,16
54288320,1788527242,2026-09-04T13:07:22Z,16,2654637,137928,788638,5
54288350,1788527245,2026-09-04T13:07:25Z,6,1007970,42216,749528,3
54288380,1788527248,2026-09-04T13:07:28Z,11,3005219,85759,580636,4
54288410,1788527252,2026-09-04T13:07:32Z,24,5994259,186698,2659549,13
54288440,1788527255,2026-09-04T13:07:35Z,34,5235642,190849,473645,12
54288470,1788527258,2026-09-04T13:07:38Z,34,8504870,304764,825861,8
54288500,1788527261,2026-09-04T13:07:41Z,25,6695432,229810,679621,7
54288530,1788527264,2026-09-04T13:07:44Z,14,5009705,97675,705562,2
54288560,1788527267,2026-09-04T13:07:47Z,25,3896635,128608,151643,1
54288590,1788527270,2026-09-04T13:07:50Z,12,3371523,78931,224214,2
54288620,1788527273,2026-09-04T13:07:53Z,17,12312848,230648,7387282,6
54288650,1788527276,2026-09-04T13:07:56Z,19,4741912,141249,69662,1
54288680,1788527279,2026-09-04T13:07:59Z,9,2527935,64257,179546,2
54288710,1788527282,2026-09-04T13:08:02Z,12,5847000,95653,966293,4
54288740,1788527285,2026-09-04T13:08:05Z,24,4504228,149140,152678,2
54288770,1788527288,2026-09-04T13:08:08Z,14,4031039,133915,288250,1
54288800,1788527291,2026-09-04T13:08:11Z,15,5323330,140843,418603,1
54288830,1788527294,2026-09-04T13:08:14Z,27,1840617,108541,971848,23
54288860,1788527297,2026-09-04T13:08:17Z,15,4120841,139092,747711,4
54288890,1788527300,2026-09-04T13:08:20Z,9,1126624,49677,158167,3
54288920,1788527303,2026-09-04T13:08:23Z,14,2744521,166147,1606417,9
54288950,1788527306,2026-09-04T13:08:26Z,9,2356336,63636,323079,2
54288980,1788527309,2026-09-04T13:08:29Z,8,2431764,54438,64857,1
54289010,1788527312,2026-09-04T13:08:32Z,15,3184795,79971,31978,1
54289040,1788527315,2026-09-04T13:08:35Z,9,3283913,53461,60324,1
54289070,1788527319,2026-09-04T13:08:39Z,19,5805205,108446,0,0
54289100,1788527322,2026-09-04T13:08:42Z,26,4013939,112069,131509,2
54289130,1788527325,2026-09-04T13:08:45Z,15,4057436,108361,55507,1
54289160,1788527328,2026-09-04T13:08:48Z,9,1566454,47609,49667,1
54289190,1788527331,2026-09-04T13:08:51Z,10,2477652,48568,0,0
54289220,1788527334,2026-09-04T13:08:54Z,16,3713185,78804,0,0
54289250,1788527337,2026-09-04T13:08:57Z,8,2538222,56163,138996,2
54289280,1788527340,2026-09-04T13:09:00Z,15,2545074,74130,121574,1
54289310,1788527343,2026-09-04T13:09:03Z,18,4304931,105825,612137,5
54289340,1788527346,2026-09-04T13:09:06Z,17,1901976,65731,0,0
54289370,1788527349,2026-09-04T13:09:09Z,12,4282897,67837,80304,2
54289400,1788527352,2026-09-04T13:09:12Z,10,1902823,46073,322051,1
54289430,1788527355,2026-09-04T13:09:15Z,9,2311228,53181,40570,1
54289460,1788527358,2026-09-04T13:09:18Z,19,3639320,85689,52765,1
54289490,1788527361,2026-09-04T13:09:21Z,13,6546270,72380,0,0
54289520,1788527364,2026-09-04T13:09:24Z,11,2447855,54517,162859,3
54289550,1788527367,2026-09-04T13:09:27Z,14,3439515,82052,345037,2
54289580,1788527370,2026-09-04T13:09:30Z,25,5697289,114092,0,0
54289610,1788527373,2026-09-04T13:09:33Z,10,2511851,87734,1178532,4
54289640,1788527376,2026-09-04T13:09:36Z,16,5202613,96525,2282638,8
54289670,1788527379,2026-09-04T13:09:39Z,10,2782854,58823,0,0
54289700,1788527382,2026-09-04T13:09:42Z,11,2881196,56357,415375,1
54289730,1788527385,2026-09-04T13:09:45Z,20,3945428,136193,0,0
54289760,1788527389,2026-09-04T13:09:49Z,8,5810506,45108,0,0
54289790,1788527392,2026-09-04T13:09:52Z,11,2742991,61869,0,0
54289820,1788527395,2026-09-04T13:09:55Z,21,11364686,143432,1679802,3
54289850,1788527398,2026-09-04T13:09:58Z,14,4051195,95142,45654,1
54289880,1788527401,2026-09-04T13:10:01Z,13,5060329,81914,0,0
54289910,1788527404,2026-09-04T13:10:04Z,8,2313314,36198,119490,1
54289940,1788527407,2026-09-04T13:10:07Z,8,2073995,45834,0,0
54289970,1788527410,2026-09-04T13:10:10Z,10,2472903,43502,889058,1
54290000,1788527413,2026-09-04T13:10:13Z,17,4993632,109963,2252286,3
54290030,1788527416,2026-09-04T13:10:16Z,16,10943878,99336,7841828,4
54290060,1788527419,2026-09-04T13:10:19Z,8,2537111,55413,106114,2
54290090,1788527422,2026-09-04T13:10:22Z,18,7448785,129600,793217,1
54290120,1788527425,2026-09-04T13:10:25Z,10,3244766,72878,0,0
54290150,1788527428,2026-09-04T13:10:28Z,12,15252121,69451,45549,1
54290180,1788527431,2026-09-04T13:10:31Z,19,4617541,113886,451546,2
54290210,1788527434,2026-09-04T13:10:34Z,30,10049975,202288,1519907,8
54290240,1788527437,2026-09-04T13:10:37Z,13,5097475,84257,1379195,2
54290270,1788527440,2026-09-04T13:10:40Z,8,1342829,47711,354639,2
54290300,1788527443,2026-09-04T13:10:43Z,11,3373556,66943,477865,3
54290330,1788527446,2026-09-04T13:10:46Z,11,2617694,56104,45535,1
54290360,1788527449,2026-09-04T13:10:49Z,14,3791375,86500,125427,3
54290390,1788527452,2026-09-04T13:10:52Z,16,3022479,82560,355231,6
54290420,1788527456,2026-09-04T13:10:56Z,11,5369553,84861,2403093,2
54290450,1788527459,2026-09-04T13:10:59Z,9,2259598,47343,45496,1
54290480,1788527462,2026-09-04T13:11:02Z,11,4655355,92327,0,0
54290510,1788527463,2026-09-04T13:11:03Z,0,0,0,0,0
54290540,1788527465,2026-09-04T13:11:05Z,6,1323509,0,254906,2
54290570,1788527468,2026-09-04T13:11:08Z,40,13353252,0,3601076,10
54290600,1788527471,2026-09-04T13:11:11Z,25,4202788,0,40218,1
54290630,1788527474,2026-09-04T13:11:14Z,20,3075897,0,40218,1
54290660,1788527477,2026-09-04T13:11:17Z,9,2076733,0,40218,1
54290690,1788527480,2026-09-04T13:11:20Z,11,1587142,0,92249,2
54290720,1788527483,2026-09-04T13:11:23Z,11,2225971,0,124104,2
54290750,1788527486,2026-09-04T13:11:26Z,10,1830924,0,748618,1
54290780,1788527489,2026-09-04T13:11:29Z,18,3652222,0,0,0
54290810,1788527492,2026-09-04T13:11:32Z,12,3900984,0,784738,2
54290840,1788527495,2026-09-04T13:11:35Z,18,6598151,0,1164352,5
54290870,1788527498,2026-09-04T13:11:38Z,10,2131827,0,74310,1
54290900,1788527501,2026-09-04T13:11:41Z,8,1606643,0,0,0
54290930,1788527504,2026-09-04T13:11:44Z,10,4681678,0,63460,1
54290960,1788527507,2026-09-04T13:11:47Z,13,2720131,0,43368,1
54290990,1788527510,2026-09-04T13:11:50Z,6,931443,0,63766,1
54291020,1788527514,2026-09-04T13:11:54Z,9,2742285,0,0,0
54291050,1788527518,2026-09-04T13:11:58Z,7,1711941,0,101344,2
54291080,1788527521,2026-09-04T13:12:01Z,8,1933065,0,0,0
54291110,1788527525,2026-09-04T13:12:05Z,7,3202019,0,61675,1
54291140,1788527528,2026-09-04T13:12:08Z,10,4428295,0,1844538,2
54291170,1788527531,2026-09-04T13:12:11Z,3,184404,0,0,0
54291200,1788527534,2026-09-04T13:12:14Z,19,9126075,0,1801940,4
54291230,1788527537,2026-09-04T13:12:17Z,7,1294343,0,0,0
54291260,1788527540,2026-09-04T13:12:20Z,17,2013820,0,666429,2
54291290,1788527543,2026-09-04T13:12:23Z,11,1602385,0,96949,2
54291320,1788527546,2026-09-04T13:12:26Z,14,3436667,0,0,0
54291350,1788527549,2026-09-04T13:12:29Z,30,5605402,0,1396355,1
54291380,1788527552,2026-09-04T13:12:32Z,10,4396920,0,1471536,3
54291410,1788527555,2026-09-04T13:12:35Z,8,3062387,0,0,0
54291440,1788527558,2026-09-04T13:12:38Z,7,2303820,0,0,0
54291470,1788527561,2026-09-04T13:12:41Z,13,3754514,0,397181,4
54291500,1788527564,2026-09-04T13:12:44Z,23,4891282,0,0,0
54291530,1788527567,2026-09-04T13:12:47Z,17,3792119,0,43284,1
54291560,1788527570,2026-09-04T13:12:50Z,18,2810926,0,62218,2
54291590,1788527573,2026-09-04T13:12:53Z,12,3844679,0,78376,1
54291620,1788527576,2026-09-04T13:12:56Z,16,2992451,0,654262,2
54291650,1788527579,2026-09-04T13:12:59Z,17,3577484,0,0,0
54291680,1788527582,2026-09-04T13:13:02Z,16,2741816,0,136353,1
54291710,1788527585,2026-09-04T13:13:05Z,19,3679692,0,713232,1
54291740,1788527588,2026-09-04T13:13:08Z,15,1810186,0,285500,4
54291770,1788527591,2026-09-04T13:13:11Z,5,502170,0,0,0
54291800,1788527594,2026-09-04T13:13:14Z,11,1906576,0,0,0
54291830,1788527597,2026-09-04T13:13:17Z,14,4112392,0,0,0
54291860,1788527600,2026-09-04T13:13:20Z,14,4035473,0,0,0
54291890,1788527604,2026-09-04T13:13:24Z,12,7493670,0,305214,2
54291920,1788527607,2026-09-04T13:13:27Z,10,1661922,0,0,0
54291950,1788527610,2026-09-04T13:13:30Z,16,3591602,0,0,0
54291980,1788527613,2026-09-04T13:13:33Z,8,1999175,0,79052,1
54292010,1788527616,2026-09-04T13:13:36Z,7,1459815,0,38369,1
54292040,1788527619,2026-09-04T13:13:39Z,16,2257092,0,54501,1
54292070,1788527622,2026-09-04T13:13:42Z,14,5791441,0,0,0
54292100,1788527625,2026-09-04T13:13:45Z,18,4391133,0,1389630,2
54292130,1788527628,2026-09-04T13:13:48Z,13,3237007,0,0,0
54292160,1788527631,2026-09-04T13:13:51Z,20,4977759,0,0,0
54292190,1788527634,2026-09-04T13:13:54Z,14,2199969,0,593395,1
54292220,1788527637,2026-09-04T13:13:57Z,9,1005459,0,53919,1
54292250,1788527640,2026-09-04T13:14:00Z,5,977887,0,0,0
54292280,1788527643,2026-09-04T13:14:03Z,7,959235,0,0,0
54292310,1788527646,2026-09-04T13:14:06Z,12,1378029,0,30739,1
54292340,1788527649,2026-09-04T13:14:09Z,11,2192912,0,0,0
54292370,1788527652,2026-09-04T13:14:12Z,28,11747741,0,0,0
54292400,1788527655,2026-09-04T13:14:15Z,6,1608753,0,0,0
54292430,1788527658,2026-09-04T13:14:18Z,22,6198312,0,115524,3
54292460,1788527661,2026-09-04T13:14:21Z,14,3618037,0,0,0
54292490,1788527664,2026-09-04T13:14:24Z,16,2921281,0,0,0
54292520,1788527667,2026-09-04T13:14:27Z,17,2809030,0,28523,1
54292550,1788527670,2026-09-04T13:14:30Z,3,570165,0,34412,1
54292580,1788527673,2026-09-04T13:14:33Z,17,2774928,0,59438,1
54292610,1788527676,2026-09-04T13:14:36Z,10,1865022,0,0,0
54292640,1788527680,2026-09-04T13:14:40Z,13,2460022,0,0,0
54292670,1788527683,2026-09-04T13:14:43Z,12,2539733,0,51265,1
54292700,1788527686,2026-09-04T13:14:46Z,12,1568620,0,125860,5
54292730,1788527689,2026-09-04T13:14:49Z,6,1107934,0,0,0
54292760,1788527692,2026-09-04T13:14:52Z,5,2008944,0,0,0
54292790,1788527695,2026-09-04T13:14:55Z,14,2231596,0,0,0
54292820,1788527698,2026-09-04T13:14:58Z,11,3102477,0,44629,1
54292850,1788527701,2026-09-04T13:15:01Z,3,1105338,0,0,0
54292880,1788527704,2026-09-04T13:15:04Z,10,1822265,0,0,0
54292910,1788527707,2026-09-04T13:15:07Z,12,3281466,0,0,0
54292940,1788527710,2026-09-04T13:15:10Z,9,2087287,0,0,0
54292970,1788527713,2026-09-04T13:15:13Z,8,1059175,0,92058,1
54293000,1788527716,2026-09-04T13:15:16Z,9,12209777,0,0,0
54293030,1788527719,2026-09-04T13:15:19Z,8,2622530,0,0,0
54293060,1788527722,2026-09-04T13:15:22Z,7,2664121,0,0,0
54293090,1788527725,2026-09-04T13:15:25Z,35,9574135,0,4872313,16
54293120,1788527728,2026-09-04T13:15:28Z,13,4260146,0,68653,1
54293150,1788527731,2026-09-04T13:15:31Z,12,5375588,0,41054,1
54293180,1788527734,2026-09-04T13:15:34Z,19,7815208,0,367307,5
54293210,1788527737,2026-09-04T13:15:37Z,8,3355668,0,701519,1
54293240,1788527740,2026-09-04T13:15:40Z,11,2909814,0,127592,2
54293270,1788527743,2026-09-04T13:15:43Z,6,1089923,0,41054,1
54293300,1788527746,2026-09-04T13:15:46Z,25,4000428,0,0,0
54293330,1788527749,2026-09-04T13:15:49Z,7,4277288,0,41054,1
54293360,1788527752,2026-09-04T13:15:52Z,7,2790180,0,598785,3
54293390,1788527756,2026-09-04T13:15:56Z,11,776517,0,101162,2
54293420,1788527759,2026-09-04T13:15:59Z,15,1847953,0,329790,5
54293450,1788527762,2026-09-04T13:16:02Z,29,4418084,0,611090,9
54293480,1788527765,2026-09-04T13:16:05Z,11,1632592,0,0,0
54293510,1788527768,2026-09-04T13:16:08Z,13,2813688,0,298837,1
54293540,1788527771,2026-09-04T13:16:11Z,10,3319640,0,0,0
54293570,1788527774,2026-09-04T13:16:14Z,17,2970933,0,38321,1
54293600,1788527777,2026-09-04T13:16:17Z,18,4628173,0,422822,2
54293630,1788527780,2026-09-04T13:16:20Z,6,1075789,0,0,0
54293660,1788527783,2026-09-04T13:16:23Z,16,6058854,0,2663364,3
54293690,1788527786,2026-09-04T13:16:26Z,7,1959061,0,142451,1
54293720,1788527789,2026-09-04T13:16:29Z,9,1973235,0,981691,1
54293750,1788527792,2026-09-04T13:16:32Z,17,3378794,0,0,0
54293780,1788527795,2026-09-04T13:16:35Z,6,3063889,0,0,0
54293810,1788527798,2026-09-04T13:16:38Z,12,2232869,0,59804,1
54293840,1788527801,2026-09-04T13:16:41Z,5,1998610,0,0,0
54293870,1788527804,2026-09-04T13:16:44Z,20,4839830,0,1507799,10
54293900,1788527807,2026-09-04T13:16:47Z,6,1998388,0,0,0
54293930,1788527810,2026-09-04T13:16:50Z,15,2654604,0,0,0
54293960,1788527813,2026-09-04T13:16:53Z,16,2688189,0,0,0
54293990,1788527816,2026-09-04T13:16:56Z,9,665463,0,0,0
54294020,1788527819,2026-09-04T13:16:59Z,11,3806776,0,235002,3
54294050,1788527822,2026-09-04T13:17:02Z,7,1814698,0,63342,1
54294080,1788527825,2026-09-04T13:17:05Z,8,5296065,0,0,0
54294110,1788527828,2026-09-04T13:17:08Z,9,4303913,0,120414,1
54294140,1788527832,2026-09-04T13:17:12Z,13,3537156,0,37128,1
54294170,1788527835,2026-09-04T13:17:15Z,19,4323759,0,275003,6
54294200,1788527838,2026-09-04T13:17:18Z,13,3064470,0,59691,1
54294230,1788527841,2026-09-04T13:17:21Z,11,5724620,0,1256078,2
54294260,1788527844,2026-09-04T13:17:24Z,4,1093789,0,0,0
54294290,1788527847,2026-09-04T13:17:27Z,6,1424606,0,262245,1
54294320,1788527850,2026-09-04T13:17:30Z,11,3064308,0,1385880,2
54294350,1788527853,2026-09-04T13:17:33Z,8,2627100,0,0,0
54294380,1788527853,2026-09-04T13:17:33Z,2,381420,0,0,0
54294410,1788527856,2026-09-04T13:17:36Z,16,3341870,0,0,0
54294440,1788527859,2026-09-04T13:17:39Z,15,2255494,0,200996,4
54294470,1788527862,2026-09-04T13:17:42Z,14,5726892,0,204283,2
54294500,1788527865,2026-09-04T13:17:45Z,8,1184523,0,35946,1
54294530,1788527868,2026-09-04T13:17:48Z,8,1619237,0,301262,1
54294560,1788527871,2026-09-04T13:17:51Z,14,7835056,0,0,0
54294590,1788527874,2026-09-04T13:17:54Z,11,2931415,0,0,0
54294620,1788527877,2026-09-04T13:17:57Z,11,3635382,0,0,0
54294650,1788527880,2026-09-04T13:18:00Z,15,6297217,0,101308,2
54294680,1788527883,2026-09-04T13:18:03Z,22,14281987,0,328745,2
54294710,1788527887,2026-09-04T13:18:07Z,16,6745249,0,661317,8
54294740,1788527890,2026-09-04T13:18:10Z,12,2847643,0,144498,2
54294770,1788527893,2026-09-04T13:18:13Z,20,5453598,0,1068971,6
54294800,1788527896,2026-09-04T13:18:16Z,12,2077805,0,179465,3
54294830,1788527899,2026-09-04T13:18:19Z,7,3701939,0,65074,1
54294860,1788527902,2026-09-04T13:18:22Z,9,2678267,0,0,0
54294890,1788527905,2026-09-04T13:18:25Z,25,4748732,0,203463,3
54294920,1788527908,2026-09-04T13:18:28Z,3,292702,0,0,0
54294950,1788527911,2026-09-04T13:18:31Z,9,2444511,0,0,0
54294980,1788527914,2026-09-04T13:18:34Z,9,2914456,0,0,0
54295010,1788527917,2026-09-04T13:18:37Z,23,4824678,0,397049,6
54295040,1788527920,2026-09-04T13:18:40Z,14,4207022,0,124147,2
54295070,1788527923,2026-09-04T13:18:43Z,17,1878805,0,229952,6
54295100,1788527926,2026-09-04T13:18:46Z,13,1988974,0,482551,6
54295130,1788527929,2026-09-04T13:18:49Z,10,2561659,0,114976,3
54295160,1788527932,2026-09-04T13:18:52Z,9,1688565,0,0,0
54295190,1788527935,2026-09-04T13:18:55Z,11,1962268,0,0,0
54295220,1788527938,2026-09-04T13:18:58Z,8,2552964,0,0,0
54295250,1788527941,2026-09-04T13:19:01Z,12,3354956,0,0,0
54295280,1788527944,2026-09-04T13:19:04Z,14,2165218,0,76594,2
54295310,1788527947,2026-09-04T13:19:07Z,20,7169405,0,0,0
54295340,1788527950,2026-09-04T13:19:10Z,3,619525,0,0,0
54295370,1788527953,2026-09-04T13:19:13Z,22,7852735,0,1197606,2
54295400,1788527956,2026-09-04T13:19:16Z,19,3411133,0,32180,1
54295430,1788527959,2026-09-04T13:19:19Z,7,2194158,0,0,0
54295460,1788527962,2026-09-04T13:19:22Z,7,1770846,0,432772,1
54295490,1788527965,2026-09-04T13:19:25Z,7,1235167,0,38358,1
54295520,1788527969,2026-09-04T13:19:29Z,30,8049739,0,1398461,10
54295550,1788527972,2026-09-04T13:19:32Z,10,2155089,0,0,0
54295580,1788527975,2026-09-04T13:19:35Z,8,1508424,0,0,0
54295610,1788527978,2026-09-04T13:19:38Z,10,4996358,0,0,0
54295640,1788527981,2026-09-04T13:19:41Z,18,6442000,0,818092,1
54295670,1788527984,2026-09-04T13:19:44Z,8,1708975,0,0,0
54295700,1788527987,2026-09-04T13:19:47Z,15,5802860,0,293885,1
54295730,1788527990,2026-09-04T13:19:50Z,15,3408898,0,0,0
54295760,1788527993,2026-09-04T13:19:53Z,17,2492585,0,151755,5
54295790,1788527996,2026-09-04T13:19:56Z,21,3541734,0,1109603,8
54295820,1788527999,2026-09-04T13:19:59Z,93,8828537,0,1700138,3
54295850,1788528002,2026-09-04T13:20:02Z,13,3933506,0,0,0
54295880,1788528005,2026-09-04T13:20:05Z,19,4701463,0,182978,3
54295910,1788528008,2026-09-04T13:20:08Z,14,3482286,0,75237,1
54295940,1788528011,2026-09-04T13:20:11Z,18,3915355,0,290849,5
54295970,1788528014,2026-09-04T13:20:14Z,34,7756460,0,457121,8
54296000,1788528017,2026-09-04T13:20:17Z,54,12197706,0,3755311,16
54296030,1788528020,2026-09-04T13:20:20Z,26,7311200,0,569793,3
54296060,1788528023,2026-09-04T13:20:23Z,16,6539858,0,736657,3
54296090,1788528027,2026-09-04T13:20:27Z,9,2716215,0,1337002,3
54296120,1788528030,2026-09-04T13:20:30Z,10,4885238,0,37104,1
54296150,1788528033,2026-09-04T13:20:33Z,4,3865946,0,0,0
54296180,1788528036,2026-09-04T13:20:36Z,11,4390004,0,0,0
54296210,1788528039,2026-09-04T13:20:39Z,10,2774871,0,270100,1
54296240,1788528042,2026-09-04T13:20:42Z,14,4186431,0,0,0
54296270,1788528045,2026-09-04T13:20:45Z,10,4747043,0,0,0
54296300,1788528048,2026-09-04T13:20:48Z,11,2611855,0,153507,2
54296330,1788528051,2026-09-04T13:20:51Z,13,5854323,0,0,0
54296360,1788528054,2026-09-04T13:20:54Z,5,2210889,0,331676,2
54296390,1788528057,2026-09-04T13:20:57Z,22,4462604,0,92193,2
54296420,1788528060,2026-09-04T13:21:00Z,10,5349439,0,0,0
54296450,1788528063,2026-09-04T13:21:03Z,8,6151876,0,1116505,1
54296480,1788528066,2026-09-04T13:21:06Z,16,5073003,0,0,0
54296510,1788528069,2026-09-04T13:21:09Z,53,22474213,0,5056975,31
54296540,1788528072,2026-09-04T13:21:12Z,16,4005034,0,113801,3
54296570,1788528075,2026-09-04T13:21:15Z,11,5977930,0,0,0
54296600,1788528078,2026-09-04T13:21:18Z,19,3761664,0,1098018,11
54296630,1788528081,2026-09-04T13:21:21Z,12,1768258,0,808905,8
54296660,1788528084,2026-09-04T13:21:24Z,9,1599016,0,54571,1
54296690,1788528087,2026-09-04T13:21:27Z,14,7259788,0,0,0
54296720,1788528091,2026-09-04T13:21:31Z,18,7603061,0,214602,3
54296750,1788528094,2026-09-04T13:21:34Z,19,9611850,0,59257,2
54296780,1788528097,2026-09-04T13:21:37Z,21,8812461,0,787291,6
54296810,1788528100,2026-09-04T13:21:40Z,7,1731313,0,123873,2
54296840,1788528103,2026-09-04T13:21:43Z,24,4573875,0,2065668,10
54296870,1788528106,2026-09-04T13:21:46Z,17,7490940,0,157209,2
54296900,1788528109,2026-09-04T13:21:49Z,22,7365208,0,0,0
54296930,1788528112,2026-09-04T13:21:52Z,16,4598987,0,754829,3
54296960,1788528115,2026-09-04T13:21:55Z,30,9019396,0,155318,2
54296990,1788528118,2026-09-04T13:21:58Z,25,14465003,0,8587966,4
54297020,1788528121,2026-09-04T13:22:01Z,16,6978698,0,107604,2
54297050,1788528124,2026-09-04T13:22:04Z,25,6853440,0,118525,3
54297080,1788528127,2026-09-04T13:22:07Z,14,6203430,0,131731,2
54297110,1788528130,2026-09-04T13:22:10Z,23,7386734,0,550839,4
54297140,1788528135,2026-09-04T13:22:15Z,18,6981431,0,85493,1
54297170,1788528138,2026-09-04T13:22:18Z,27,7695583,0,2026333,7
54297200,1788528141,2026-09-04T13:22:21Z,27,9357632,0,2012337,4
54297230,1788528144,2026-09-04T13:22:24Z,16,4666985,0,111580,2
54297260,1788528147,2026-09-04T13:22:27Z,10,1303039,0,188939,3
54297290,1788528150,2026-09-04T13:22:30Z,18,3788849,0,187182,4
54297320,1788528153,2026-09-04T13:22:33Z,15,3307545,0,138146,3
54297350,1788528156,2026-09-04T13:22:36Z,3,542531,0,0,0
54297380,1788528159,2026-09-04T13:22:39Z,17,8395785,0,423965,1
54297410,1788528162,2026-09-04T13:22:42Z,5,864453,0,205358,1
54297440,1788528165,2026-09-04T13:22:45Z,21,5382960,0,227520,4
54297470,1788528168,2026-09-04T13:22:48Z,12,3928791,0,887651,4
54297500,1788528171,2026-09-04T13:22:51Z,22,6507712,0,42866,1
54297530,1788528174,2026-09-04T13:22:54Z,14,4006124,0,75037,1
54297560,1788528177,2026-09-04T13:22:57Z,13,5564656,0,1384230,5
54297590,1788528181,2026-09-04T13:23:01Z,15,6367258,0,882453,4
54297620,1788528184,2026-09-04T13:23:04Z,20,7112917,0,2751966,4
54297650,1788528187,2026-09-04T13:23:07Z,2,556829,0,0,0
54297680,1788528190,2026-09-04T13:23:10Z,17,5677913,0,1999767,5
54297710,1788528193,2026-09-04T13:23:13Z,13,5592033,0,223856,2
54297740,1788528196,2026-09-04T13:23:16Z,6,1893484,0,471347,1
54297770,1788528199,2026-09-04T13:23:19Z,20,3838810,0,0,0
54297800,1788528202,2026-09-04T13:23:22Z,10,3671631,0,47886,1
54297830,1788528205,2026-09-04T13:23:25Z,13,3671153,0,320910,1
54297860,1788528208,2026-09-04T13:23:28Z,22,5092077,0,1343148,5
54297890,1788528211,2026-09-04T13:23:31Z,41,10538180,0,1031555,6
54297920,1788528214,2026-09-04T13:23:34Z,17,8338790,0,233274,4
54297950,1788528217,2026-09-04T13:23:37Z,13,4380516,0,161443,2
54297980,1788528220,2026-09-04T13:23:40Z,24,7250504,0,548957,5
54298010,1788528223,2026-09-04T13:23:43Z,9,4135053,0,0,0
54298040,1788528226,2026-09-04T13:23:46Z,5,1066214,0,0,0
54298070,1788528228,2026-09-04T13:23:48Z,2,48511,0,0,0
54298100,1788528229,2026-09-04T13:23:49Z,30,5376686,0,638332,1
54298130,1788528232,2026-09-04T13:23:52Z,39,8605564,0,962402,2
54298160,1788528235,2026-09-04T13:23:55Z,17,9926583,0,38321,1
54298190,1788528238,2026-09-04T13:23:58Z,16,5088474,0,973871,5
54298220,1788528241,2026-09-04T13:24:01Z,11,2637602,0,0,0
54298250,1788528244,2026-09-04T13:24:04Z,14,4434644,0,1066652,4
54298280,1788528247,2026-09-04T13:24:07Z,24,5843104,0,446495,8
54298310,1788528250,2026-09-04T13:24:10Z,7,2561174,0,0,0
54298340,1788528253,2026-09-04T13:24:13Z,6,4060843,0,708555,2
54298370,1788528256,2026-09-04T13:24:16Z,36,8867013,0,1362648,1
54298400,1788528259,2026-09-04T13:24:19Z,19,9330611,0,260537,3
54298430,1788528263,2026-09-04T13:24:23Z,8,1734143,0,0,0
54298460,1788528266,2026-09-04T13:24:26Z,14,7940095,0,1658955,3
54298490,1788528269,2026-09-04T13:24:29Z,25,7297497,0,0,0
54298520,1788528272,2026-09-04T13:24:32Z,14,4271693,0,0,0
54298550,1788528275,2026-09-04T13:24:35Z,15,6050037,0,0,0
54298580,1788528278,2026-09-04T13:24:38Z,9,3507205,0,1210727,2
54298610,1788528281,2026-09-04T13:24:41Z,9,2538317,0,104699,1
54298640,1788528284,2026-09-04T13:24:44Z,6,2119944,0,0,0
54298670,1788528287,2026-09-04T13:24:47Z,20,5121938,0,0,0
54298700,1788528290,2026-09-04T13:24:50Z,10,4698343,0,1326873,2
54298730,1788528293,2026-09-04T13:24:53Z,21,5231792,0,176561,1
54298760,1788528296,2026-09-04T13:24:56Z,12,6223326,0,450759,1
54298790,1788528299,2026-09-04T13:24:59Z,13,6096329,0,0,0
54298820,1788528302,2026-09-04T13:25:02Z,12,2843590,0,124476,2
54298850,1788528305,2026-09-04T13:25:05Z,6,5117182,0,0,0
54298880,1788528308,2026-09-04T13:25:08Z,20,5319384,0,0,0
54298910,1788528311,2026-09-04T13:25:11Z,13,11287220,0,3678445,5
54298940,1788528314,2026-09-04T13:25:14Z,10,1927219,0,75198,2
54298970,1788528317,2026-09-04T13:25:17Z,16,3350141,0,56509,1
54299000,1788528320,2026-09-04T13:25:20Z,28,8760005,0,1115348,4
54299030,1788528323,2026-09-04T13:25:23Z,8,6499817,0,1210727,2
54299060,1788528327,2026-09-04T13:25:27Z,23,5745488,0,1457239,4
54299090,1788528330,2026-09-04T13:25:30Z,21,6614912,0,618728,5
54299120,1788528333,2026-09-04T13:25:33Z,12,6242993,0,3152009,2
54299150,1788528336,2026-09-04T13:25:36Z,15,5759265,0,0,0
54299180,1788528339,2026-09-04T13:25:39Z,15,4897787,0,959984,2
54299210,1788528342,2026-09-04T13:25:42Z,14,6162694,0,0,0
54299240,1788528345,2026-09-04T13:25:45Z,15,2556935,0,532394,6
54299270,1788528348,2026-09-04T13:25:48Z,8,2569483,0,0,0
54299300,1788528351,2026-09-04T13:25:51Z,13,5154660,0,0,0
54299330,1788528354,2026-09-04T13:25:54Z,17,6265088,0,75163,1
54299360,1788528357,2026-09-04T13:25:57Z,3,1086583,0,0,0
54299390,1788528360,2026-09-04T13:26:00Z,14,7420910,0,210122,3
54299420,1788528363,2026-09-04T13:26:03Z,10,4476463,0,58163,1
54299450,1788528366,2026-09-04T13:26:06Z,22,7867495,0,1033285,3
54299480,1788528369,2026-09-04T13:26:09Z,16,3887053,0,0,0
54299510,1788528372,2026-09-04T13:26:12Z,20,5298094,0,223648,3
54299540,1788528375,2026-09-04T13:26:15Z,16,4624863,0,798112,2
54299570,1788528379,2026-09-04T13:26:19Z,15,4859886,0,108076,1
54299600,1788528382,2026-09-04T13:26:22Z,20,7702932,0,0,0
54299630,1788528385,2026-09-04T13:26:25Z,23,8322318,0,2042224,3
54299660,1788528388,2026-09-04T13:26:28Z,9,2962569,0,60006,1
54299690,1788528391,2026-09-04T13:26:31Z,13,3160955,0,0,0
54299720,1788528394,2026-09-04T13:26:34Z,16,2370057,0,58589,1
54299750,1788528397,2026-09-04T13:26:37Z,9,2931189,0,926271,2
54299780,1788528400,2026-09-04T13:26:40Z,17,8910335,0,1363150,3
54299810,1788528403,2026-09-04T13:26:43Z,4,2796225,0,1211298,2
54299840,1788528406,2026-09-04T13:26:46Z,9,2349405,0,0,0
54299870,1788528409,2026-09-04T13:26:49Z,5,3044571,0,0,0
54299900,1788528412,2026-09-04T13:26:52Z,14,6655721,0,0,0
54299930,1788528415,2026-09-04T13:26:55Z,11,5409489,0,0,0
54299960,1788528418,2026-09-04T13:26:58Z,22,8965435,0,332582,5
54299990,1788528421,2026-09-04T13:27:01Z,15,2400580,0,0,0
54300020,1788528424,2026-09-04T13:27:04Z,11,2624126,0,61507,1
54300050,1788528427,2026-09-04T13:27:07Z,15,3097526,0,0,0
54300080,1788528430,2026-09-04T13:27:10Z,13,3667318,0,37599,1
54300110,1788528433,2026-09-04T13:27:13Z,58,12439440,0,0,0
54300140,1788528436,2026-09-04T13:27:16Z,15,4244465,0,64840,1
54300170,1788528439,2026-09-04T13:27:19Z,11,5833813,0,0,0
54300200,1788528442,2026-09-04T13:27:22Z,10,4940703,0,647017,1
54300230,1788528445,2026-09-04T13:27:25Z,7,6103346,0,0,0
54300260,1788528448,2026-09-04T13:27:28Z,22,6128284,0,691732,1
54300290,1788528452,2026-09-04T13:27:32Z,15,3932627,0,512702,4
54300320,1788528455,2026-09-04T13:27:35Z,25,6709444,0,433706,3
54300350,1788528458,2026-09-04T13:27:38Z,37,14399492,0,3892998,12
54300380,1788528461,2026-09-04T13:27:41Z,16,3251428,0,901471,5
54300410,1788528464,2026-09-04T13:27:44Z,16,2835810,0,153724,3
54300440,1788528467,2026-09-04T13:27:47Z,18,4477265,0,1820362,4
54300470,1788528470,2026-09-04T13:27:50Z,18,9601276,0,92200,2
54300500,1788528473,2026-09-04T13:27:53Z,21,5498938,0,909920,3
54300530,1788528476,2026-09-04T13:27:56Z,13,4773151,0,294142,2
54300560,1788528479,2026-09-04T13:27:59Z,22,6386689,0,1443100,3
54300590,1788528482,2026-09-04T13:28:02Z,28,8424089,0,1219971,4
54300620,1788528485,2026-09-04T13:28:05Z,13,3596203,0,75073,1
54300650,1788528488,2026-09-04T13:28:08Z,13,5084013,0,158073,3
54300680,1788528491,2026-09-04T13:28:11Z,10,2236250,0,450749,2
54300710,1788528494,2026-09-04T13:28:14Z,10,2714597,0,874665,3
54300740,1788528497,2026-09-04T13:28:17Z,21,5967859,0,464354,7
54300770,1788528500,2026-09-04T13:28:20Z,25,8033488,0,1697602,4
54300800,1788528504,2026-09-04T13:28:24Z,14,3704943,0,0,0
54300830,1788528507,2026-09-04T13:28:27Z,9,3413599,0,1485360,2
54300860,1788528510,2026-09-04T13:28:30Z,13,3012534,0,138828,2
54300890,1788528513,2026-09-04T13:28:33Z,14,2715049,0,54610,1
54300920,1788528516,2026-09-04T13:28:36Z,17,5570731,0,54694,1
54300950,1788528519,2026-09-04T13:28:39Z,22,6958665,0,611022,2
54300980,1788528522,2026-09-04T13:28:42Z,24,9829172,0,45806,1
54301010,1788528525,2026-09-04T13:28:45Z,21,6017358,0,2876625,4
54301040,1788528528,2026-09-04T13:28:48Z,15,7740426,0,888678,1
54301070,1788528531,2026-09-04T13:28:51Z,23,4934681,0,75198,2
54301100,1788528534,2026-09-04T13:28:54Z,43,10414401,0,1015122,5
54301130,1788528537,2026-09-04T13:28:57Z,41,9006833,0,2003936,9
54301160,1788528540,2026-09-04T13:29:00Z,38,10719654,0,351376,4
54301190,1788528543,2026-09-04T13:29:03Z,32,12287016,0,40278,1
54301220,1788528546,2026-09-04T13:29:06Z,9,2984451,0,903960,2
54301250,1788528549,2026-09-04T13:29:09Z,10,1739239,0,90708,1
54301280,1788528552,2026-09-04T13:29:12Z,13,5673593,0,832384,2
54301310,1788528555,2026-09-04T13:29:15Z,26,10314396,0,2157735,2
54301340,1788528558,2026-09-04T13:29:18Z,29,7568271,0,1732804,7
54301370,1788528561,2026-09-04T13:29:21Z,17,4989699,0,61050,1
54301400,1788528564,2026-09-04T13:29:24Z,20,3757987,0,409959,2
54301430,1788528567,2026-09-04T13:29:27Z,18,7554284,0,570735,1
54301460,1788528571,2026-09-04T13:29:31Z,8,2722656,0,0,0
54301490,1788528574,2026-09-04T13:29:34Z,34,6030282,0,435874,7
54301520,1788528577,2026-09-04T13:29:37Z,10,3388397,0,0,0
54301550,1788528580,2026-09-04T13:29:40Z,28,8586380,0,0,0
54301580,1788528583,2026-09-04T13:29:43Z,11,6799535,0,500674,1
54301610,1788528586,2026-09-04T13:29:46Z,22,4570033,0,513729,10
54301640,1788528589,2026-09-04T13:29:49Z,18,6217089,0,1460041,1
54301670,1788528592,2026-09-04T13:29:52Z,15,3985389,0,1354563,4
54301700,1788528595,2026-09-04T13:29:55Z,29,13150185,0,428135,2
54301730,1788528598,2026-09-04T13:29:58Z,18,6674502,0,891855,5
54301760,1788528601,2026-09-04T13:30:01Z,47,13071198,0,2018574,10
54301790,1788528604,2026-09-04T13:30:04Z,37,9232727,0,0,0
54301820,1788528607,2026-09-04T13:30:07Z,10,2606279,0,524613,3
54301850,1788528610,2026-09-04T13:30:10Z,20,5433604,0,820291,2
54301880,1788528613,2026-09-04T13:30:13Z,16,2724059,0,119408,2
54301910,1788528616,2026-09-04T13:30:16Z,19,2229370,0,333985,4
54301940,1788528619,2026-09-04T13:30:19Z,0,0,0,0,0
54301970,1788528619,2026-09-04T13:30:19Z,2,172466,0,0,0
54302000,1788528621,2026-09-04T13:30:21Z,17,4186956,0,0,0
54302030,1788528624,2026-09-04T13:30:24Z,13,3028553,0,99296,2
54302060,1788528627,2026-09-04T13:30:27Z,14,5370491,0,209001,4
54302090,1788528631,2026-09-04T13:30:31Z,22,4573895,0,1231522,4
54302120,1788528634,2026-09-04T13:30:34Z,21,6707966,0,2291465,9
54302150,1788528637,2026-09-04T13:30:37Z,23,6855803,0,293363,6
54302180,1788528640,2026-09-04T13:30:40Z,12,11941512,0,10206528,4
54302210,1788528643,2026-09-04T13:30:43Z,23,8541978,0,222571,4
54302240,1788528646,2026-09-04T13:30:46Z,22,9988299,0,459082,6
54302270,1788528649,2026-09-04T13:30:49Z,24,5022761,0,2152671,11
54302300,1788528652,2026-09-04T13:30:52Z,24,6310470,0,197152,5
54302330,1788528655,2026-09-04T13:30:55Z,18,5073037,0,1149072,5
54302360,1788528658,2026-09-04T13:30:58Z,18,6849461,0,151433,2
54302390,1788528661,2026-09-04T13:31:01Z,22,4441597,0,1409230,9
54302420,1788528664,2026-09-04T13:31:04Z,20,4896925,0,0,0
54302450,1788528668,2026-09-04T13:31:08Z,27,5498557,0,38370,1
54302480,1788528671,2026-09-04T13:31:11Z,16,2918046,0,168720,3
54302510,1788528674,2026-09-04T13:31:14Z,31,11784910,0,2640344,8
54302540,1788528677,2026-09-04T13:31:17Z,25,10849664,0,2409664,8
54302570,1788528680,2026-09-04T13:31:20Z,21,6905602,0,784826,4
54302600,1788528683,2026-09-04T13:31:23Z,24,5505445,0,1031155,5
54302630,1788528686,2026-09-04T13:31:26Z,20,4329888,0,987784,8
54302660,1788528689,2026-09-04T13:31:29Z,18,13964538,0,8518542,4
54302690,1788528692,2026-09-04T13:31:32Z,15,2474888,0,434629,4
54302720,1788528695,2026-09-04T13:31:35Z,10,2453890,0,102853,2
54302750,1788528698,2026-09-04T13:31:38Z,51,16199183,0,1470643,7
54302780,1788528701,2026-09-04T13:31:41Z,21,4495080,0,72266,2
54302810,1788528705,2026-09-04T13:31:45Z,17,3566064,0,186303,4
54302840,1788528708,2026-09-04T13:31:48Z,11,1959820,0,135797,2
54302870,1788528711,2026-09-04T13:31:51Z,17,5700388,0,971516,5
54302900,1788528714,2026-09-04T13:31:54Z,26,5996787,0,657779,3
54302930,1788528717,2026-09-04T13:31:57Z,26,4346127,0,1096461,8
54302960,1788528720,2026-09-04T13:32:00Z,15,2979670,0,74324,1
54302990,1788528723,2026-09-04T13:32:03Z,23,6068454,0,41206,1
54303020,1788528726,2026-09-04T13:32:06Z,37,9276531,0,1758650,14
54303050,1788528729,2026-09-04T13:32:09Z,16,3271750,0,116784,3
54303080,1788528732,2026-09-04T13:32:12Z,33,8925286,0,377080,5
54303110,1788528735,2026-09-04T13:32:15Z,32,6293284,0,36622,1
54303140,1788528738,2026-09-04T13:32:18Z,28,6792509,0,364693,8
54303170,1788528741,2026-09-04T13:32:21Z,19,4293495,0,66441,1
54303200,1788528745,2026-09-04T13:32:25Z,36,13605950,0,815404,2
54303230,1788528748,2026-09-04T13:32:28Z,20,7734002,0,0,0
54303260,1788528752,2026-09-04T13:32:32Z,18,4258227,0,435187,5
54303290,1788528755,2026-09-04T13:32:35Z,17,2362241,0,665776,7
54303320,1788528758,2026-09-04T13:32:38Z,32,5567459,0,395682,9
54303350,1788528761,2026-09-04T13:32:41Z,48,9835264,0,6542380,26
54303380,1788528764,2026-09-04T13:32:44Z,34,9434107,0,5191946,24
54303410,1788528767,2026-09-04T13:32:47Z,47,8446855,0,197291,4
54303440,1788528770,2026-09-04T13:32:50Z,29,6257400,0,470696,14
54303470,1788528773,2026-09-04T13:32:53Z,31,3154701,0,1292038,22
54303500,1788528776,2026-09-04T13:32:56Z,25,5287549,0,477399,3
54303530,1788528780,2026-09-04T13:33:00Z,22,5581411,0,2474068,10
54303560,1788528783,2026-09-04T13:33:03Z,40,8926032,0,2834595,23
54303590,1788528786,2026-09-04T13:33:06Z,32,6365211,0,792977,14
54303620,1788528789,2026-09-04T13:33:09Z,22,3538597,0,909666,10
54303650,1788528792,2026-09-04T13:33:12Z,35,8071248,0,1079710,19
54303680,1788528795,2026-09-04T13:33:15Z,13,2611575,0,92260,2
54303710,1788528798,2026-09-04T13:33:18Z,21,4549489,0,121051,3
54303740,1788528801,2026-09-04T13:33:21Z,24,4942810,0,1990027,13
54303770,1788528804,2026-09-04T13:33:24Z,63,5967268,0,1890591,33
54303800,1788528807,2026-09-04T13:33:27Z,19,5442595,0,193461,4
54303830,1788528810,2026-09-04T13:33:30Z,24,7271969,0,403936,4
54303860,1788528813,2026-09-04T13:33:33Z,28,5042337,0,1278220,18
54303890,1788528816,2026-09-04T13:33:36Z,19,10490285,0,362445,5
54303920,1788528819,2026-09-04T13:33:39Z,41,9806588,0,857225,15
54303950,1788528822,2026-09-04T13:33:42Z,21,4610190,0,510094,8
54303980,1788528825,2026-09-04T13:33:45Z,24,4810446,0,587085,5
54304010,1788528828,2026-09-04T13:33:48Z,24,7554124,0,1079116,6
54304040,1788528831,2026-09-04T13:33:51Z,20,8688437,0,986368,10
54304070,1788528834,2026-09-04T13:33:54Z,24,7302204,0,3074681,13
54304100,1788528837,2026-09-04T13:33:57Z,31,5980571,0,210867,4
54304130,1788528841,2026-09-04T13:34:01Z,11,5108111,0,38346,1
54304160,1788528844,2026-09-04T13:34:04Z,15,1799497,0,453752,8
54304190,1788528847,2026-09-04T13:34:07Z,20,4741405,0,522073,8
54304220,1788528850,2026-09-04T13:34:10Z,11,2871617,0,165227,4
54304250,1788528853,2026-09-04T13:34:13Z,16,4634312,0,474842,5
54304280,1788528856,2026-09-04T13:34:16Z,22,3809188,0,254679,6
54304310,1788528859,2026-09-04T13:34:19Z,23,3483430,0,1113246,13
54304340,1788528862,2026-09-04T13:34:22Z,16,3568113,0,540644,2
54304370,1788528865,2026-09-04T13:34:25Z,25,7234397,0,1160262,6
54304400,1788528868,2026-09-04T13:34:28Z,20,5336423,0,1051849,7
54304430,1788528871,2026-09-04T13:34:31Z,6,856817,0,0,0
54304460,1788528874,2026-09-04T13:34:34Z,17,3971686,0,1658306,5
54304490,1788528877,2026-09-04T13:34:37Z,21,6227156,0,492587,4
54304520,1788528880,2026-09-04T13:34:40Z,29,7943462,0,1066492,7
54304550,1788528883,2026-09-04T13:34:43Z,33,7599199,0,1615928,13
54304580,1788528886,2026-09-04T13:34:46Z,28,6088151,0,1258004,10
54304610,1788528889,2026-09-04T13:34:49Z,22,5368884,0,1071919,6
54304640,1788528893,2026-09-04T13:34:53Z,8,1864580,0,292277,4
54304670,1788528896,2026-09-04T13:34:56Z,17,5502042,0,90054,2
54304700,1788528899,2026-09-04T13:34:59Z,22,6088652,0,101324,2
54304730,1788528902,2026-09-04T13:35:02Z,28,5113290,0,0,0
54304760,1788528905,2026-09-04T13:35:05Z,25,8376123,0,2720064,11
54304790,1788528908,2026-09-04T13:35:08Z,18,8577082,0,83968,2
54304820,1788528911,2026-09-04T13:35:11Z,16,3973170,0,65145,1
54304850,1788528914,2026-09-04T13:35:14Z,20,5320465,0,326403,5
54304880,1788528917,2026-09-04T13:35:17Z,27,9223001,0,171446,4
54304910,1788528920,2026-09-04T13:35:20Z,16,4887240,0,344823,2
54304940,1788528923,2026-09-04T13:35:23Z,12,2696118,0,72041,2
54304970,1788528926,2026-09-04T13:35:26Z,13,3367828,0,661450,3
54305000,1788528929,2026-09-04T13:35:29Z,21,11881479,0,8361404,8
54305030,1788528932,2026-09-04T13:35:32Z,22,3777480,0,460571,9
54305060,1788528935,2026-09-04T13:35:35Z,18,5660109,0,1356872,4
54305090,1788528939,2026-09-04T13:35:39Z,9,2127414,0,110387,3
54305120,1788528942,2026-09-04T13:35:42Z,22,9269259,0,925696,2
54305150,1788528945,2026-09-04T13:35:45Z,15,2244748,0,811082,11
54305180,1788528948,2026-09-04T13:35:48Z,18,4195567,0,479910,2
54305210,1788528951,2026-09-04T13:35:51Z,19,2600420,0,67291,2
54305240,1788528954,2026-09-04T13:35:54Z,17,5171365,0,381328,4
54305270,1788528957,2026-09-04T13:35:57Z,9,2246791,0,0,0
54305300,1788528960,2026-09-04T13:36:00Z,23,6923582,0,64911,2
54305330,1788528963,2026-09-04T13:36:03Z,29,7067880,0,115735,2
54305360,1788528966,2026-09-04T13:36:06Z,14,2422173,0,668706,7
54305390,1788528969,2026-09-04T13:36:09Z,23,3987402,0,819195,6
54305420,1788528972,2026-09-04T13:36:12Z,52,12110450,0,1306714,5
54305450,1788528975,2026-09-04T13:36:15Z,30,5715728,0,1297053,10
54305480,1788528978,2026-09-04T13:36:18Z,28,8543941,0,1290979,8
54305510,1788528981,2026-09-04T13:36:21Z,18,10819311,0,382712,6
54305540,1788528984,2026-09-04T13:36:24Z,35,6799545,0,871472,12
54305570,1788528987,2026-09-04T13:36:27Z,44,8753045,0,1559880,17
54305600,1788528990,2026-09-04T13:36:30Z,21,4826611,0,792233,7
54305630,1788528993,2026-09-04T13:36:33Z,21,9263948,0,797762,3
54305660,1788528997,2026-09-04T13:36:37Z,15,3765865,0,0,0
54305690,1788529000,2026-09-04T13:36:40Z,15,5287652,0,215879,2
54305720,1788529003,2026-09-04T13:36:43Z,12,3170481,0,0,0
54305750,1788529006,2026-09-04T13:36:46Z,15,5385360,0,44653,1
54305780,1788529009,2026-09-04T13:36:49Z,23,4385538,0,253854,5
54305810,1788529009,2026-09-04T13:36:49Z,0,0,0,0,0
54305840,1788529012,2026-09-04T13:36:52Z,21,8171236,0,355636,3
54305870,1788529015,2026-09-04T13:36:55Z,14,3500165,0,56628,1
54305900,1788529018,2026-09-04T13:36:58Z,27,5906117,0,968872,6
54305930,1788529021,2026-09-04T13:37:01Z,12,4339889,0,153272,2
54305960,1788529025,2026-09-04T13:37:05Z,30,6834859,0,430827,3
54305990,1788529028,2026-09-04T13:37:08Z,12,4222166,0,110323,2
54306020,1788529031,2026-09-04T13:37:11Z,20,4235038,0,461618,3
54306050,1788529034,2026-09-04T13:37:14Z,19,4571860,0,83770,2
54306080,1788529037,2026-09-04T13:37:17Z,13,4207369,0,417805,2
54306110,1788529040,2026-09-04T13:37:20Z,21,4597261,0,230460,3
54306140,1788529043,2026-09-04T13:37:23Z,29,6059072,0,1038170,5
54306170,1788529046,2026-09-04T13:37:26Z,17,4484978,0,283041,4
54306200,1788529049,2026-09-04T13:37:29Z,20,6466641,0,60347,1
54306230,1788529052,2026-09-04T13:37:32Z,20,5973208,0,566325,7
54306260,1788529055,2026-09-04T13:37:35Z,12,3139126,0,66459,1
54306290,1788529058,2026-09-04T13:37:38Z,38,13535904,0,231650,3
54306320,1788529061,2026-09-04T13:37:41Z,32,9488341,0,61298,1
54306350,1788529064,2026-09-04T13:37:44Z,20,7655383,0,1879821,3
54306380,1788529067,2026-09-04T13:37:47Z,17,3763156,0,0,0
54306410,1788529070,2026-09-04T13:37:50Z,43,11969424,0,464795,4
54306440,1788529073,2026-09-04T13:37:53Z,16,4238605,0,0,0
54306470,1788529076,2026-09-04T13:37:56Z,9,2876463,0,0,0
54306500,1788529079,2026-09-04T13:37:59Z,33,6964706,0,568315,4
54306530,1788529082,2026-09-04T13:38:02Z,12,3771433,0,58522,1
54306560,1788529085,2026-09-04T13:38:05Z,22,7961674,0,133797,2
54306590,1788529089,2026-09-04T13:38:09Z,14,3913597,0,59426,1
54306620,1788529092,2026-09-04T13:38:12Z,20,10027137,0,435221,2
54306650,1788529095,2026-09-04T13:38:15Z,23,8873071,0,0,0
54306680,1788529098,2026-09-04T13:38:18Z,15,7784632,0,77828,1
54306710,1788529101,2026-09-04T13:38:21Z,12,2520030,0,0,0
54306740,1788529104,2026-09-04T13:38:24Z,13,6120842,0,0,0
54306770,1788529107,2026-09-04T13:38:27Z,22,5908906,0,338347,5
54306800,1788529110,2026-09-04T13:38:30Z,9,1157660,0,137474,2
54306830,1788529113,2026-09-04T13:38:33Z,16,3456433,0,59463,1
54306860,1788529116,2026-09-04T13:38:36Z,17,7445946,0,37238,1
54306890,1788529119,2026-09-04T13:38:39Z,19,4906763,0,153045,3
54306920,1788529122,2026-09-04T13:38:42Z,13,4149643,0,0,0
54306950,1788529125,2026-09-04T13:38:45Z,16,3513005,0,116602,3
54306980,1788529128,2026-09-04T13:38:48Z,12,1847954,0,0,0
54307010,1788529131,2026-09-04T13:38:51Z,23,5465936,0,651057,1
54307040,1788529134,2026-09-04T13:38:54Z,8,1274614,0,40821,1
54307070,1788529137,2026-09-04T13:38:57Z,16,2531549,0,635956,5
54307100,1788529140,2026-09-04T13:39:00Z,15,4433139,0,422683,1
54307130,1788529143,2026-09-04T13:39:03Z,16,3229355,0,142943,1
54307160,1788529146,2026-09-04T13:39:06Z,23,6560419,0,82728,2
54307190,1788529149,2026-09-04T13:39:09Z,12,3139458,0,0,0
54307220,1788529153,2026-09-04T13:39:13Z,20,5558281,0,933524,2
54307250,1788529156,2026-09-04T13:39:16Z,5,3901814,0,25521,1
54307280,1788529159,2026-09-04T13:39:19Z,24,5148248,0,147800,4
54307310,1788529162,2026-09-04T13:39:22Z,8,3473874,0,76150,1
54307340,1788529165,2026-09-04T13:39:25Z,41,2984080,0,85752,2
54307370,1788529168,2026-09-04T13:39:28Z,19,8310980,0,80303,1
54307400,1788529171,2026-09-04T13:39:31Z,13,1849426,0,402046,4
54307430,1788529174,2026-09-04T13:39:34Z,10,770318,0,0,0
54307460,1788529177,2026-09-04T13:39:37Z,20,5391540,0,253948,5
54307490,1788529180,2026-09-04T13:39:40Z,12,6035314,0,33483,1
54307520,1788529183,2026-09-04T13:39:43Z,32,16998859,0,241327,3
54307550,1788529186,2026-09-04T13:39:46Z,17,5324399,0,160441,2
54307580,1788529189,2026-09-04T13:39:49Z,13,2912660,0,385997,4
54307610,1788529192,2026-09-04T13:39:52Z,9,2402902,0,231750,3
54307640,1788529195,2026-09-04T13:39:55Z,14,3657869,0,1349829,2
54307670,1788529198,2026-09-04T13:39:58Z,11,2304306,0,148637,2
54307700,1788529201,2026-09-04T13:40:01Z,24,6956857,0,289397,3
54307730,1788529204,2026-09-04T13:40:04Z,13,4330028,0,50201,1
54307760,1788529207,2026-09-04T13:40:07Z,10,4555857,0,580588,3
54307790,1788529210,2026-09-04T13:40:10Z,23,9003504,0,3124399,8
54307820,1788529213,2026-09-04T13:40:13Z,17,9825386,0,2804146,3
54307850,1788529217,2026-09-04T13:40:17Z,12,1793470,0,0,0
54307880,1788529220,2026-09-04T13:40:20Z,10,1981723,0,303292,4
54307910,1788529223,2026-09-04T13:40:23Z,27,9418690,0,333760,2
54307940,1788529226,2026-09-04T13:40:26Z,8,2020265,0,270617,3
54307970,1788529229,2026-09-04T13:40:29Z,13,5494050,0,267899,1
54308000,1788529232,2026-09-04T13:40:32Z,18,8741309,0,1850402,2
